comment_id,pair_name,task,mode,method,y_true,prob_raw,prob_calibrated
lbcyx3n,Arthur__vs__llm,stance_intensity,correctness,sigmoid,0,0.95,0.39290978917123964
l9b1r7k,Arthur__vs__llm,stance_intensity,correctness,sigmoid,0,0.8,0.5027367313902149
l9nfu9z,Arthur__vs__llm,stance_intensity,correctness,sigmoid,0,0.95,0.392658019316269
lbhwjs2,Arthur__vs__llm,stance_intensity,correctness,sigmoid,1,0.8,0.49134517010044315
laineeu,Arthur__vs__llm,stance_intensity,correctness,sigmoid,0,0.95,0.3879675592038457
l923179,Arthur__vs__llm,stance_intensity,correctness,sigmoid,0,0.85,0.46082470180747215
lbjwb52,Arthur__vs__llm,stance_intensity,correctness,sigmoid,0,0.95,0.39290978917123964
l9z5iy3,Arthur__vs__llm,stance_intensity,correctness,sigmoid,0,0.95,0.39577653463948365
l7z98qx,Arthur__vs__llm,stance_intensity,correctness,sigmoid,1,0.95,0.39067566219349903
laxa4t8,Arthur__vs__llm,stance_intensity,correctness,sigmoid,0,0.85,0.46082470180747215
l8ba67x,Arthur__vs__llm,stance_intensity,correctness,sigmoid,0,0.95,0.3879675592038457
l9ljx88,Arthur__vs__llm,stance_intensity,correctness,sigmoid,0,0.95,0.39577653463948365
l9rnibl,Arthur__vs__llm,stance_intensity,correctness,sigmoid,0,0.95,0.39577653463948365
l9fjlfi,Arthur__vs__llm,stance_intensity,correctness,sigmoid,0,0.9,0.4249300828155588
lalisq9,Arthur__vs__llm,stance_intensity,correctness,sigmoid,1,0.85,0.462751536153045
la0bxuy,Arthur__vs__llm,stance_intensity,correctness,sigmoid,1,0.8,0.49134517010044315
l9inr0v,Arthur__vs__llm,stance_intensity,correctness,sigmoid,0,0.95,0.39067566219349903
l7yh6qg,Arthur__vs__llm,stance_intensity,correctness,sigmoid,0,0.95,0.39577653463948365
lag7ebe,Arthur__vs__llm,stance_intensity,correctness,sigmoid,0,0.95,0.39067566219349903
l9lwm2m,Arthur__vs__llm,stance_intensity,correctness,sigmoid,0,0.95,0.39067566219349903
l9eq96t,Arthur__vs__llm,stance_intensity,correctness,sigmoid,1,0.8,0.49667553601102205
l8gl5i9,Arthur__vs__llm,stance_intensity,correctness,sigmoid,1,0.95,0.392658019316269
l9ne2u8,Arthur__vs__llm,stance_intensity,correctness,sigmoid,0,0.95,0.39577653463948365
lazn9pa,Arthur__vs__llm,stance_intensity,correctness,sigmoid,1,0.8,0.49667553601102205
lae34w9,Arthur__vs__llm,stance_intensity,correctness,sigmoid,0,0.95,0.3879675592038457
lax2gzs,Arthur__vs__llm,stance_intensity,correctness,sigmoid,0,0.95,0.39290978917123964
l9lnt1s,Arthur__vs__llm,stance_intensity,correctness,sigmoid,0,0.95,0.39577653463948365
lae0vng,Arthur__vs__llm,stance_intensity,correctness,sigmoid,0,0.85,0.462751536153045
l886669,Arthur__vs__llm,stance_intensity,correctness,sigmoid,0,0.9,0.42870917320788715
l9gowa9,Arthur__vs__llm,stance_intensity,correctness,sigmoid,0,0.9,0.4253746354648074
l9aobkr,Arthur__vs__llm,stance_intensity,correctness,sigmoid,0,0.95,0.39290978917123964
l9yl3tw,Arthur__vs__llm,stance_intensity,correctness,sigmoid,0,0.95,0.39577653463948365
l9pj2n8,Arthur__vs__llm,stance_intensity,correctness,sigmoid,1,0.95,0.3879675592038457
l8knznf,Arthur__vs__llm,stance_intensity,correctness,sigmoid,0,0.95,0.39577653463948365
lagmpvf,Arthur__vs__llm,stance_intensity,correctness,sigmoid,0,0.95,0.39290978917123964
l9ls0sc,Arthur__vs__llm,stance_intensity,correctness,sigmoid,1,0.85,0.462751536153045
l8rvj1h,Arthur__vs__llm,stance_intensity,correctness,sigmoid,0,0.95,0.39577653463948365
l86t1mv,Arthur__vs__llm,stance_intensity,correctness,sigmoid,1,0.85,0.4655331745300464
l9rbctp,Arthur__vs__llm,stance_intensity,correctness,sigmoid,0,0.95,0.3879675592038457
lal3dx3,Arthur__vs__llm,stance_intensity,correctness,sigmoid,0,0.95,0.3879675592038457
l88ucpt,Arthur__vs__llm,stance_intensity,correctness,sigmoid,1,0.8,0.49667553601102205
lam50or,Arthur__vs__llm,stance_intensity,correctness,sigmoid,0,0.95,0.392658019316269
l96lqud,Arthur__vs__llm,stance_intensity,correctness,sigmoid,0,0.95,0.392658019316269
l9oapl9,Arthur__vs__llm,stance_intensity,correctness,sigmoid,1,0.95,0.392658019316269
l98ll5k,Arthur__vs__llm,stance_intensity,correctness,sigmoid,1,0.95,0.39067566219349903
l9blfe7,Arthur__vs__llm,stance_intensity,correctness,sigmoid,0,0.95,0.39577653463948365
l9o23yd,Arthur__vs__llm,stance_intensity,correctness,sigmoid,1,0.85,0.462751536153045
l9ok0zv,Arthur__vs__llm,stance_intensity,correctness,sigmoid,1,0.8,0.5010065420933992
l9n3htm,Arthur__vs__llm,stance_intensity,correctness,sigmoid,0,0.95,0.39577653463948365
l91quzy,Arthur__vs__llm,stance_intensity,correctness,sigmoid,0,0.95,0.39067566219349903
l9ugy18,Arthur__vs__llm,stance_intensity,correctness,sigmoid,1,0.85,0.4595857337668697
l9i9acx,Arthur__vs__llm,stance_intensity,correctness,sigmoid,0,0.95,0.39290978917123964
l91eqfs,Arthur__vs__llm,stance_intensity,correctness,sigmoid,1,0.95,0.3879675592038457
l929z0f,Arthur__vs__llm,stance_intensity,correctness,sigmoid,0,0.95,0.3879675592038457
l9wqlfk,Arthur__vs__llm,stance_intensity,correctness,sigmoid,1,0.95,0.39067566219349903
l9ud3dv,Arthur__vs__llm,stance_intensity,correctness,sigmoid,0,0.95,0.3879675592038457
la4xvvf,Arthur__vs__llm,stance_intensity,correctness,sigmoid,1,0.85,0.4595857337668697
l958g2o,Arthur__vs__llm,stance_intensity,correctness,sigmoid,1,0.9,0.42870917320788715
l9nj4dq,Arthur__vs__llm,stance_intensity,correctness,sigmoid,0,0.95,0.39067566219349903
labtd52,Arthur__vs__llm,stance_intensity,correctness,sigmoid,1,0.85,0.4595857337668697
l9r5y4i,Arthur__vs__llm,stance_intensity,correctness,sigmoid,0,0.95,0.39577653463948365
l9j37bz,Arthur__vs__llm,stance_intensity,correctness,sigmoid,0,0.95,0.39577653463948365
l7zd8sv,Arthur__vs__llm,stance_intensity,correctness,sigmoid,0,0.95,0.39067566219349903
la4o8tp,Arthur__vs__llm,stance_intensity,correctness,sigmoid,1,0.9,0.4271218190294305
l9z7iji,Arthur__vs__llm,stance_intensity,correctness,sigmoid,1,0.8,0.493633576030898
l9mo64d,Arthur__vs__llm,stance_intensity,correctness,sigmoid,1,0.85,0.46082470180747215
lbbacwk,Arthur__vs__llm,stance_intensity,correctness,sigmoid,0,0.95,0.392658019316269
l852mv7,Arthur__vs__llm,stance_intensity,correctness,sigmoid,0,0.85,0.4655331745300464
lbc8weg,Arthur__vs__llm,stance_intensity,correctness,sigmoid,0,0.95,0.3879675592038457
l9enz5u,Arthur__vs__llm,stance_intensity,correctness,sigmoid,0,0.85,0.46082470180747215
la88e0d,Arthur__vs__llm,stance_intensity,correctness,sigmoid,1,0.95,0.39067566219349903
lb4f62l,Arthur__vs__llm,stance_intensity,correctness,sigmoid,0,0.95,0.392658019316269
l8cc35d,Arthur__vs__llm,stance_intensity,correctness,sigmoid,0,0.95,0.392658019316269
l8s749m,Arthur__vs__llm,stance_intensity,correctness,sigmoid,0,0.9,0.4249300828155588
l9l6lq8,Arthur__vs__llm,stance_intensity,correctness,sigmoid,1,0.95,0.3879675592038457
laeesl4,Arthur__vs__llm,stance_intensity,correctness,sigmoid,0,0.95,0.39290978917123964
lagn373,Arthur__vs__llm,stance_intensity,correctness,sigmoid,1,0.95,0.3879675592038457
la5g88p,Arthur__vs__llm,stance_intensity,correctness,sigmoid,0,0.95,0.39290978917123964
l921g4w,Arthur__vs__llm,stance_intensity,correctness,sigmoid,0,0.95,0.39067566219349903
lb0x5j6,Arthur__vs__llm,stance_intensity,correctness,sigmoid,0,0.95,0.392658019316269
l9mo5vr,Arthur__vs__llm,stance_intensity,correctness,sigmoid,0,0.95,0.3879675592038457
l99jy55,Arthur__vs__llm,stance_intensity,correctness,sigmoid,0,0.9,0.4259110254704205
laiyyxz,Arthur__vs__llm,stance_intensity,correctness,sigmoid,0,0.95,0.39577653463948365
l9iz6ys,Arthur__vs__llm,stance_intensity,correctness,sigmoid,1,0.95,0.39067566219349903
laocd8d,Arthur__vs__llm,stance_intensity,correctness,sigmoid,1,0.85,0.46082470180747215
laduen4,Arthur__vs__llm,stance_intensity,correctness,sigmoid,1,0.85,0.45906351164021153
l8qfoy3,Arthur__vs__llm,stance_intensity,correctness,sigmoid,0,0.95,0.3879675592038457
l9cdn11,Arthur__vs__llm,stance_intensity,correctness,sigmoid,0,0.95,0.39290978917123964
lbm6akp,Arthur__vs__llm,stance_intensity,correctness,sigmoid,0,0.95,0.39067566219349903
lackr2s,Arthur__vs__llm,stance_intensity,correctness,sigmoid,0,0.95,0.39290978917123964
l9lzpbk,Arthur__vs__llm,stance_intensity,correctness,sigmoid,1,0.9,0.4253746354648074
l89s229,Arthur__vs__llm,stance_intensity,correctness,sigmoid,1,0.85,0.45906351164021153
l9lhgmk,Arthur__vs__llm,stance_intensity,correctness,sigmoid,0,0.95,0.39067566219349903
l87q6d4,Arthur__vs__llm,stance_intensity,correctness,sigmoid,0,0.95,0.39290978917123964
l99k57x,Arthur__vs__llm,stance_intensity,correctness,sigmoid,0,0.95,0.392658019316269
lbipeiw,Arthur__vs__llm,stance_intensity,correctness,sigmoid,0,0.95,0.392658019316269
ladoc4w,Arthur__vs__llm,stance_intensity,correctness,sigmoid,1,0.95,0.3879675592038457
la035bq,Arthur__vs__llm,stance_intensity,correctness,sigmoid,0,0.8,0.5027367313902149
l9kooj0,Arthur__vs__llm,stance_intensity,correctness,sigmoid,1,0.85,0.46082470180747215
l9n6d1s,Arthur__vs__llm,stance_intensity,correctness,sigmoid,1,0.8,0.493633576030898
la2y5mq,Arthur__vs__llm,stance_intensity,correctness,sigmoid,0,0.95,0.39290978917123964
ladvrj9,Arthur__vs__llm,stance_intensity,correctness,sigmoid,1,0.8,0.5027367313902149
lagdq9c,Arthur__vs__llm,stance_intensity,correctness,sigmoid,1,0.85,0.4655331745300464
l9mjovr,Arthur__vs__llm,stance_intensity,correctness,sigmoid,0,0.95,0.39577653463948365
l9nsxmj,Arthur__vs__llm,stance_intensity,correctness,sigmoid,1,0.85,0.4595857337668697
lb04ydk,Arthur__vs__llm,stance_intensity,correctness,sigmoid,0,0.95,0.39067566219349903
lam9gor,Arthur__vs__llm,stance_intensity,correctness,sigmoid,1,0.95,0.3879675592038457
l9l6or5,Arthur__vs__llm,stance_intensity,correctness,sigmoid,0,0.85,0.4595857337668697
laz2tx3,Arthur__vs__llm,stance_intensity,correctness,sigmoid,0,0.8,0.5010065420933992
l95b4im,Arthur__vs__llm,stance_intensity,correctness,sigmoid,0,0.95,0.39577653463948365
l8y5s8g,Arthur__vs__llm,stance_intensity,correctness,sigmoid,0,0.95,0.3879675592038457
laggm72,Arthur__vs__llm,stance_intensity,correctness,sigmoid,0,0.85,0.46082470180747215
l8y3oft,Arthur__vs__llm,stance_intensity,correctness,sigmoid,1,0.85,0.4595857337668697
l815359,Arthur__vs__llm,stance_intensity,correctness,sigmoid,0,0.95,0.39577653463948365
l8cymda,Arthur__vs__llm,stance_intensity,correctness,sigmoid,1,0.85,0.4595857337668697
lbmadit,Arthur__vs__llm,stance_intensity,correctness,sigmoid,1,0.8,0.5027367313902149
l9jj223,Arthur__vs__llm,stance_intensity,correctness,sigmoid,0,0.95,0.39290978917123964
lbnrkxv,Arthur__vs__llm,stance_intensity,correctness,sigmoid,0,0.95,0.39290978917123964
l9ra8bu,Arthur__vs__llm,stance_intensity,correctness,sigmoid,0,0.95,0.392658019316269
l8bst7l,Arthur__vs__llm,stance_intensity,correctness,sigmoid,0,1.0,0.35704842961566624
l9j1tr2,Arthur__vs__llm,stance_intensity,correctness,sigmoid,0,0.8,0.493633576030898
l9mi4kc,Arthur__vs__llm,stance_intensity,correctness,sigmoid,1,0.85,0.462751536153045
lahlnqd,Arthur__vs__llm,stance_intensity,correctness,sigmoid,1,0.95,0.392658019316269
ladhuar,Arthur__vs__llm,stance_intensity,correctness,sigmoid,1,0.8,0.49134517010044315
l99m6yn,Arthur__vs__llm,stance_intensity,correctness,sigmoid,0,0.95,0.39290978917123964
l94my7l,Arthur__vs__llm,stance_intensity,correctness,sigmoid,1,0.8,0.5027367313902149
lado83d,Arthur__vs__llm,stance_intensity,correctness,sigmoid,1,0.8,0.5010065420933992
l97u9q3,Arthur__vs__llm,stance_intensity,correctness,sigmoid,1,0.95,0.39290978917123964
l9p7a2l,Arthur__vs__llm,stance_intensity,correctness,sigmoid,1,0.85,0.4595857337668697
la87lox,Arthur__vs__llm,stance_intensity,correctness,sigmoid,0,0.95,0.392658019316269
lbg0fzq,Arthur__vs__llm,stance_intensity,correctness,sigmoid,1,0.85,0.45906351164021153
l9m6q26,Arthur__vs__llm,stance_intensity,correctness,sigmoid,0,0.95,0.39577653463948365
lbc9ztp,Arthur__vs__llm,stance_intensity,correctness,sigmoid,1,0.8,0.49667553601102205
l9dxpci,Arthur__vs__llm,stance_intensity,correctness,sigmoid,1,0.85,0.4655331745300464
lavm74r,Arthur__vs__llm,stance_intensity,correctness,sigmoid,1,0.85,0.4595857337668697
lafv6th,Arthur__vs__llm,stance_intensity,correctness,sigmoid,0,0.95,0.39577653463948365
lbgmc1v,Arthur__vs__llm,stance_intensity,correctness,sigmoid,0,0.85,0.46082470180747215
lbgupf7,Arthur__vs__llm,stance_intensity,correctness,sigmoid,0,0.95,0.39067566219349903
lal0e50,Arthur__vs__llm,stance_intensity,correctness,sigmoid,1,0.95,0.39290978917123964
laiabc5,Arthur__vs__llm,stance_intensity,correctness,sigmoid,0,0.8,0.493633576030898
l9sraag,Arthur__vs__llm,stance_intensity,correctness,sigmoid,0,0.8,0.5010065420933992
lbc9ybp,Arthur__vs__llm,stance_intensity,correctness,sigmoid,1,0.85,0.4595857337668697
l82o91p,Arthur__vs__llm,stance_intensity,correctness,sigmoid,0,0.95,0.392658019316269
l9kj0w5,Arthur__vs__llm,stance_intensity,correctness,sigmoid,1,0.95,0.39577653463948365
l9xpw08,Arthur__vs__llm,stance_intensity,correctness,sigmoid,1,0.85,0.45906351164021153
l85qgnp,Arthur__vs__llm,stance_intensity,correctness,sigmoid,0,0.95,0.39067566219349903
lb4eg7g,Arthur__vs__llm,stance_intensity,correctness,sigmoid,1,0.85,0.46082470180747215
la8zggn,Arthur__vs__llm,stance_intensity,correctness,sigmoid,1,0.95,0.39577653463948365
lb7hb5m,Arthur__vs__llm,stance_intensity,correctness,sigmoid,0,0.95,0.39577653463948365
l9hw9kq,Arthur__vs__llm,stance_intensity,correctness,sigmoid,0,0.95,0.392658019316269
l9pobdn,Arthur__vs__llm,stance_intensity,correctness,sigmoid,0,0.95,0.3879675592038457
l8aceqo,Arthur__vs__llm,stance_intensity,correctness,sigmoid,1,0.85,0.45906351164021153
lbm8q3d,Arthur__vs__llm,stance_intensity,correctness,sigmoid,0,0.95,0.39290978917123964
lb5jfj3,Arthur__vs__llm,stance_intensity,correctness,sigmoid,0,0.95,0.392658019316269
la3zobt,Arthur__vs__llm,stance_intensity,correctness,sigmoid,1,0.85,0.4595857337668697
lbc93br,Arthur__vs__llm,stance_intensity,correctness,sigmoid,0,0.9,0.42870917320788715
l84ewxa,Arthur__vs__llm,stance_intensity,correctness,sigmoid,1,0.85,0.45906351164021153
l95jgxs,Arthur__vs__llm,stance_intensity,correctness,sigmoid,1,0.85,0.4655331745300464
laf3322,Arthur__vs__llm,stance_intensity,correctness,sigmoid,0,0.8,0.49667553601102205
lbmgukc,Arthur__vs__llm,stance_intensity,correctness,sigmoid,0,0.95,0.39067566219349903
l9s2edv,Arthur__vs__llm,stance_intensity,correctness,sigmoid,0,0.95,0.392658019316269
l98scdm,Arthur__vs__llm,stance_intensity,correctness,sigmoid,0,0.95,0.392658019316269
l9co9nz,Arthur__vs__llm,stance_intensity,correctness,sigmoid,0,0.95,0.39290978917123964
lbcjpc9,Arthur__vs__llm,stance_intensity,correctness,sigmoid,1,0.8,0.49134517010044315
l7zkr3u,Arthur__vs__llm,stance_intensity,correctness,sigmoid,1,0.8,0.493633576030898
l9pxej9,Arthur__vs__llm,stance_intensity,correctness,sigmoid,1,0.95,0.39290978917123964
lbmiyxc,Arthur__vs__llm,stance_intensity,correctness,sigmoid,1,0.85,0.4595857337668697
lbdptwc,Arthur__vs__llm,stance_intensity,correctness,sigmoid,1,0.8,0.5027367313902149
lagsru7,Arthur__vs__llm,stance_intensity,correctness,sigmoid,0,0.95,0.392658019316269
l9lqko7,Arthur__vs__llm,stance_intensity,correctness,sigmoid,0,0.95,0.392658019316269
l94qfeu,Arthur__vs__llm,stance_intensity,correctness,sigmoid,0,0.95,0.3879675592038457
lb4ffvc,Arthur__vs__llm,stance_intensity,correctness,sigmoid,1,0.85,0.4595857337668697
lb7hlw8,Arthur__vs__llm,stance_intensity,correctness,sigmoid,1,0.85,0.462751536153045
l9o4m6t,Arthur__vs__llm,stance_intensity,correctness,sigmoid,0,0.95,0.3879675592038457
ladjia1,Arthur__vs__llm,stance_intensity,correctness,sigmoid,1,0.8,0.5027367313902149
l8j4faa,Arthur__vs__llm,stance_intensity,correctness,sigmoid,0,0.8,0.493633576030898
l9nldea,Arthur__vs__llm,stance_intensity,correctness,sigmoid,1,0.85,0.46082470180747215
l7whu3g,Arthur__vs__llm,stance_intensity,correctness,sigmoid,1,0.95,0.3879675592038457
lb3u7cv,Arthur__vs__llm,stance_intensity,correctness,sigmoid,0,1.0,0.3522508046579962
l8sd704,Arthur__vs__llm,stance_intensity,correctness,sigmoid,0,0.8,0.5027367313902149
l9n2v2x,Arthur__vs__llm,stance_intensity,correctness,sigmoid,1,0.85,0.4655331745300464
l9i8eyp,Arthur__vs__llm,stance_intensity,correctness,sigmoid,1,0.95,0.392658019316269
la7zmvh,Arthur__vs__llm,stance_intensity,correctness,sigmoid,1,0.8,0.493633576030898
lb7t9ln,Arthur__vs__llm,stance_intensity,correctness,sigmoid,0,0.9,0.4271218190294305
lag2u2u,Arthur__vs__llm,stance_intensity,correctness,sigmoid,1,0.95,0.39067566219349903
lbgx156,Arthur__vs__llm,stance_intensity,correctness,sigmoid,1,0.95,0.3879675592038457
l9mnxjh,Arthur__vs__llm,stance_intensity,correctness,sigmoid,0,0.95,0.39290978917123964
l9rlvrr,Arthur__vs__llm,stance_intensity,correctness,sigmoid,1,0.95,0.39577653463948365
lblwjs6,Arthur__vs__llm,stance_intensity,correctness,sigmoid,0,0.95,0.3879675592038457
l9gucuu,Arthur__vs__llm,stance_intensity,correctness,sigmoid,0,0.95,0.39067566219349903
l90fwdz,Arthur__vs__llm,stance_intensity,correctness,sigmoid,0,0.95,0.392658019316269
l9ey7ss,Arthur__vs__llm,stance_intensity,correctness,sigmoid,0,0.8,0.49667553601102205
l9x07o6,Arthur__vs__llm,stance_intensity,correctness,sigmoid,1,0.85,0.4595857337668697
l9yrplw,Arthur__vs__llm,stance_intensity,correctness,sigmoid,1,0.95,0.3879675592038457
lb7jzoh,Arthur__vs__llm,stance_intensity,correctness,sigmoid,1,0.95,0.39577653463948365
l9j2dld,Arthur__vs__llm,stance_intensity,correctness,sigmoid,1,0.85,0.462751536153045
lbcdaqm,Arthur__vs__llm,stance_intensity,correctness,sigmoid,1,0.95,0.39290978917123964
lac3nf6,Arthur__vs__llm,stance_intensity,correctness,sigmoid,0,0.8,0.5010065420933992
l9h1o8g,Arthur__vs__llm,stance_intensity,correctness,sigmoid,1,0.95,0.39067566219349903
lbhwgd2,Arthur__vs__llm,stance_intensity,correctness,sigmoid,0,0.95,0.39577653463948365
lakztne,Arthur__vs__llm,stance_intensity,correctness,sigmoid,0,0.95,0.3879675592038457
lakk0oc,Arthur__vs__llm,stance_intensity,correctness,sigmoid,1,0.95,0.392658019316269
lauxvzo,Arthur__vs__llm,stance_intensity,correctness,sigmoid,0,0.95,0.39577653463948365
l8bjje6,Arthur__vs__llm,stance_intensity,correctness,sigmoid,0,0.95,0.39577653463948365
l9j2hie,Arthur__vs__llm,stance_intensity,correctness,sigmoid,0,0.95,0.3879675592038457
l98am7e,Arthur__vs__llm,stance_intensity,correctness,sigmoid,0,0.95,0.392658019316269
l8byf87,Arthur__vs__llm,stance_intensity,correctness,sigmoid,1,0.9,0.42870917320788715
l93g2gp,Arthur__vs__llm,stance_intensity,correctness,sigmoid,0,0.95,0.392658019316269
l925p2k,Arthur__vs__llm,stance_intensity,correctness,sigmoid,0,0.9,0.4259110254704205
lb7d5nn,Arthur__vs__llm,stance_intensity,correctness,sigmoid,0,0.9,0.4249300828155588
l8xu7ix,Arthur__vs__llm,stance_intensity,correctness,sigmoid,0,0.95,0.3879675592038457
l9m36ns,Arthur__vs__llm,stance_intensity,correctness,sigmoid,1,0.85,0.4595857337668697
lamdwg3,Arthur__vs__llm,stance_intensity,correctness,sigmoid,0,0.95,0.39067566219349903
lbnqk66,Arthur__vs__llm,stance_intensity,correctness,sigmoid,0,0.95,0.392658019316269
l92ev0i,Arthur__vs__llm,stance_intensity,correctness,sigmoid,1,0.8,0.49667553601102205
l9kzp7k,Arthur__vs__llm,stance_intensity,correctness,sigmoid,1,0.85,0.45906351164021153
ladusqz,Arthur__vs__llm,stance_intensity,correctness,sigmoid,1,0.8,0.493633576030898
l85iaai,Arthur__vs__llm,stance_intensity,correctness,sigmoid,1,0.95,0.39290978917123964
larzixe,Arthur__vs__llm,stance_intensity,correctness,sigmoid,0,0.85,0.4655331745300464
lakr4r0,Arthur__vs__llm,stance_intensity,correctness,sigmoid,0,0.9,0.4249300828155588
la3fh2d,Arthur__vs__llm,stance_intensity,correctness,sigmoid,0,0.95,0.3879675592038457
laackev,Arthur__vs__llm,stance_intensity,correctness,sigmoid,0,0.95,0.39577653463948365
lbl8edv,Arthur__vs__llm,stance_intensity,correctness,sigmoid,0,0.95,0.392658019316269
l8alzsf,Arthur__vs__llm,stance_intensity,correctness,sigmoid,0,0.95,0.39067566219349903
l97ffzg,Arthur__vs__llm,stance_intensity,correctness,sigmoid,1,0.85,0.46082470180747215
laejxyi,Arthur__vs__llm,stance_intensity,correctness,sigmoid,1,0.95,0.39577653463948365
l9mb2io,Arthur__vs__llm,stance_intensity,correctness,sigmoid,0,0.95,0.39577653463948365
l9zoaz9,Arthur__vs__llm,stance_intensity,correctness,sigmoid,0,0.95,0.39290978917123964
laddsag,Arthur__vs__llm,stance_intensity,correctness,sigmoid,1,0.85,0.45906351164021153
l9pkzi5,Arthur__vs__llm,stance_intensity,correctness,sigmoid,0,0.95,0.3879675592038457
l9lo63k,Arthur__vs__llm,stance_intensity,correctness,sigmoid,1,0.8,0.49667553601102205
l9ithe4,Arthur__vs__llm,stance_intensity,correctness,sigmoid,0,0.95,0.39577653463948365
lbirrmt,Arthur__vs__llm,stance_intensity,correctness,sigmoid,1,0.95,0.392658019316269
l9etsuw,Arthur__vs__llm,stance_intensity,correctness,sigmoid,0,0.85,0.462751536153045
l7zqqv1,Arthur__vs__llm,stance_intensity,correctness,sigmoid,0,0.95,0.392658019316269
l968z7u,Arthur__vs__llm,stance_intensity,correctness,sigmoid,1,0.95,0.39067566219349903
lata8x6,Arthur__vs__llm,stance_intensity,correctness,sigmoid,1,0.8,0.493633576030898
lawus8i,Arthur__vs__llm,stance_intensity,correctness,sigmoid,1,0.95,0.3879675592038457
l947md5,Arthur__vs__llm,stance_intensity,correctness,sigmoid,0,0.95,0.39290978917123964
l8mxn3x,Arthur__vs__llm,stance_intensity,correctness,sigmoid,0,0.95,0.39577653463948365
l9mm30r,Arthur__vs__llm,stance_intensity,correctness,sigmoid,0,0.9,0.4249300828155588
l8r27kz,Arthur__vs__llm,stance_intensity,correctness,sigmoid,1,0.95,0.392658019316269
lbkj34u,Arthur__vs__llm,stance_intensity,correctness,sigmoid,1,0.95,0.3879675592038457
l8xhaay,Arthur__vs__llm,stance_intensity,correctness,sigmoid,0,0.95,0.39067566219349903
l9k6wsu,Arthur__vs__llm,stance_intensity,correctness,sigmoid,0,1.0,0.3522508046579962
l9z6228,Arthur__vs__llm,stance_intensity,correctness,sigmoid,0,0.95,0.39067566219349903
lb4d0t7,Arthur__vs__llm,stance_intensity,correctness,sigmoid,0,0.9,0.4271218190294305
ladhiz5,Arthur__vs__llm,stance_intensity,correctness,sigmoid,1,0.85,0.4655331745300464
l9oq9jh,Arthur__vs__llm,stance_intensity,correctness,sigmoid,1,0.85,0.45906351164021153
lbdqz6b,Arthur__vs__llm,stance_intensity,correctness,sigmoid,0,0.95,0.39577653463948365
l9g4laq,Arthur__vs__llm,stance_intensity,correctness,sigmoid,0,0.95,0.392658019316269
l9lwe7h,Arthur__vs__llm,stance_intensity,correctness,sigmoid,0,0.95,0.392658019316269
lb3e2s4,Arthur__vs__llm,stance_intensity,correctness,sigmoid,1,0.85,0.45906351164021153
la6lya2,Arthur__vs__llm,stance_intensity,correctness,sigmoid,0,0.95,0.39290978917123964
ladopo7,Arthur__vs__llm,stance_intensity,correctness,sigmoid,0,0.95,0.39290978917123964
l97xyqg,Arthur__vs__llm,stance_intensity,correctness,sigmoid,0,0.95,0.39290978917123964
l9t64uy,Arthur__vs__llm,stance_intensity,correctness,sigmoid,1,0.95,0.39067566219349903
la8p1yt,Arthur__vs__llm,stance_intensity,correctness,sigmoid,1,0.85,0.4655331745300464
l9n9txg,Arthur__vs__llm,stance_intensity,correctness,sigmoid,0,0.95,0.39067566219349903
l9p95z5,Arthur__vs__llm,stance_intensity,correctness,sigmoid,1,0.95,0.39577653463948365
l89b3id,Arthur__vs__llm,stance_intensity,correctness,sigmoid,1,0.85,0.46082470180747215
laxl99q,Arthur__vs__llm,stance_intensity,correctness,sigmoid,0,0.95,0.39067566219349903
la31xp1,Arthur__vs__llm,stance_intensity,correctness,sigmoid,1,0.95,0.392658019316269
la6gvel,Arthur__vs__llm,stance_intensity,correctness,sigmoid,1,0.95,0.39290978917123964
lbk23vy,Arthur__vs__llm,stance_intensity,correctness,sigmoid,0,0.95,0.39290978917123964
l9pdksg,Arthur__vs__llm,stance_intensity,correctness,sigmoid,1,0.8,0.49667553601102205
lax3tkk,Arthur__vs__llm,stance_intensity,correctness,sigmoid,0,0.95,0.392658019316269
l9kniso,Arthur__vs__llm,stance_intensity,correctness,sigmoid,0,0.95,0.392658019316269
l8qg3ev,Arthur__vs__llm,stance_intensity,correctness,sigmoid,1,0.85,0.4655331745300464
l8xvus5,Arthur__vs__llm,stance_intensity,correctness,sigmoid,0,0.95,0.39577653463948365
lbg26yh,Arthur__vs__llm,stance_intensity,correctness,sigmoid,0,0.85,0.46082470180747215
l8rzo0j,Arthur__vs__llm,stance_intensity,correctness,sigmoid,1,0.8,0.5027367313902149
l8awua9,Arthur__vs__llm,stance_intensity,correctness,sigmoid,1,0.95,0.3879675592038457
l99lagq,Arthur__vs__llm,stance_intensity,correctness,sigmoid,0,0.9,0.4249300828155588
l8qheky,Arthur__vs__llm,stance_intensity,correctness,sigmoid,0,0.95,0.392658019316269
l90lqvy,Arthur__vs__llm,stance_intensity,correctness,sigmoid,0,0.95,0.39577653463948365
l86v1rq,Arthur__vs__llm,stance_intensity,correctness,sigmoid,1,0.95,0.39577653463948365
l9narp9,Arthur__vs__llm,stance_intensity,correctness,sigmoid,0,0.95,0.39067566219349903
lakv7lf,Arthur__vs__llm,stance_intensity,correctness,sigmoid,1,0.85,0.462751536153045
l9wcq11,Arthur__vs__llm,stance_intensity,correctness,sigmoid,1,0.85,0.45906351164021153
l9fhq5a,Arthur__vs__llm,stance_intensity,correctness,sigmoid,1,0.95,0.392658019316269
lb7n7qo,Arthur__vs__llm,stance_intensity,correctness,sigmoid,1,0.95,0.39577653463948365
lbhxkkz,Arthur__vs__llm,stance_intensity,correctness,sigmoid,0,0.8,0.5010065420933992
l91x79i,Arthur__vs__llm,stance_intensity,correctness,sigmoid,0,0.95,0.39067566219349903
lb8ivrh,Arthur__vs__llm,stance_intensity,correctness,sigmoid,1,0.8,0.5010065420933992
lbihzb7,Arthur__vs__llm,stance_intensity,correctness,sigmoid,1,0.8,0.49134517010044315
larwml3,Arthur__vs__llm,stance_intensity,correctness,sigmoid,0,0.95,0.39067566219349903
l9g5enb,Arthur__vs__llm,stance_intensity,correctness,sigmoid,0,0.95,0.39577653463948365
l9ne5iw,Arthur__vs__llm,stance_intensity,correctness,sigmoid,1,0.95,0.3879675592038457
l8nw2ts,Arthur__vs__llm,stance_intensity,correctness,sigmoid,1,0.95,0.392658019316269
lbg8gqk,Arthur__vs__llm,stance_intensity,correctness,sigmoid,0,0.9,0.4271218190294305
la63dhs,Arthur__vs__llm,stance_intensity,correctness,sigmoid,0,0.8,0.493633576030898
l9o31o8,Arthur__vs__llm,stance_intensity,correctness,sigmoid,1,0.95,0.392658019316269
la3bcqj,Arthur__vs__llm,stance_intensity,correctness,sigmoid,0,0.95,0.39577653463948365
lbjqq6a,Arthur__vs__llm,stance_intensity,correctness,sigmoid,1,0.85,0.462751536153045
l9pet9y,Arthur__vs__llm,stance_intensity,correctness,sigmoid,0,0.95,0.39067566219349903
l9yw8ul,Arthur__vs__llm,stance_intensity,correctness,sigmoid,1,0.9,0.4259110254704205
l94psqu,Arthur__vs__llm,stance_intensity,correctness,sigmoid,1,0.85,0.45906351164021153
lao89vd,Arthur__vs__llm,stance_intensity,correctness,sigmoid,1,0.9,0.4253746354648074
lb4eob2,Arthur__vs__llm,stance_intensity,correctness,sigmoid,0,0.95,0.39067566219349903
l8hg49w,Arthur__vs__llm,stance_intensity,correctness,sigmoid,1,0.85,0.45906351164021153
lb4e4lq,Arthur__vs__llm,stance_intensity,correctness,sigmoid,0,0.95,0.39577653463948365
lalrik8,Arthur__vs__llm,stance_intensity,correctness,sigmoid,1,0.8,0.5010065420933992
l8kvpnt,Arthur__vs__llm,stance_intensity,correctness,sigmoid,0,0.8,0.49134517010044315
lae63qs,Arthur__vs__llm,stance_intensity,correctness,sigmoid,1,0.85,0.462751536153045
l8l72hd,Arthur__vs__llm,stance_intensity,correctness,sigmoid,1,0.85,0.4655331745300464
l8aosij,Arthur__vs__llm,stance_intensity,correctness,sigmoid,1,0.85,0.462751536153045
la8jqoe,Arthur__vs__llm,stance_intensity,correctness,sigmoid,0,0.95,0.39290978917123964
l9uheza,Arthur__vs__llm,stance_intensity,correctness,sigmoid,0,0.95,0.392658019316269
lb8c54w,Arthur__vs__llm,stance_intensity,correctness,sigmoid,1,0.95,0.39290978917123964
la70o2m,Arthur__vs__llm,stance_intensity,correctness,sigmoid,0,0.95,0.39577653463948365
lbix7mc,Arthur__vs__llm,stance_intensity,correctness,sigmoid,0,0.95,0.3879675592038457
l9gzvi5,Arthur__vs__llm,stance_intensity,correctness,sigmoid,1,0.85,0.46082470180747215
lawpxc2,Arthur__vs__llm,stance_intensity,correctness,sigmoid,0,0.95,0.39067566219349903
lae4urb,Arthur__vs__llm,stance_intensity,correctness,sigmoid,0,0.95,0.3879675592038457
lbhtco2,Arthur__vs__llm,stance_intensity,correctness,sigmoid,0,0.8,0.5027367313902149
la1cgq1,Arthur__vs__llm,stance_intensity,correctness,sigmoid,0,0.95,0.3879675592038457
la9w5ur,Arthur__vs__llm,stance_intensity,correctness,sigmoid,1,0.95,0.3879675592038457
l9mynwi,Arthur__vs__llm,stance_intensity,correctness,sigmoid,0,0.95,0.39067566219349903
lb047lv,Arthur__vs__llm,stance_intensity,correctness,sigmoid,1,0.8,0.5010065420933992
lag1dto,Arthur__vs__llm,stance_intensity,correctness,sigmoid,0,0.9,0.42870917320788715
l8lrpme,Arthur__vs__llm,stance_intensity,correctness,sigmoid,1,0.8,0.5010065420933992
l9q15pl,Arthur__vs__llm,stance_intensity,correctness,sigmoid,0,0.95,0.39577653463948365
lac445k,Arthur__vs__llm,stance_intensity,correctness,sigmoid,1,0.85,0.4595857337668697
l9t6dk7,Arthur__vs__llm,stance_intensity,correctness,sigmoid,1,0.85,0.4655331745300464
l7x3qxm,Arthur__vs__llm,stance_intensity,correctness,sigmoid,1,0.95,0.39577653463948365
l89mf4q,Arthur__vs__llm,stance_intensity,correctness,sigmoid,0,0.85,0.462751536153045
lbl2mxj,Arthur__vs__llm,stance_intensity,correctness,sigmoid,0,0.95,0.3879675592038457
l8b0jjc,Arthur__vs__llm,stance_intensity,correctness,sigmoid,0,0.95,0.3879675592038457
l8mwxqc,Arthur__vs__llm,stance_intensity,correctness,sigmoid,0,0.95,0.39290978917123964
l9p5x5n,Arthur__vs__llm,stance_intensity,correctness,sigmoid,0,0.95,0.39290978917123964
l7wbd3w,Arthur__vs__llm,stance_intensity,correctness,sigmoid,1,0.8,0.49667553601102205
l8a48iz,Arthur__vs__llm,stance_intensity,correctness,sigmoid,0,0.95,0.39290978917123964
l8s0n8l,Arthur__vs__llm,stance_intensity,correctness,sigmoid,0,0.95,0.39290978917123964
l8l6enl,Arthur__vs__llm,stance_intensity,correctness,sigmoid,0,0.95,0.39577653463948365
laf27da,Arthur__vs__llm,stance_intensity,correctness,sigmoid,0,0.9,0.4259110254704205
l9n2a6w,Arthur__vs__llm,stance_intensity,correctness,sigmoid,1,0.85,0.4595857337668697
l7z95u8,Arthur__vs__llm,stance_intensity,correctness,sigmoid,0,0.95,0.39067566219349903
lbnqeon,Arthur__vs__llm,stance_intensity,correctness,sigmoid,1,0.8,0.49134517010044315
l91o73m,Arthur__vs__llm,stance_intensity,correctness,sigmoid,0,0.95,0.392658019316269
l7whtys,Arthur__vs__llm,stance_intensity,correctness,sigmoid,1,0.8,0.49667553601102205
lbikhto,Arthur__vs__llm,stance_intensity,correctness,sigmoid,0,0.95,0.39067566219349903
l9yt1eq,Arthur__vs__llm,stance_intensity,correctness,sigmoid,0,0.9,0.4271218190294305
ladkivx,Arthur__vs__llm,stance_intensity,correctness,sigmoid,1,0.95,0.39067566219349903
l87xcd4,Arthur__vs__llm,stance_intensity,correctness,sigmoid,1,0.95,0.39067566219349903
la6oicy,Arthur__vs__llm,stance_intensity,correctness,sigmoid,0,0.95,0.39290978917123964
l85xyvb,Arthur__vs__llm,stance_intensity,correctness,sigmoid,0,0.8,0.5027367313902149
lblsr0b,Arthur__vs__llm,stance_intensity,correctness,sigmoid,0,0.95,0.39290978917123964
l94vp8y,Arthur__vs__llm,stance_intensity,correctness,sigmoid,0,0.85,0.46082470180747215
lb7wfmu,Arthur__vs__llm,stance_intensity,correctness,sigmoid,0,0.8,0.493633576030898
lbcyx3n,Arthur__vs__llm,stance_intensity,correctness,isotonic,0,0.95,0.42142857142857143
l9b1r7k,Arthur__vs__llm,stance_intensity,correctness,isotonic,0,0.8,0.425
l9nfu9z,Arthur__vs__llm,stance_intensity,correctness,isotonic,0,0.95,0.425
lbhwjs2,Arthur__vs__llm,stance_intensity,correctness,isotonic,1,0.8,0.425
laineeu,Arthur__vs__llm,stance_intensity,correctness,isotonic,0,0.95,0.42142857142857143
l923179,Arthur__vs__llm,stance_intensity,correctness,isotonic,0,0.85,0.42142857142857143
lbjwb52,Arthur__vs__llm,stance_intensity,correctness,isotonic,0,0.95,0.42142857142857143
l9z5iy3,Arthur__vs__llm,stance_intensity,correctness,isotonic,0,0.95,0.425
l7z98qx,Arthur__vs__llm,stance_intensity,correctness,isotonic,1,0.95,0.42142857142857143
laxa4t8,Arthur__vs__llm,stance_intensity,correctness,isotonic,0,0.85,0.42142857142857143
l8ba67x,Arthur__vs__llm,stance_intensity,correctness,isotonic,0,0.95,0.42142857142857143
l9ljx88,Arthur__vs__llm,stance_intensity,correctness,isotonic,0,0.95,0.425
l9rnibl,Arthur__vs__llm,stance_intensity,correctness,isotonic,0,0.95,0.425
l9fjlfi,Arthur__vs__llm,stance_intensity,correctness,isotonic,0,0.9,0.42142857142857143
lalisq9,Arthur__vs__llm,stance_intensity,correctness,isotonic,1,0.85,0.42142857142857143
la0bxuy,Arthur__vs__llm,stance_intensity,correctness,isotonic,1,0.8,0.425
l9inr0v,Arthur__vs__llm,stance_intensity,correctness,isotonic,0,0.95,0.42142857142857143
l7yh6qg,Arthur__vs__llm,stance_intensity,correctness,isotonic,0,0.95,0.425
lag7ebe,Arthur__vs__llm,stance_intensity,correctness,isotonic,0,0.95,0.42142857142857143
l9lwm2m,Arthur__vs__llm,stance_intensity,correctness,isotonic,0,0.95,0.42142857142857143
l9eq96t,Arthur__vs__llm,stance_intensity,correctness,isotonic,1,0.8,0.42142857142857143
l8gl5i9,Arthur__vs__llm,stance_intensity,correctness,isotonic,1,0.95,0.425
l9ne2u8,Arthur__vs__llm,stance_intensity,correctness,isotonic,0,0.95,0.425
lazn9pa,Arthur__vs__llm,stance_intensity,correctness,isotonic,1,0.8,0.42142857142857143
lae34w9,Arthur__vs__llm,stance_intensity,correctness,isotonic,0,0.95,0.42142857142857143
lax2gzs,Arthur__vs__llm,stance_intensity,correctness,isotonic,0,0.95,0.42142857142857143
l9lnt1s,Arthur__vs__llm,stance_intensity,correctness,isotonic,0,0.95,0.425
lae0vng,Arthur__vs__llm,stance_intensity,correctness,isotonic,0,0.85,0.42142857142857143
l886669,Arthur__vs__llm,stance_intensity,correctness,isotonic,0,0.9,0.425
l9gowa9,Arthur__vs__llm,stance_intensity,correctness,isotonic,0,0.9,0.42142857142857143
l9aobkr,Arthur__vs__llm,stance_intensity,correctness,isotonic,0,0.95,0.42142857142857143
l9yl3tw,Arthur__vs__llm,stance_intensity,correctness,isotonic,0,0.95,0.425
l9pj2n8,Arthur__vs__llm,stance_intensity,correctness,isotonic,1,0.95,0.42142857142857143
l8knznf,Arthur__vs__llm,stance_intensity,correctness,isotonic,0,0.95,0.425
lagmpvf,Arthur__vs__llm,stance_intensity,correctness,isotonic,0,0.95,0.42142857142857143
l9ls0sc,Arthur__vs__llm,stance_intensity,correctness,isotonic,1,0.85,0.42142857142857143
l8rvj1h,Arthur__vs__llm,stance_intensity,correctness,isotonic,0,0.95,0.425
l86t1mv,Arthur__vs__llm,stance_intensity,correctness,isotonic,1,0.85,0.425
l9rbctp,Arthur__vs__llm,stance_intensity,correctness,isotonic,0,0.95,0.42142857142857143
lal3dx3,Arthur__vs__llm,stance_intensity,correctness,isotonic,0,0.95,0.42142857142857143
l88ucpt,Arthur__vs__llm,stance_intensity,correctness,isotonic,1,0.8,0.42142857142857143
lam50or,Arthur__vs__llm,stance_intensity,correctness,isotonic,0,0.95,0.425
l96lqud,Arthur__vs__llm,stance_intensity,correctness,isotonic,0,0.95,0.425
l9oapl9,Arthur__vs__llm,stance_intensity,correctness,isotonic,1,0.95,0.425
l98ll5k,Arthur__vs__llm,stance_intensity,correctness,isotonic,1,0.95,0.42142857142857143
l9blfe7,Arthur__vs__llm,stance_intensity,correctness,isotonic,0,0.95,0.425
l9o23yd,Arthur__vs__llm,stance_intensity,correctness,isotonic,1,0.85,0.42142857142857143
l9ok0zv,Arthur__vs__llm,stance_intensity,correctness,isotonic,1,0.8,0.42142857142857143
l9n3htm,Arthur__vs__llm,stance_intensity,correctness,isotonic,0,0.95,0.425
l91quzy,Arthur__vs__llm,stance_intensity,correctness,isotonic,0,0.95,0.42142857142857143
l9ugy18,Arthur__vs__llm,stance_intensity,correctness,isotonic,1,0.85,0.42142857142857143
l9i9acx,Arthur__vs__llm,stance_intensity,correctness,isotonic,0,0.95,0.42142857142857143
l91eqfs,Arthur__vs__llm,stance_intensity,correctness,isotonic,1,0.95,0.42142857142857143
l929z0f,Arthur__vs__llm,stance_intensity,correctness,isotonic,0,0.95,0.42142857142857143
l9wqlfk,Arthur__vs__llm,stance_intensity,correctness,isotonic,1,0.95,0.42142857142857143
l9ud3dv,Arthur__vs__llm,stance_intensity,correctness,isotonic,0,0.95,0.42142857142857143
la4xvvf,Arthur__vs__llm,stance_intensity,correctness,isotonic,1,0.85,0.42142857142857143
l958g2o,Arthur__vs__llm,stance_intensity,correctness,isotonic,1,0.9,0.425
l9nj4dq,Arthur__vs__llm,stance_intensity,correctness,isotonic,0,0.95,0.42142857142857143
labtd52,Arthur__vs__llm,stance_intensity,correctness,isotonic,1,0.85,0.42142857142857143
l9r5y4i,Arthur__vs__llm,stance_intensity,correctness,isotonic,0,0.95,0.425
l9j37bz,Arthur__vs__llm,stance_intensity,correctness,isotonic,0,0.95,0.425
l7zd8sv,Arthur__vs__llm,stance_intensity,correctness,isotonic,0,0.95,0.42142857142857143
la4o8tp,Arthur__vs__llm,stance_intensity,correctness,isotonic,1,0.9,0.425
l9z7iji,Arthur__vs__llm,stance_intensity,correctness,isotonic,1,0.8,0.42142857142857143
l9mo64d,Arthur__vs__llm,stance_intensity,correctness,isotonic,1,0.85,0.42142857142857143
lbbacwk,Arthur__vs__llm,stance_intensity,correctness,isotonic,0,0.95,0.425
l852mv7,Arthur__vs__llm,stance_intensity,correctness,isotonic,0,0.85,0.425
lbc8weg,Arthur__vs__llm,stance_intensity,correctness,isotonic,0,0.95,0.42142857142857143
l9enz5u,Arthur__vs__llm,stance_intensity,correctness,isotonic,0,0.85,0.42142857142857143
la88e0d,Arthur__vs__llm,stance_intensity,correctness,isotonic,1,0.95,0.42142857142857143
lb4f62l,Arthur__vs__llm,stance_intensity,correctness,isotonic,0,0.95,0.425
l8cc35d,Arthur__vs__llm,stance_intensity,correctness,isotonic,0,0.95,0.425
l8s749m,Arthur__vs__llm,stance_intensity,correctness,isotonic,0,0.9,0.42142857142857143
l9l6lq8,Arthur__vs__llm,stance_intensity,correctness,isotonic,1,0.95,0.42142857142857143
laeesl4,Arthur__vs__llm,stance_intensity,correctness,isotonic,0,0.95,0.42142857142857143
lagn373,Arthur__vs__llm,stance_intensity,correctness,isotonic,1,0.95,0.42142857142857143
la5g88p,Arthur__vs__llm,stance_intensity,correctness,isotonic,0,0.95,0.42142857142857143
l921g4w,Arthur__vs__llm,stance_intensity,correctness,isotonic,0,0.95,0.42142857142857143
lb0x5j6,Arthur__vs__llm,stance_intensity,correctness,isotonic,0,0.95,0.425
l9mo5vr,Arthur__vs__llm,stance_intensity,correctness,isotonic,0,0.95,0.42142857142857143
l99jy55,Arthur__vs__llm,stance_intensity,correctness,isotonic,0,0.9,0.42142857142857143
laiyyxz,Arthur__vs__llm,stance_intensity,correctness,isotonic,0,0.95,0.425
l9iz6ys,Arthur__vs__llm,stance_intensity,correctness,isotonic,1,0.95,0.42142857142857143
laocd8d,Arthur__vs__llm,stance_intensity,correctness,isotonic,1,0.85,0.42142857142857143
laduen4,Arthur__vs__llm,stance_intensity,correctness,isotonic,1,0.85,0.425
l8qfoy3,Arthur__vs__llm,stance_intensity,correctness,isotonic,0,0.95,0.42142857142857143
l9cdn11,Arthur__vs__llm,stance_intensity,correctness,isotonic,0,0.95,0.42142857142857143
lbm6akp,Arthur__vs__llm,stance_intensity,correctness,isotonic,0,0.95,0.42142857142857143
lackr2s,Arthur__vs__llm,stance_intensity,correctness,isotonic,0,0.95,0.42142857142857143
l9lzpbk,Arthur__vs__llm,stance_intensity,correctness,isotonic,1,0.9,0.42142857142857143
l89s229,Arthur__vs__llm,stance_intensity,correctness,isotonic,1,0.85,0.425
l9lhgmk,Arthur__vs__llm,stance_intensity,correctness,isotonic,0,0.95,0.42142857142857143
l87q6d4,Arthur__vs__llm,stance_intensity,correctness,isotonic,0,0.95,0.42142857142857143
l99k57x,Arthur__vs__llm,stance_intensity,correctness,isotonic,0,0.95,0.425
lbipeiw,Arthur__vs__llm,stance_intensity,correctness,isotonic,0,0.95,0.425
ladoc4w,Arthur__vs__llm,stance_intensity,correctness,isotonic,1,0.95,0.42142857142857143
la035bq,Arthur__vs__llm,stance_intensity,correctness,isotonic,0,0.8,0.425
l9kooj0,Arthur__vs__llm,stance_intensity,correctness,isotonic,1,0.85,0.42142857142857143
l9n6d1s,Arthur__vs__llm,stance_intensity,correctness,isotonic,1,0.8,0.42142857142857143
la2y5mq,Arthur__vs__llm,stance_intensity,correctness,isotonic,0,0.95,0.42142857142857143
ladvrj9,Arthur__vs__llm,stance_intensity,correctness,isotonic,1,0.8,0.425
lagdq9c,Arthur__vs__llm,stance_intensity,correctness,isotonic,1,0.85,0.425
l9mjovr,Arthur__vs__llm,stance_intensity,correctness,isotonic,0,0.95,0.425
l9nsxmj,Arthur__vs__llm,stance_intensity,correctness,isotonic,1,0.85,0.42142857142857143
lb04ydk,Arthur__vs__llm,stance_intensity,correctness,isotonic,0,0.95,0.42142857142857143
lam9gor,Arthur__vs__llm,stance_intensity,correctness,isotonic,1,0.95,0.42142857142857143
l9l6or5,Arthur__vs__llm,stance_intensity,correctness,isotonic,0,0.85,0.42142857142857143
laz2tx3,Arthur__vs__llm,stance_intensity,correctness,isotonic,0,0.8,0.42142857142857143
l95b4im,Arthur__vs__llm,stance_intensity,correctness,isotonic,0,0.95,0.425
l8y5s8g,Arthur__vs__llm,stance_intensity,correctness,isotonic,0,0.95,0.42142857142857143
laggm72,Arthur__vs__llm,stance_intensity,correctness,isotonic,0,0.85,0.42142857142857143
l8y3oft,Arthur__vs__llm,stance_intensity,correctness,isotonic,1,0.85,0.42142857142857143
l815359,Arthur__vs__llm,stance_intensity,correctness,isotonic,0,0.95,0.425
l8cymda,Arthur__vs__llm,stance_intensity,correctness,isotonic,1,0.85,0.42142857142857143
lbmadit,Arthur__vs__llm,stance_intensity,correctness,isotonic,1,0.8,0.425
l9jj223,Arthur__vs__llm,stance_intensity,correctness,isotonic,0,0.95,0.42142857142857143
lbnrkxv,Arthur__vs__llm,stance_intensity,correctness,isotonic,0,0.95,0.42142857142857143
l9ra8bu,Arthur__vs__llm,stance_intensity,correctness,isotonic,0,0.95,0.425
l8bst7l,Arthur__vs__llm,stance_intensity,correctness,isotonic,0,1.0,0.42142857142857143
l9j1tr2,Arthur__vs__llm,stance_intensity,correctness,isotonic,0,0.8,0.42142857142857143
l9mi4kc,Arthur__vs__llm,stance_intensity,correctness,isotonic,1,0.85,0.42142857142857143
lahlnqd,Arthur__vs__llm,stance_intensity,correctness,isotonic,1,0.95,0.425
ladhuar,Arthur__vs__llm,stance_intensity,correctness,isotonic,1,0.8,0.425
l99m6yn,Arthur__vs__llm,stance_intensity,correctness,isotonic,0,0.95,0.42142857142857143
l94my7l,Arthur__vs__llm,stance_intensity,correctness,isotonic,1,0.8,0.425
lado83d,Arthur__vs__llm,stance_intensity,correctness,isotonic,1,0.8,0.42142857142857143
l97u9q3,Arthur__vs__llm,stance_intensity,correctness,isotonic,1,0.95,0.42142857142857143
l9p7a2l,Arthur__vs__llm,stance_intensity,correctness,isotonic,1,0.85,0.42142857142857143
la87lox,Arthur__vs__llm,stance_intensity,correctness,isotonic,0,0.95,0.425
lbg0fzq,Arthur__vs__llm,stance_intensity,correctness,isotonic,1,0.85,0.425
l9m6q26,Arthur__vs__llm,stance_intensity,correctness,isotonic,0,0.95,0.425
lbc9ztp,Arthur__vs__llm,stance_intensity,correctness,isotonic,1,0.8,0.42142857142857143
l9dxpci,Arthur__vs__llm,stance_intensity,correctness,isotonic,1,0.85,0.425
lavm74r,Arthur__vs__llm,stance_intensity,correctness,isotonic,1,0.85,0.42142857142857143
lafv6th,Arthur__vs__llm,stance_intensity,correctness,isotonic,0,0.95,0.425
lbgmc1v,Arthur__vs__llm,stance_intensity,correctness,isotonic,0,0.85,0.42142857142857143
lbgupf7,Arthur__vs__llm,stance_intensity,correctness,isotonic,0,0.95,0.42142857142857143
lal0e50,Arthur__vs__llm,stance_intensity,correctness,isotonic,1,0.95,0.42142857142857143
laiabc5,Arthur__vs__llm,stance_intensity,correctness,isotonic,0,0.8,0.42142857142857143
l9sraag,Arthur__vs__llm,stance_intensity,correctness,isotonic,0,0.8,0.42142857142857143
lbc9ybp,Arthur__vs__llm,stance_intensity,correctness,isotonic,1,0.85,0.42142857142857143
l82o91p,Arthur__vs__llm,stance_intensity,correctness,isotonic,0,0.95,0.425
l9kj0w5,Arthur__vs__llm,stance_intensity,correctness,isotonic,1,0.95,0.425
l9xpw08,Arthur__vs__llm,stance_intensity,correctness,isotonic,1,0.85,0.425
l85qgnp,Arthur__vs__llm,stance_intensity,correctness,isotonic,0,0.95,0.42142857142857143
lb4eg7g,Arthur__vs__llm,stance_intensity,correctness,isotonic,1,0.85,0.42142857142857143
la8zggn,Arthur__vs__llm,stance_intensity,correctness,isotonic,1,0.95,0.425
lb7hb5m,Arthur__vs__llm,stance_intensity,correctness,isotonic,0,0.95,0.425
l9hw9kq,Arthur__vs__llm,stance_intensity,correctness,isotonic,0,0.95,0.425
l9pobdn,Arthur__vs__llm,stance_intensity,correctness,isotonic,0,0.95,0.42142857142857143
l8aceqo,Arthur__vs__llm,stance_intensity,correctness,isotonic,1,0.85,0.425
lbm8q3d,Arthur__vs__llm,stance_intensity,correctness,isotonic,0,0.95,0.42142857142857143
lb5jfj3,Arthur__vs__llm,stance_intensity,correctness,isotonic,0,0.95,0.425
la3zobt,Arthur__vs__llm,stance_intensity,correctness,isotonic,1,0.85,0.42142857142857143
lbc93br,Arthur__vs__llm,stance_intensity,correctness,isotonic,0,0.9,0.425
l84ewxa,Arthur__vs__llm,stance_intensity,correctness,isotonic,1,0.85,0.425
l95jgxs,Arthur__vs__llm,stance_intensity,correctness,isotonic,1,0.85,0.425
laf3322,Arthur__vs__llm,stance_intensity,correctness,isotonic,0,0.8,0.42142857142857143
lbmgukc,Arthur__vs__llm,stance_intensity,correctness,isotonic,0,0.95,0.42142857142857143
l9s2edv,Arthur__vs__llm,stance_intensity,correctness,isotonic,0,0.95,0.425
l98scdm,Arthur__vs__llm,stance_intensity,correctness,isotonic,0,0.95,0.425
l9co9nz,Arthur__vs__llm,stance_intensity,correctness,isotonic,0,0.95,0.42142857142857143
lbcjpc9,Arthur__vs__llm,stance_intensity,correctness,isotonic,1,0.8,0.425
l7zkr3u,Arthur__vs__llm,stance_intensity,correctness,isotonic,1,0.8,0.42142857142857143
l9pxej9,Arthur__vs__llm,stance_intensity,correctness,isotonic,1,0.95,0.42142857142857143
lbmiyxc,Arthur__vs__llm,stance_intensity,correctness,isotonic,1,0.85,0.42142857142857143
lbdptwc,Arthur__vs__llm,stance_intensity,correctness,isotonic,1,0.8,0.425
lagsru7,Arthur__vs__llm,stance_intensity,correctness,isotonic,0,0.95,0.425
l9lqko7,Arthur__vs__llm,stance_intensity,correctness,isotonic,0,0.95,0.425
l94qfeu,Arthur__vs__llm,stance_intensity,correctness,isotonic,0,0.95,0.42142857142857143
lb4ffvc,Arthur__vs__llm,stance_intensity,correctness,isotonic,1,0.85,0.42142857142857143
lb7hlw8,Arthur__vs__llm,stance_intensity,correctness,isotonic,1,0.85,0.42142857142857143
l9o4m6t,Arthur__vs__llm,stance_intensity,correctness,isotonic,0,0.95,0.42142857142857143
ladjia1,Arthur__vs__llm,stance_intensity,correctness,isotonic,1,0.8,0.425
l8j4faa,Arthur__vs__llm,stance_intensity,correctness,isotonic,0,0.8,0.42142857142857143
l9nldea,Arthur__vs__llm,stance_intensity,correctness,isotonic,1,0.85,0.42142857142857143
l7whu3g,Arthur__vs__llm,stance_intensity,correctness,isotonic,1,0.95,0.42142857142857143
lb3u7cv,Arthur__vs__llm,stance_intensity,correctness,isotonic,0,1.0,0.42142857142857143
l8sd704,Arthur__vs__llm,stance_intensity,correctness,isotonic,0,0.8,0.425
l9n2v2x,Arthur__vs__llm,stance_intensity,correctness,isotonic,1,0.85,0.425
l9i8eyp,Arthur__vs__llm,stance_intensity,correctness,isotonic,1,0.95,0.425
la7zmvh,Arthur__vs__llm,stance_intensity,correctness,isotonic,1,0.8,0.42142857142857143
lb7t9ln,Arthur__vs__llm,stance_intensity,correctness,isotonic,0,0.9,0.425
lag2u2u,Arthur__vs__llm,stance_intensity,correctness,isotonic,1,0.95,0.42142857142857143
lbgx156,Arthur__vs__llm,stance_intensity,correctness,isotonic,1,0.95,0.42142857142857143
l9mnxjh,Arthur__vs__llm,stance_intensity,correctness,isotonic,0,0.95,0.42142857142857143
l9rlvrr,Arthur__vs__llm,stance_intensity,correctness,isotonic,1,0.95,0.425
lblwjs6,Arthur__vs__llm,stance_intensity,correctness,isotonic,0,0.95,0.42142857142857143
l9gucuu,Arthur__vs__llm,stance_intensity,correctness,isotonic,0,0.95,0.42142857142857143
l90fwdz,Arthur__vs__llm,stance_intensity,correctness,isotonic,0,0.95,0.425
l9ey7ss,Arthur__vs__llm,stance_intensity,correctness,isotonic,0,0.8,0.42142857142857143
l9x07o6,Arthur__vs__llm,stance_intensity,correctness,isotonic,1,0.85,0.42142857142857143
l9yrplw,Arthur__vs__llm,stance_intensity,correctness,isotonic,1,0.95,0.42142857142857143
lb7jzoh,Arthur__vs__llm,stance_intensity,correctness,isotonic,1,0.95,0.425
l9j2dld,Arthur__vs__llm,stance_intensity,correctness,isotonic,1,0.85,0.42142857142857143
lbcdaqm,Arthur__vs__llm,stance_intensity,correctness,isotonic,1,0.95,0.42142857142857143
lac3nf6,Arthur__vs__llm,stance_intensity,correctness,isotonic,0,0.8,0.42142857142857143
l9h1o8g,Arthur__vs__llm,stance_intensity,correctness,isotonic,1,0.95,0.42142857142857143
lbhwgd2,Arthur__vs__llm,stance_intensity,correctness,isotonic,0,0.95,0.425
lakztne,Arthur__vs__llm,stance_intensity,correctness,isotonic,0,0.95,0.42142857142857143
lakk0oc,Arthur__vs__llm,stance_intensity,correctness,isotonic,1,0.95,0.425
lauxvzo,Arthur__vs__llm,stance_intensity,correctness,isotonic,0,0.95,0.425
l8bjje6,Arthur__vs__llm,stance_intensity,correctness,isotonic,0,0.95,0.425
l9j2hie,Arthur__vs__llm,stance_intensity,correctness,isotonic,0,0.95,0.42142857142857143
l98am7e,Arthur__vs__llm,stance_intensity,correctness,isotonic,0,0.95,0.425
l8byf87,Arthur__vs__llm,stance_intensity,correctness,isotonic,1,0.9,0.425
l93g2gp,Arthur__vs__llm,stance_intensity,correctness,isotonic,0,0.95,0.425
l925p2k,Arthur__vs__llm,stance_intensity,correctness,isotonic,0,0.9,0.42142857142857143
lb7d5nn,Arthur__vs__llm,stance_intensity,correctness,isotonic,0,0.9,0.42142857142857143
l8xu7ix,Arthur__vs__llm,stance_intensity,correctness,isotonic,0,0.95,0.42142857142857143
l9m36ns,Arthur__vs__llm,stance_intensity,correctness,isotonic,1,0.85,0.42142857142857143
lamdwg3,Arthur__vs__llm,stance_intensity,correctness,isotonic,0,0.95,0.42142857142857143
lbnqk66,Arthur__vs__llm,stance_intensity,correctness,isotonic,0,0.95,0.425
l92ev0i,Arthur__vs__llm,stance_intensity,correctness,isotonic,1,0.8,0.42142857142857143
l9kzp7k,Arthur__vs__llm,stance_intensity,correctness,isotonic,1,0.85,0.425
ladusqz,Arthur__vs__llm,stance_intensity,correctness,isotonic,1,0.8,0.42142857142857143
l85iaai,Arthur__vs__llm,stance_intensity,correctness,isotonic,1,0.95,0.42142857142857143
larzixe,Arthur__vs__llm,stance_intensity,correctness,isotonic,0,0.85,0.425
lakr4r0,Arthur__vs__llm,stance_intensity,correctness,isotonic,0,0.9,0.42142857142857143
la3fh2d,Arthur__vs__llm,stance_intensity,correctness,isotonic,0,0.95,0.42142857142857143
laackev,Arthur__vs__llm,stance_intensity,correctness,isotonic,0,0.95,0.425
lbl8edv,Arthur__vs__llm,stance_intensity,correctness,isotonic,0,0.95,0.425
l8alzsf,Arthur__vs__llm,stance_intensity,correctness,isotonic,0,0.95,0.42142857142857143
l97ffzg,Arthur__vs__llm,stance_intensity,correctness,isotonic,1,0.85,0.42142857142857143
laejxyi,Arthur__vs__llm,stance_intensity,correctness,isotonic,1,0.95,0.425
l9mb2io,Arthur__vs__llm,stance_intensity,correctness,isotonic,0,0.95,0.425
l9zoaz9,Arthur__vs__llm,stance_intensity,correctness,isotonic,0,0.95,0.42142857142857143
laddsag,Arthur__vs__llm,stance_intensity,correctness,isotonic,1,0.85,0.425
l9pkzi5,Arthur__vs__llm,stance_intensity,correctness,isotonic,0,0.95,0.42142857142857143
l9lo63k,Arthur__vs__llm,stance_intensity,correctness,isotonic,1,0.8,0.42142857142857143
l9ithe4,Arthur__vs__llm,stance_intensity,correctness,isotonic,0,0.95,0.425
lbirrmt,Arthur__vs__llm,stance_intensity,correctness,isotonic,1,0.95,0.425
l9etsuw,Arthur__vs__llm,stance_intensity,correctness,isotonic,0,0.85,0.42142857142857143
l7zqqv1,Arthur__vs__llm,stance_intensity,correctness,isotonic,0,0.95,0.425
l968z7u,Arthur__vs__llm,stance_intensity,correctness,isotonic,1,0.95,0.42142857142857143
lata8x6,Arthur__vs__llm,stance_intensity,correctness,isotonic,1,0.8,0.42142857142857143
lawus8i,Arthur__vs__llm,stance_intensity,correctness,isotonic,1,0.95,0.42142857142857143
l947md5,Arthur__vs__llm,stance_intensity,correctness,isotonic,0,0.95,0.42142857142857143
l8mxn3x,Arthur__vs__llm,stance_intensity,correctness,isotonic,0,0.95,0.425
l9mm30r,Arthur__vs__llm,stance_intensity,correctness,isotonic,0,0.9,0.42142857142857143
l8r27kz,Arthur__vs__llm,stance_intensity,correctness,isotonic,1,0.95,0.425
lbkj34u,Arthur__vs__llm,stance_intensity,correctness,isotonic,1,0.95,0.42142857142857143
l8xhaay,Arthur__vs__llm,stance_intensity,correctness,isotonic,0,0.95,0.42142857142857143
l9k6wsu,Arthur__vs__llm,stance_intensity,correctness,isotonic,0,1.0,0.42142857142857143
l9z6228,Arthur__vs__llm,stance_intensity,correctness,isotonic,0,0.95,0.42142857142857143
lb4d0t7,Arthur__vs__llm,stance_intensity,correctness,isotonic,0,0.9,0.425
ladhiz5,Arthur__vs__llm,stance_intensity,correctness,isotonic,1,0.85,0.425
l9oq9jh,Arthur__vs__llm,stance_intensity,correctness,isotonic,1,0.85,0.425
lbdqz6b,Arthur__vs__llm,stance_intensity,correctness,isotonic,0,0.95,0.425
l9g4laq,Arthur__vs__llm,stance_intensity,correctness,isotonic,0,0.95,0.425
l9lwe7h,Arthur__vs__llm,stance_intensity,correctness,isotonic,0,0.95,0.425
lb3e2s4,Arthur__vs__llm,stance_intensity,correctness,isotonic,1,0.85,0.425
la6lya2,Arthur__vs__llm,stance_intensity,correctness,isotonic,0,0.95,0.42142857142857143
ladopo7,Arthur__vs__llm,stance_intensity,correctness,isotonic,0,0.95,0.42142857142857143
l97xyqg,Arthur__vs__llm,stance_intensity,correctness,isotonic,0,0.95,0.42142857142857143
l9t64uy,Arthur__vs__llm,stance_intensity,correctness,isotonic,1,0.95,0.42142857142857143
la8p1yt,Arthur__vs__llm,stance_intensity,correctness,isotonic,1,0.85,0.425
l9n9txg,Arthur__vs__llm,stance_intensity,correctness,isotonic,0,0.95,0.42142857142857143
l9p95z5,Arthur__vs__llm,stance_intensity,correctness,isotonic,1,0.95,0.425
l89b3id,Arthur__vs__llm,stance_intensity,correctness,isotonic,1,0.85,0.42142857142857143
laxl99q,Arthur__vs__llm,stance_intensity,correctness,isotonic,0,0.95,0.42142857142857143
la31xp1,Arthur__vs__llm,stance_intensity,correctness,isotonic,1,0.95,0.425
la6gvel,Arthur__vs__llm,stance_intensity,correctness,isotonic,1,0.95,0.42142857142857143
lbk23vy,Arthur__vs__llm,stance_intensity,correctness,isotonic,0,0.95,0.42142857142857143
l9pdksg,Arthur__vs__llm,stance_intensity,correctness,isotonic,1,0.8,0.42142857142857143
lax3tkk,Arthur__vs__llm,stance_intensity,correctness,isotonic,0,0.95,0.425
l9kniso,Arthur__vs__llm,stance_intensity,correctness,isotonic,0,0.95,0.425
l8qg3ev,Arthur__vs__llm,stance_intensity,correctness,isotonic,1,0.85,0.425
l8xvus5,Arthur__vs__llm,stance_intensity,correctness,isotonic,0,0.95,0.425
lbg26yh,Arthur__vs__llm,stance_intensity,correctness,isotonic,0,0.85,0.42142857142857143
l8rzo0j,Arthur__vs__llm,stance_intensity,correctness,isotonic,1,0.8,0.425
l8awua9,Arthur__vs__llm,stance_intensity,correctness,isotonic,1,0.95,0.42142857142857143
l99lagq,Arthur__vs__llm,stance_intensity,correctness,isotonic,0,0.9,0.42142857142857143
l8qheky,Arthur__vs__llm,stance_intensity,correctness,isotonic,0,0.95,0.425
l90lqvy,Arthur__vs__llm,stance_intensity,correctness,isotonic,0,0.95,0.425
l86v1rq,Arthur__vs__llm,stance_intensity,correctness,isotonic,1,0.95,0.425
l9narp9,Arthur__vs__llm,stance_intensity,correctness,isotonic,0,0.95,0.42142857142857143
lakv7lf,Arthur__vs__llm,stance_intensity,correctness,isotonic,1,0.85,0.42142857142857143
l9wcq11,Arthur__vs__llm,stance_intensity,correctness,isotonic,1,0.85,0.425
l9fhq5a,Arthur__vs__llm,stance_intensity,correctness,isotonic,1,0.95,0.425
lb7n7qo,Arthur__vs__llm,stance_intensity,correctness,isotonic,1,0.95,0.425
lbhxkkz,Arthur__vs__llm,stance_intensity,correctness,isotonic,0,0.8,0.42142857142857143
l91x79i,Arthur__vs__llm,stance_intensity,correctness,isotonic,0,0.95,0.42142857142857143
lb8ivrh,Arthur__vs__llm,stance_intensity,correctness,isotonic,1,0.8,0.42142857142857143
lbihzb7,Arthur__vs__llm,stance_intensity,correctness,isotonic,1,0.8,0.425
larwml3,Arthur__vs__llm,stance_intensity,correctness,isotonic,0,0.95,0.42142857142857143
l9g5enb,Arthur__vs__llm,stance_intensity,correctness,isotonic,0,0.95,0.425
l9ne5iw,Arthur__vs__llm,stance_intensity,correctness,isotonic,1,0.95,0.42142857142857143
l8nw2ts,Arthur__vs__llm,stance_intensity,correctness,isotonic,1,0.95,0.425
lbg8gqk,Arthur__vs__llm,stance_intensity,correctness,isotonic,0,0.9,0.425
la63dhs,Arthur__vs__llm,stance_intensity,correctness,isotonic,0,0.8,0.42142857142857143
l9o31o8,Arthur__vs__llm,stance_intensity,correctness,isotonic,1,0.95,0.425
la3bcqj,Arthur__vs__llm,stance_intensity,correctness,isotonic,0,0.95,0.425
lbjqq6a,Arthur__vs__llm,stance_intensity,correctness,isotonic,1,0.85,0.42142857142857143
l9pet9y,Arthur__vs__llm,stance_intensity,correctness,isotonic,0,0.95,0.42142857142857143
l9yw8ul,Arthur__vs__llm,stance_intensity,correctness,isotonic,1,0.9,0.42142857142857143
l94psqu,Arthur__vs__llm,stance_intensity,correctness,isotonic,1,0.85,0.425
lao89vd,Arthur__vs__llm,stance_intensity,correctness,isotonic,1,0.9,0.42142857142857143
lb4eob2,Arthur__vs__llm,stance_intensity,correctness,isotonic,0,0.95,0.42142857142857143
l8hg49w,Arthur__vs__llm,stance_intensity,correctness,isotonic,1,0.85,0.425
lb4e4lq,Arthur__vs__llm,stance_intensity,correctness,isotonic,0,0.95,0.425
lalrik8,Arthur__vs__llm,stance_intensity,correctness,isotonic,1,0.8,0.42142857142857143
l8kvpnt,Arthur__vs__llm,stance_intensity,correctness,isotonic,0,0.8,0.425
lae63qs,Arthur__vs__llm,stance_intensity,correctness,isotonic,1,0.85,0.42142857142857143
l8l72hd,Arthur__vs__llm,stance_intensity,correctness,isotonic,1,0.85,0.425
l8aosij,Arthur__vs__llm,stance_intensity,correctness,isotonic,1,0.85,0.42142857142857143
la8jqoe,Arthur__vs__llm,stance_intensity,correctness,isotonic,0,0.95,0.42142857142857143
l9uheza,Arthur__vs__llm,stance_intensity,correctness,isotonic,0,0.95,0.425
lb8c54w,Arthur__vs__llm,stance_intensity,correctness,isotonic,1,0.95,0.42142857142857143
la70o2m,Arthur__vs__llm,stance_intensity,correctness,isotonic,0,0.95,0.425
lbix7mc,Arthur__vs__llm,stance_intensity,correctness,isotonic,0,0.95,0.42142857142857143
l9gzvi5,Arthur__vs__llm,stance_intensity,correctness,isotonic,1,0.85,0.42142857142857143
lawpxc2,Arthur__vs__llm,stance_intensity,correctness,isotonic,0,0.95,0.42142857142857143
lae4urb,Arthur__vs__llm,stance_intensity,correctness,isotonic,0,0.95,0.42142857142857143
lbhtco2,Arthur__vs__llm,stance_intensity,correctness,isotonic,0,0.8,0.425
la1cgq1,Arthur__vs__llm,stance_intensity,correctness,isotonic,0,0.95,0.42142857142857143
la9w5ur,Arthur__vs__llm,stance_intensity,correctness,isotonic,1,0.95,0.42142857142857143
l9mynwi,Arthur__vs__llm,stance_intensity,correctness,isotonic,0,0.95,0.42142857142857143
lb047lv,Arthur__vs__llm,stance_intensity,correctness,isotonic,1,0.8,0.42142857142857143
lag1dto,Arthur__vs__llm,stance_intensity,correctness,isotonic,0,0.9,0.425
l8lrpme,Arthur__vs__llm,stance_intensity,correctness,isotonic,1,0.8,0.42142857142857143
l9q15pl,Arthur__vs__llm,stance_intensity,correctness,isotonic,0,0.95,0.425
lac445k,Arthur__vs__llm,stance_intensity,correctness,isotonic,1,0.85,0.42142857142857143
l9t6dk7,Arthur__vs__llm,stance_intensity,correctness,isotonic,1,0.85,0.425
l7x3qxm,Arthur__vs__llm,stance_intensity,correctness,isotonic,1,0.95,0.425
l89mf4q,Arthur__vs__llm,stance_intensity,correctness,isotonic,0,0.85,0.42142857142857143
lbl2mxj,Arthur__vs__llm,stance_intensity,correctness,isotonic,0,0.95,0.42142857142857143
l8b0jjc,Arthur__vs__llm,stance_intensity,correctness,isotonic,0,0.95,0.42142857142857143
l8mwxqc,Arthur__vs__llm,stance_intensity,correctness,isotonic,0,0.95,0.42142857142857143
l9p5x5n,Arthur__vs__llm,stance_intensity,correctness,isotonic,0,0.95,0.42142857142857143
l7wbd3w,Arthur__vs__llm,stance_intensity,correctness,isotonic,1,0.8,0.42142857142857143
l8a48iz,Arthur__vs__llm,stance_intensity,correctness,isotonic,0,0.95,0.42142857142857143
l8s0n8l,Arthur__vs__llm,stance_intensity,correctness,isotonic,0,0.95,0.42142857142857143
l8l6enl,Arthur__vs__llm,stance_intensity,correctness,isotonic,0,0.95,0.425
laf27da,Arthur__vs__llm,stance_intensity,correctness,isotonic,0,0.9,0.42142857142857143
l9n2a6w,Arthur__vs__llm,stance_intensity,correctness,isotonic,1,0.85,0.42142857142857143
l7z95u8,Arthur__vs__llm,stance_intensity,correctness,isotonic,0,0.95,0.42142857142857143
lbnqeon,Arthur__vs__llm,stance_intensity,correctness,isotonic,1,0.8,0.425
l91o73m,Arthur__vs__llm,stance_intensity,correctness,isotonic,0,0.95,0.425
l7whtys,Arthur__vs__llm,stance_intensity,correctness,isotonic,1,0.8,0.42142857142857143
lbikhto,Arthur__vs__llm,stance_intensity,correctness,isotonic,0,0.95,0.42142857142857143
l9yt1eq,Arthur__vs__llm,stance_intensity,correctness,isotonic,0,0.9,0.425
ladkivx,Arthur__vs__llm,stance_intensity,correctness,isotonic,1,0.95,0.42142857142857143
l87xcd4,Arthur__vs__llm,stance_intensity,correctness,isotonic,1,0.95,0.42142857142857143
la6oicy,Arthur__vs__llm,stance_intensity,correctness,isotonic,0,0.95,0.42142857142857143
l85xyvb,Arthur__vs__llm,stance_intensity,correctness,isotonic,0,0.8,0.425
lblsr0b,Arthur__vs__llm,stance_intensity,correctness,isotonic,0,0.95,0.42142857142857143
l94vp8y,Arthur__vs__llm,stance_intensity,correctness,isotonic,0,0.85,0.42142857142857143
lb7wfmu,Arthur__vs__llm,stance_intensity,correctness,isotonic,0,0.8,0.42142857142857143
lbcyx3n,Arthur__vs__llm,epistemic_modality,correctness,sigmoid,0,0.8,0.2102180884907252
l9b1r7k,Arthur__vs__llm,epistemic_modality,correctness,sigmoid,1,1.0,0.36049373250016936
l9nfu9z,Arthur__vs__llm,epistemic_modality,correctness,sigmoid,0,0.7,0.1654170323256006
lbhwjs2,Arthur__vs__llm,epistemic_modality,correctness,sigmoid,1,0.9,0.2837550085740118
laineeu,Arthur__vs__llm,epistemic_modality,correctness,sigmoid,0,0.8,0.21824352949713857
l923179,Arthur__vs__llm,epistemic_modality,correctness,sigmoid,0,0.8,0.2102180884907252
lbjwb52,Arthur__vs__llm,epistemic_modality,correctness,sigmoid,0,0.8,0.21774390096300641
l9z5iy3,Arthur__vs__llm,epistemic_modality,correctness,sigmoid,0,0.8,0.21443198514076406
l7z98qx,Arthur__vs__llm,epistemic_modality,correctness,sigmoid,0,0.8,0.2102180884907252
laxa4t8,Arthur__vs__llm,epistemic_modality,correctness,sigmoid,0,0.6,0.117422860446156
l8ba67x,Arthur__vs__llm,epistemic_modality,correctness,sigmoid,0,0.8,0.2192488834274252
l9ljx88,Arthur__vs__llm,epistemic_modality,correctness,sigmoid,0,0.8,0.2192488834274252
l9rnibl,Arthur__vs__llm,epistemic_modality,correctness,sigmoid,0,0.8,0.21443198514076406
l9fjlfi,Arthur__vs__llm,epistemic_modality,correctness,sigmoid,0,0.8,0.2102180884907252
lalisq9,Arthur__vs__llm,epistemic_modality,correctness,sigmoid,0,0.6,0.10726265143825439
la0bxuy,Arthur__vs__llm,epistemic_modality,correctness,sigmoid,0,0.8,0.2102180884907252
l9inr0v,Arthur__vs__llm,epistemic_modality,correctness,sigmoid,1,0.8,0.21443198514076406
l7yh6qg,Arthur__vs__llm,epistemic_modality,correctness,sigmoid,0,0.8,0.21774390096300641
lag7ebe,Arthur__vs__llm,epistemic_modality,correctness,sigmoid,1,0.8,0.2102180884907252
l9lwm2m,Arthur__vs__llm,epistemic_modality,correctness,sigmoid,0,0.8,0.21824352949713857
l8gl5i9,Arthur__vs__llm,epistemic_modality,correctness,sigmoid,0,0.8,0.21443198514076406
l9ne2u8,Arthur__vs__llm,epistemic_modality,correctness,sigmoid,0,0.8,0.2192488834274252
lazn9pa,Arthur__vs__llm,epistemic_modality,correctness,sigmoid,0,0.8,0.21824352949713857
lae34w9,Arthur__vs__llm,epistemic_modality,correctness,sigmoid,1,0.8,0.21443198514076406
lax2gzs,Arthur__vs__llm,epistemic_modality,correctness,sigmoid,0,0.8,0.2192488834274252
l9lnt1s,Arthur__vs__llm,epistemic_modality,correctness,sigmoid,0,0.8,0.2102180884907252
lae0vng,Arthur__vs__llm,epistemic_modality,correctness,sigmoid,1,1.0,0.36049373250016936
l886669,Arthur__vs__llm,epistemic_modality,correctness,sigmoid,0,0.8,0.2192488834274252
l9gowa9,Arthur__vs__llm,epistemic_modality,correctness,sigmoid,0,0.8,0.21774390096300641
l9aobkr,Arthur__vs__llm,epistemic_modality,correctness,sigmoid,1,0.8,0.21443198514076406
l9yl3tw,Arthur__vs__llm,epistemic_modality,correctness,sigmoid,0,0.8,0.21774390096300641
l9pj2n8,Arthur__vs__llm,epistemic_modality,correctness,sigmoid,0,0.85,0.25051976466522047
l8knznf,Arthur__vs__llm,epistemic_modality,correctness,sigmoid,1,1.0,0.35590387075082314
lagmpvf,Arthur__vs__llm,epistemic_modality,correctness,sigmoid,0,0.8,0.21774390096300641
l9ls0sc,Arthur__vs__llm,epistemic_modality,correctness,sigmoid,0,0.8,0.2102180884907252
l8rvj1h,Arthur__vs__llm,epistemic_modality,correctness,sigmoid,0,0.8,0.2102180884907252
l86t1mv,Arthur__vs__llm,epistemic_modality,correctness,sigmoid,0,0.8,0.2192488834274252
l9rbctp,Arthur__vs__llm,epistemic_modality,correctness,sigmoid,0,0.8,0.21443198514076406
lal3dx3,Arthur__vs__llm,epistemic_modality,correctness,sigmoid,1,0.8,0.2192488834274252
l88ucpt,Arthur__vs__llm,epistemic_modality,correctness,sigmoid,1,1.0,0.362826264078024
lam50or,Arthur__vs__llm,epistemic_modality,correctness,sigmoid,0,0.8,0.21443198514076406
l96lqud,Arthur__vs__llm,epistemic_modality,correctness,sigmoid,1,1.0,0.36049373250016936
l9oapl9,Arthur__vs__llm,epistemic_modality,correctness,sigmoid,0,0.8,0.21824352949713857
l98ll5k,Arthur__vs__llm,epistemic_modality,correctness,sigmoid,0,0.8,0.21774390096300641
l9blfe7,Arthur__vs__llm,epistemic_modality,correctness,sigmoid,0,0.8,0.21443198514076406
l9o23yd,Arthur__vs__llm,epistemic_modality,correctness,sigmoid,0,0.8,0.2102180884907252
l9ok0zv,Arthur__vs__llm,epistemic_modality,correctness,sigmoid,1,1.0,0.35590387075082314
l9n3htm,Arthur__vs__llm,epistemic_modality,correctness,sigmoid,0,0.8,0.2192488834274252
l91quzy,Arthur__vs__llm,epistemic_modality,correctness,sigmoid,0,0.8,0.21824352949713857
l9ugy18,Arthur__vs__llm,epistemic_modality,correctness,sigmoid,0,0.8,0.2192488834274252
l9i9acx,Arthur__vs__llm,epistemic_modality,correctness,sigmoid,1,0.8,0.21774390096300641
l91eqfs,Arthur__vs__llm,epistemic_modality,correctness,sigmoid,0,0.8,0.21824352949713857
l929z0f,Arthur__vs__llm,epistemic_modality,correctness,sigmoid,1,1.0,0.3589868312391175
l9wqlfk,Arthur__vs__llm,epistemic_modality,correctness,sigmoid,0,0.8,0.21774390096300641
l9ud3dv,Arthur__vs__llm,epistemic_modality,correctness,sigmoid,0,0.8,0.21443198514076406
la4xvvf,Arthur__vs__llm,epistemic_modality,correctness,sigmoid,0,0.8,0.21443198514076406
l958g2o,Arthur__vs__llm,epistemic_modality,correctness,sigmoid,1,0.6,0.117422860446156
l9nj4dq,Arthur__vs__llm,epistemic_modality,correctness,sigmoid,0,0.8,0.2102180884907252
labtd52,Arthur__vs__llm,epistemic_modality,correctness,sigmoid,1,1.0,0.362826264078024
l9r5y4i,Arthur__vs__llm,epistemic_modality,correctness,sigmoid,0,0.9,0.2810843228807432
l9j37bz,Arthur__vs__llm,epistemic_modality,correctness,sigmoid,0,0.8,0.2192488834274252
l7zd8sv,Arthur__vs__llm,epistemic_modality,correctness,sigmoid,0,0.9,0.28200060281861505
la4o8tp,Arthur__vs__llm,epistemic_modality,correctness,sigmoid,0,0.8,0.2192488834274252
l9mo64d,Arthur__vs__llm,epistemic_modality,correctness,sigmoid,0,0.8,0.21824352949713857
lbbacwk,Arthur__vs__llm,epistemic_modality,correctness,sigmoid,1,0.7,0.15170229587732256
l852mv7,Arthur__vs__llm,epistemic_modality,correctness,sigmoid,0,0.8,0.2102180884907252
lbc8weg,Arthur__vs__llm,epistemic_modality,correctness,sigmoid,0,0.8,0.21443198514076406
l9enz5u,Arthur__vs__llm,epistemic_modality,correctness,sigmoid,0,0.6,0.117422860446156
la88e0d,Arthur__vs__llm,epistemic_modality,correctness,sigmoid,0,0.8,0.2192488834274252
lb4f62l,Arthur__vs__llm,epistemic_modality,correctness,sigmoid,0,0.8,0.21774390096300641
l8cc35d,Arthur__vs__llm,epistemic_modality,correctness,sigmoid,0,0.8,0.21824352949713857
l8s749m,Arthur__vs__llm,epistemic_modality,correctness,sigmoid,0,0.8,0.21824352949713857
l9l6lq8,Arthur__vs__llm,epistemic_modality,correctness,sigmoid,0,0.8,0.2102180884907252
laeesl4,Arthur__vs__llm,epistemic_modality,correctness,sigmoid,0,0.95,0.32255508146455136
lagn373,Arthur__vs__llm,epistemic_modality,correctness,sigmoid,0,0.8,0.21774390096300641
la5g88p,Arthur__vs__llm,epistemic_modality,correctness,sigmoid,0,0.8,0.21774390096300641
l921g4w,Arthur__vs__llm,epistemic_modality,correctness,sigmoid,1,0.8,0.2102180884907252
lb0x5j6,Arthur__vs__llm,epistemic_modality,correctness,sigmoid,0,0.8,0.21824352949713857
l9mo5vr,Arthur__vs__llm,epistemic_modality,correctness,sigmoid,0,0.8,0.21824352949713857
l99jy55,Arthur__vs__llm,epistemic_modality,correctness,sigmoid,1,1.0,0.362826264078024
laiyyxz,Arthur__vs__llm,epistemic_modality,correctness,sigmoid,1,1.0,0.3589868312391175
l9iz6ys,Arthur__vs__llm,epistemic_modality,correctness,sigmoid,0,0.8,0.21443198514076406
laocd8d,Arthur__vs__llm,epistemic_modality,correctness,sigmoid,0,0.7,0.15170229587732256
laduen4,Arthur__vs__llm,epistemic_modality,correctness,sigmoid,0,0.8,0.21774390096300641
l8qfoy3,Arthur__vs__llm,epistemic_modality,correctness,sigmoid,0,0.8,0.2102180884907252
l9cdn11,Arthur__vs__llm,epistemic_modality,correctness,sigmoid,0,1.0,0.362826264078024
lbm6akp,Arthur__vs__llm,epistemic_modality,correctness,sigmoid,0,0.8,0.21774390096300641
lackr2s,Arthur__vs__llm,epistemic_modality,correctness,sigmoid,0,0.8,0.21443198514076406
l9lzpbk,Arthur__vs__llm,epistemic_modality,correctness,sigmoid,0,0.8,0.21824352949713857
l89s229,Arthur__vs__llm,epistemic_modality,correctness,sigmoid,0,0.8,0.21774390096300641
l9lhgmk,Arthur__vs__llm,epistemic_modality,correctness,sigmoid,1,1.0,0.35590387075082314
l87q6d4,Arthur__vs__llm,epistemic_modality,correctness,sigmoid,0,0.8,0.21443198514076406
l99k57x,Arthur__vs__llm,epistemic_modality,correctness,sigmoid,1,1.0,0.35590387075082314
lbipeiw,Arthur__vs__llm,epistemic_modality,correctness,sigmoid,0,0.8,0.21824352949713857
ladoc4w,Arthur__vs__llm,epistemic_modality,correctness,sigmoid,1,0.8,0.2192488834274252
la035bq,Arthur__vs__llm,epistemic_modality,correctness,sigmoid,0,0.8,0.21774390096300641
l9kooj0,Arthur__vs__llm,epistemic_modality,correctness,sigmoid,1,0.8,0.21824352949713857
l9n6d1s,Arthur__vs__llm,epistemic_modality,correctness,sigmoid,0,1.0,0.362826264078024
la2y5mq,Arthur__vs__llm,epistemic_modality,correctness,sigmoid,0,0.8,0.21774390096300641
ladvrj9,Arthur__vs__llm,epistemic_modality,correctness,sigmoid,0,1.0,0.37093429342799084
lagdq9c,Arthur__vs__llm,epistemic_modality,correctness,sigmoid,0,0.8,0.21774390096300641
l9mjovr,Arthur__vs__llm,epistemic_modality,correctness,sigmoid,0,0.8,0.2102180884907252
l9nsxmj,Arthur__vs__llm,epistemic_modality,correctness,sigmoid,0,0.8,0.21824352949713857
lb04ydk,Arthur__vs__llm,epistemic_modality,correctness,sigmoid,1,1.0,0.35590387075082314
lam9gor,Arthur__vs__llm,epistemic_modality,correctness,sigmoid,1,0.8,0.2102180884907252
l9l6or5,Arthur__vs__llm,epistemic_modality,correctness,sigmoid,0,0.8,0.2192488834274252
laz2tx3,Arthur__vs__llm,epistemic_modality,correctness,sigmoid,1,0.95,0.32138185181644596
l95b4im,Arthur__vs__llm,epistemic_modality,correctness,sigmoid,1,0.8,0.2102180884907252
l8y5s8g,Arthur__vs__llm,epistemic_modality,correctness,sigmoid,0,0.8,0.21443198514076406
laggm72,Arthur__vs__llm,epistemic_modality,correctness,sigmoid,1,0.95,0.32255508146455136
l8y3oft,Arthur__vs__llm,epistemic_modality,correctness,sigmoid,1,1.0,0.3589868312391175
l815359,Arthur__vs__llm,epistemic_modality,correctness,sigmoid,0,0.8,0.21824352949713857
l8cymda,Arthur__vs__llm,epistemic_modality,correctness,sigmoid,0,0.8,0.21774390096300641
lbmadit,Arthur__vs__llm,epistemic_modality,correctness,sigmoid,0,0.6,0.12272483929857586
l9jj223,Arthur__vs__llm,epistemic_modality,correctness,sigmoid,1,0.8,0.21443198514076406
lbnrkxv,Arthur__vs__llm,epistemic_modality,correctness,sigmoid,0,0.8,0.21824352949713857
l9ra8bu,Arthur__vs__llm,epistemic_modality,correctness,sigmoid,0,0.8,0.21774390096300641
l8bst7l,Arthur__vs__llm,epistemic_modality,correctness,sigmoid,1,1.0,0.35590387075082314
l9j1tr2,Arthur__vs__llm,epistemic_modality,correctness,sigmoid,0,0.95,0.31877072035180676
l9mi4kc,Arthur__vs__llm,epistemic_modality,correctness,sigmoid,0,0.8,0.21443198514076406
lahlnqd,Arthur__vs__llm,epistemic_modality,correctness,sigmoid,0,0.8,0.21824352949713857
l99m6yn,Arthur__vs__llm,epistemic_modality,correctness,sigmoid,1,0.6,0.10726265143825439
l94my7l,Arthur__vs__llm,epistemic_modality,correctness,sigmoid,1,1.0,0.362826264078024
lado83d,Arthur__vs__llm,epistemic_modality,correctness,sigmoid,1,1.0,0.35590387075082314
l97u9q3,Arthur__vs__llm,epistemic_modality,correctness,sigmoid,0,0.8,0.21443198514076406
l9p7a2l,Arthur__vs__llm,epistemic_modality,correctness,sigmoid,0,0.8,0.21824352949713857
la87lox,Arthur__vs__llm,epistemic_modality,correctness,sigmoid,0,0.9,0.2837550085740118
lbg0fzq,Arthur__vs__llm,epistemic_modality,correctness,sigmoid,0,0.8,0.2102180884907252
l9m6q26,Arthur__vs__llm,epistemic_modality,correctness,sigmoid,1,1.0,0.35590387075082314
lbc9ztp,Arthur__vs__llm,epistemic_modality,correctness,sigmoid,0,0.8,0.2192488834274252
l9dxpci,Arthur__vs__llm,epistemic_modality,correctness,sigmoid,0,0.8,0.2192488834274252
lavm74r,Arthur__vs__llm,epistemic_modality,correctness,sigmoid,0,0.8,0.2192488834274252
lafv6th,Arthur__vs__llm,epistemic_modality,correctness,sigmoid,0,0.8,0.2192488834274252
lbgmc1v,Arthur__vs__llm,epistemic_modality,correctness,sigmoid,0,0.8,0.2192488834274252
lbgupf7,Arthur__vs__llm,epistemic_modality,correctness,sigmoid,0,0.8,0.21774390096300641
lal0e50,Arthur__vs__llm,epistemic_modality,correctness,sigmoid,0,0.8,0.2192488834274252
laiabc5,Arthur__vs__llm,epistemic_modality,correctness,sigmoid,0,1.0,0.362826264078024
lbc9ybp,Arthur__vs__llm,epistemic_modality,correctness,sigmoid,0,0.8,0.21824352949713857
l82o91p,Arthur__vs__llm,epistemic_modality,correctness,sigmoid,0,0.8,0.21443198514076406
l9kj0w5,Arthur__vs__llm,epistemic_modality,correctness,sigmoid,1,0.8,0.2102180884907252
l9xpw08,Arthur__vs__llm,epistemic_modality,correctness,sigmoid,0,0.8,0.2102180884907252
l85qgnp,Arthur__vs__llm,epistemic_modality,correctness,sigmoid,0,0.9,0.2846247937751961
lb4eg7g,Arthur__vs__llm,epistemic_modality,correctness,sigmoid,0,0.8,0.2102180884907252
la8zggn,Arthur__vs__llm,epistemic_modality,correctness,sigmoid,0,0.8,0.21824352949713857
lb7hb5m,Arthur__vs__llm,epistemic_modality,correctness,sigmoid,1,0.95,0.3258400206570145
l9hw9kq,Arthur__vs__llm,epistemic_modality,correctness,sigmoid,0,0.8,0.21774390096300641
l9pobdn,Arthur__vs__llm,epistemic_modality,correctness,sigmoid,0,0.8,0.21443198514076406
l8aceqo,Arthur__vs__llm,epistemic_modality,correctness,sigmoid,0,0.8,0.21824352949713857
lbm8q3d,Arthur__vs__llm,epistemic_modality,correctness,sigmoid,0,0.8,0.2192488834274252
lb5jfj3,Arthur__vs__llm,epistemic_modality,correctness,sigmoid,1,0.8,0.21824352949713857
la3zobt,Arthur__vs__llm,epistemic_modality,correctness,sigmoid,0,0.8,0.21774390096300641
lbc93br,Arthur__vs__llm,epistemic_modality,correctness,sigmoid,0,0.6,0.117422860446156
l84ewxa,Arthur__vs__llm,epistemic_modality,correctness,sigmoid,0,0.8,0.21824352949713857
l95jgxs,Arthur__vs__llm,epistemic_modality,correctness,sigmoid,0,0.8,0.21774390096300641
laf3322,Arthur__vs__llm,epistemic_modality,correctness,sigmoid,1,1.0,0.3589868312391175
lbmgukc,Arthur__vs__llm,epistemic_modality,correctness,sigmoid,0,0.8,0.2192488834274252
l9s2edv,Arthur__vs__llm,epistemic_modality,correctness,sigmoid,1,1.0,0.37093429342799084
l98scdm,Arthur__vs__llm,epistemic_modality,correctness,sigmoid,0,0.8,0.2102180884907252
l9co9nz,Arthur__vs__llm,epistemic_modality,correctness,sigmoid,0,0.8,0.21443198514076406
lbcjpc9,Arthur__vs__llm,epistemic_modality,correctness,sigmoid,0,0.8,0.21774390096300641
l9pxej9,Arthur__vs__llm,epistemic_modality,correctness,sigmoid,0,0.8,0.21443198514076406
lbmiyxc,Arthur__vs__llm,epistemic_modality,correctness,sigmoid,1,0.8,0.2102180884907252
lbdptwc,Arthur__vs__llm,epistemic_modality,correctness,sigmoid,0,0.8,0.21774390096300641
lagsru7,Arthur__vs__llm,epistemic_modality,correctness,sigmoid,0,0.6,0.12272483929857586
l9lqko7,Arthur__vs__llm,epistemic_modality,correctness,sigmoid,0,0.8,0.2192488834274252
l94qfeu,Arthur__vs__llm,epistemic_modality,correctness,sigmoid,0,0.9,0.28200060281861505
lb4ffvc,Arthur__vs__llm,epistemic_modality,correctness,sigmoid,1,0.8,0.21774390096300641
lb7hlw8,Arthur__vs__llm,epistemic_modality,correctness,sigmoid,1,1.0,0.362826264078024
l9o4m6t,Arthur__vs__llm,epistemic_modality,correctness,sigmoid,0,1.0,0.36049373250016936
ladjia1,Arthur__vs__llm,epistemic_modality,correctness,sigmoid,0,1.0,0.35590387075082314
l9nldea,Arthur__vs__llm,epistemic_modality,correctness,sigmoid,0,0.8,0.2102180884907252
l7whu3g,Arthur__vs__llm,epistemic_modality,correctness,sigmoid,0,0.8,0.21443198514076406
lb3u7cv,Arthur__vs__llm,epistemic_modality,correctness,sigmoid,1,1.0,0.36049373250016936
l9i8eyp,Arthur__vs__llm,epistemic_modality,correctness,sigmoid,0,0.8,0.21443198514076406
la7zmvh,Arthur__vs__llm,epistemic_modality,correctness,sigmoid,1,0.95,0.3258400206570145
lb7t9ln,Arthur__vs__llm,epistemic_modality,correctness,sigmoid,0,0.6,0.10726265143825439
lag2u2u,Arthur__vs__llm,epistemic_modality,correctness,sigmoid,0,0.8,0.21824352949713857
lbgx156,Arthur__vs__llm,epistemic_modality,correctness,sigmoid,0,0.8,0.2192488834274252
lbgvfbg,Arthur__vs__llm,epistemic_modality,correctness,sigmoid,0,0.95,0.31780589656666386
l9mnxjh,Arthur__vs__llm,epistemic_modality,correctness,sigmoid,0,0.6,0.117422860446156
l9rlvrr,Arthur__vs__llm,epistemic_modality,correctness,sigmoid,0,0.8,0.21774390096300641
lblwjs6,Arthur__vs__llm,epistemic_modality,correctness,sigmoid,0,0.8,0.2192488834274252
l9gucuu,Arthur__vs__llm,epistemic_modality,correctness,sigmoid,0,0.8,0.2102180884907252
l90fwdz,Arthur__vs__llm,epistemic_modality,correctness,sigmoid,0,0.8,0.2102180884907252
l9ey7ss,Arthur__vs__llm,epistemic_modality,correctness,sigmoid,1,1.0,0.3589868312391175
l9x07o6,Arthur__vs__llm,epistemic_modality,correctness,sigmoid,0,0.8,0.2192488834274252
l9yrplw,Arthur__vs__llm,epistemic_modality,correctness,sigmoid,1,0.8,0.2102180884907252
lb7jzoh,Arthur__vs__llm,epistemic_modality,correctness,sigmoid,0,0.9,0.2837550085740118
l9j2dld,Arthur__vs__llm,epistemic_modality,correctness,sigmoid,1,0.8,0.21824352949713857
lbcdaqm,Arthur__vs__llm,epistemic_modality,correctness,sigmoid,0,0.8,0.2192488834274252
l9h1o8g,Arthur__vs__llm,epistemic_modality,correctness,sigmoid,0,0.8,0.21774390096300641
lbhwgd2,Arthur__vs__llm,epistemic_modality,correctness,sigmoid,1,1.0,0.35590387075082314
lakztne,Arthur__vs__llm,epistemic_modality,correctness,sigmoid,0,0.8,0.2192488834274252
lakk0oc,Arthur__vs__llm,epistemic_modality,correctness,sigmoid,1,0.9,0.2846247937751961
lauxvzo,Arthur__vs__llm,epistemic_modality,correctness,sigmoid,0,0.8,0.21774390096300641
l8bjje6,Arthur__vs__llm,epistemic_modality,correctness,sigmoid,0,0.8,0.21443198514076406
l9j2hie,Arthur__vs__llm,epistemic_modality,correctness,sigmoid,0,0.8,0.21774390096300641
l98am7e,Arthur__vs__llm,epistemic_modality,correctness,sigmoid,1,1.0,0.37093429342799084
l8byf87,Arthur__vs__llm,epistemic_modality,correctness,sigmoid,0,0.8,0.21824352949713857
l93g2gp,Arthur__vs__llm,epistemic_modality,correctness,sigmoid,0,0.6,0.11977032726704871
l925p2k,Arthur__vs__llm,epistemic_modality,correctness,sigmoid,0,0.8,0.21774390096300641
lb7d5nn,Arthur__vs__llm,epistemic_modality,correctness,sigmoid,0,0.6,0.10726265143825439
l8xu7ix,Arthur__vs__llm,epistemic_modality,correctness,sigmoid,0,0.8,0.21443198514076406
l9m36ns,Arthur__vs__llm,epistemic_modality,correctness,sigmoid,0,0.6,0.12361039136269929
lamdwg3,Arthur__vs__llm,epistemic_modality,correctness,sigmoid,0,0.8,0.21443198514076406
lbnqk66,Arthur__vs__llm,epistemic_modality,correctness,sigmoid,0,0.8,0.21824352949713857
l92ev0i,Arthur__vs__llm,epistemic_modality,correctness,sigmoid,1,0.95,0.3258400206570145
l9kzp7k,Arthur__vs__llm,epistemic_modality,correctness,sigmoid,1,0.8,0.21824352949713857
ladusqz,Arthur__vs__llm,epistemic_modality,correctness,sigmoid,0,0.6,0.12272483929857586
l85iaai,Arthur__vs__llm,epistemic_modality,correctness,sigmoid,1,0.8,0.21774390096300641
larzixe,Arthur__vs__llm,epistemic_modality,correctness,sigmoid,0,0.8,0.21443198514076406
lakr4r0,Arthur__vs__llm,epistemic_modality,correctness,sigmoid,0,0.8,0.21443198514076406
la3fh2d,Arthur__vs__llm,epistemic_modality,correctness,sigmoid,0,0.8,0.2192488834274252
laackev,Arthur__vs__llm,epistemic_modality,correctness,sigmoid,0,0.8,0.21774390096300641
lbl8edv,Arthur__vs__llm,epistemic_modality,correctness,sigmoid,1,0.8,0.21774390096300641
l8alzsf,Arthur__vs__llm,epistemic_modality,correctness,sigmoid,0,0.8,0.21774390096300641
l97ffzg,Arthur__vs__llm,epistemic_modality,correctness,sigmoid,0,0.6,0.12272483929857586
laejxyi,Arthur__vs__llm,epistemic_modality,correctness,sigmoid,0,0.8,0.21443198514076406
l9mb2io,Arthur__vs__llm,epistemic_modality,correctness,sigmoid,0,0.8,0.2102180884907252
l9zoaz9,Arthur__vs__llm,epistemic_modality,correctness,sigmoid,0,0.8,0.21824352949713857
laddsag,Arthur__vs__llm,epistemic_modality,correctness,sigmoid,0,0.8,0.2192488834274252
l9pkzi5,Arthur__vs__llm,epistemic_modality,correctness,sigmoid,0,0.8,0.2102180884907252
l9lo63k,Arthur__vs__llm,epistemic_modality,correctness,sigmoid,0,0.8,0.2192488834274252
l9ithe4,Arthur__vs__llm,epistemic_modality,correctness,sigmoid,0,0.8,0.21824352949713857
lbirrmt,Arthur__vs__llm,epistemic_modality,correctness,sigmoid,0,0.8,0.21443198514076406
l9etsuw,Arthur__vs__llm,epistemic_modality,correctness,sigmoid,0,0.8,0.21443198514076406
l7zqqv1,Arthur__vs__llm,epistemic_modality,correctness,sigmoid,0,0.8,0.2192488834274252
l968z7u,Arthur__vs__llm,epistemic_modality,correctness,sigmoid,1,0.8,0.2192488834274252
lata8x6,Arthur__vs__llm,epistemic_modality,correctness,sigmoid,0,0.6,0.11977032726704871
lawus8i,Arthur__vs__llm,epistemic_modality,correctness,sigmoid,0,0.8,0.21443198514076406
l947md5,Arthur__vs__llm,epistemic_modality,correctness,sigmoid,0,0.9,0.2846247937751961
l8mxn3x,Arthur__vs__llm,epistemic_modality,correctness,sigmoid,0,0.6,0.11977032726704871
l9mm30r,Arthur__vs__llm,epistemic_modality,correctness,sigmoid,0,0.8,0.21824352949713857
l8r27kz,Arthur__vs__llm,epistemic_modality,correctness,sigmoid,0,0.8,0.21774390096300641
lbkj34u,Arthur__vs__llm,epistemic_modality,correctness,sigmoid,0,0.9,0.2837550085740118
l8xhaay,Arthur__vs__llm,epistemic_modality,correctness,sigmoid,0,0.8,0.21443198514076406
l9k6wsu,Arthur__vs__llm,epistemic_modality,correctness,sigmoid,1,1.0,0.3589868312391175
l9z6228,Arthur__vs__llm,epistemic_modality,correctness,sigmoid,0,0.8,0.2102180884907252
lb4d0t7,Arthur__vs__llm,epistemic_modality,correctness,sigmoid,1,0.8,0.21774390096300641
ladhiz5,Arthur__vs__llm,epistemic_modality,correctness,sigmoid,0,0.8,0.2192488834274252
l9oq9jh,Arthur__vs__llm,epistemic_modality,correctness,sigmoid,0,0.8,0.21443198514076406
l9g4laq,Arthur__vs__llm,epistemic_modality,correctness,sigmoid,1,1.0,0.362826264078024
l9lwe7h,Arthur__vs__llm,epistemic_modality,correctness,sigmoid,0,0.7,0.1655770266832889
lb3e2s4,Arthur__vs__llm,epistemic_modality,correctness,sigmoid,0,0.8,0.2192488834274252
la6lya2,Arthur__vs__llm,epistemic_modality,correctness,sigmoid,0,0.8,0.2102180884907252
ladopo7,Arthur__vs__llm,epistemic_modality,correctness,sigmoid,1,1.0,0.36049373250016936
l97xyqg,Arthur__vs__llm,epistemic_modality,correctness,sigmoid,1,1.0,0.36049373250016936
l9t64uy,Arthur__vs__llm,epistemic_modality,correctness,sigmoid,0,0.8,0.2192488834274252
la8p1yt,Arthur__vs__llm,epistemic_modality,correctness,sigmoid,0,0.8,0.21443198514076406
l9n9txg,Arthur__vs__llm,epistemic_modality,correctness,sigmoid,0,0.8,0.2102180884907252
l9p95z5,Arthur__vs__llm,epistemic_modality,correctness,sigmoid,0,0.8,0.21774390096300641
l89b3id,Arthur__vs__llm,epistemic_modality,correctness,sigmoid,0,0.8,0.21824352949713857
laxl99q,Arthur__vs__llm,epistemic_modality,correctness,sigmoid,0,0.8,0.21824352949713857
la31xp1,Arthur__vs__llm,epistemic_modality,correctness,sigmoid,0,0.9,0.2837550085740118
la6gvel,Arthur__vs__llm,epistemic_modality,correctness,sigmoid,0,0.8,0.2102180884907252
lbk23vy,Arthur__vs__llm,epistemic_modality,correctness,sigmoid,0,0.8,0.21824352949713857
l9pdksg,Arthur__vs__llm,epistemic_modality,correctness,sigmoid,0,1.0,0.36049373250016936
lax3tkk,Arthur__vs__llm,epistemic_modality,correctness,sigmoid,0,0.8,0.2192488834274252
l9kniso,Arthur__vs__llm,epistemic_modality,correctness,sigmoid,0,0.8,0.21824352949713857
l8qg3ev,Arthur__vs__llm,epistemic_modality,correctness,sigmoid,0,0.6,0.10726265143825439
l8xvus5,Arthur__vs__llm,epistemic_modality,correctness,sigmoid,1,1.0,0.3589868312391175
lbg26yh,Arthur__vs__llm,epistemic_modality,correctness,sigmoid,1,1.0,0.3589868312391175
l8rzo0j,Arthur__vs__llm,epistemic_modality,correctness,sigmoid,1,1.0,0.37093429342799084
l8awua9,Arthur__vs__llm,epistemic_modality,correctness,sigmoid,0,0.8,0.21774390096300641
l8qheky,Arthur__vs__llm,epistemic_modality,correctness,sigmoid,0,0.8,0.2192488834274252
l90lqvy,Arthur__vs__llm,epistemic_modality,correctness,sigmoid,0,0.8,0.21443198514076406
l86v1rq,Arthur__vs__llm,epistemic_modality,correctness,sigmoid,0,0.8,0.21824352949713857
l9narp9,Arthur__vs__llm,epistemic_modality,correctness,sigmoid,0,0.8,0.2102180884907252
lakv7lf,Arthur__vs__llm,epistemic_modality,correctness,sigmoid,0,0.8,0.21774390096300641
l9wcq11,Arthur__vs__llm,epistemic_modality,correctness,sigmoid,0,0.8,0.2102180884907252
l9fhq5a,Arthur__vs__llm,epistemic_modality,correctness,sigmoid,0,0.8,0.2102180884907252
lb7n7qo,Arthur__vs__llm,epistemic_modality,correctness,sigmoid,0,0.8,0.21824352949713857
l91x79i,Arthur__vs__llm,epistemic_modality,correctness,sigmoid,0,0.8,0.21824352949713857
lb8ivrh,Arthur__vs__llm,epistemic_modality,correctness,sigmoid,0,0.8,0.21774390096300641
larwml3,Arthur__vs__llm,epistemic_modality,correctness,sigmoid,0,0.9,0.2846247937751961
l9g5enb,Arthur__vs__llm,epistemic_modality,correctness,sigmoid,0,0.8,0.2102180884907252
l9ne5iw,Arthur__vs__llm,epistemic_modality,correctness,sigmoid,0,0.8,0.21443198514076406
l8nw2ts,Arthur__vs__llm,epistemic_modality,correctness,sigmoid,0,0.8,0.2102180884907252
lbg8gqk,Arthur__vs__llm,epistemic_modality,correctness,sigmoid,1,0.95,0.32138185181644596
la63dhs,Arthur__vs__llm,epistemic_modality,correctness,sigmoid,0,0.8,0.21443198514076406
l9o31o8,Arthur__vs__llm,epistemic_modality,correctness,sigmoid,0,0.8,0.2102180884907252
la3bcqj,Arthur__vs__llm,epistemic_modality,correctness,sigmoid,1,0.6,0.117422860446156
lbjqq6a,Arthur__vs__llm,epistemic_modality,correctness,sigmoid,0,0.7,0.15170229587732256
l9pet9y,Arthur__vs__llm,epistemic_modality,correctness,sigmoid,0,0.8,0.2102180884907252
l9yw8ul,Arthur__vs__llm,epistemic_modality,correctness,sigmoid,0,0.8,0.21443198514076406
l94psqu,Arthur__vs__llm,epistemic_modality,correctness,sigmoid,0,0.8,0.21824352949713857
lao89vd,Arthur__vs__llm,epistemic_modality,correctness,sigmoid,0,0.8,0.2102180884907252
lb4eob2,Arthur__vs__llm,epistemic_modality,correctness,sigmoid,0,0.8,0.2192488834274252
l8hg49w,Arthur__vs__llm,epistemic_modality,correctness,sigmoid,0,0.8,0.21824352949713857
lb4e4lq,Arthur__vs__llm,epistemic_modality,correctness,sigmoid,0,0.6,0.12272483929857586
lalrik8,Arthur__vs__llm,epistemic_modality,correctness,sigmoid,1,0.95,0.31780589656666386
lae63qs,Arthur__vs__llm,epistemic_modality,correctness,sigmoid,1,0.8,0.2192488834274252
l8l72hd,Arthur__vs__llm,epistemic_modality,correctness,sigmoid,0,0.6,0.12361039136269929
l8aosij,Arthur__vs__llm,epistemic_modality,correctness,sigmoid,0,0.8,0.21443198514076406
la8jqoe,Arthur__vs__llm,epistemic_modality,correctness,sigmoid,1,0.8,0.21774390096300641
l9uheza,Arthur__vs__llm,epistemic_modality,correctness,sigmoid,0,0.8,0.21443198514076406
lb8c54w,Arthur__vs__llm,epistemic_modality,correctness,sigmoid,0,0.8,0.2102180884907252
la70o2m,Arthur__vs__llm,epistemic_modality,correctness,sigmoid,0,0.8,0.21443198514076406
lbix7mc,Arthur__vs__llm,epistemic_modality,correctness,sigmoid,0,0.8,0.21443198514076406
l9gzvi5,Arthur__vs__llm,epistemic_modality,correctness,sigmoid,0,0.8,0.21774390096300641
lawpxc2,Arthur__vs__llm,epistemic_modality,correctness,sigmoid,0,0.7,0.1654170323256006
lae4urb,Arthur__vs__llm,epistemic_modality,correctness,sigmoid,0,0.8,0.21443198514076406
lbhtco2,Arthur__vs__llm,epistemic_modality,correctness,sigmoid,1,0.95,0.31780589656666386
la1cgq1,Arthur__vs__llm,epistemic_modality,correctness,sigmoid,0,0.8,0.2102180884907252
la9w5ur,Arthur__vs__llm,epistemic_modality,correctness,sigmoid,0,0.8,0.2192488834274252
l9mynwi,Arthur__vs__llm,epistemic_modality,correctness,sigmoid,0,0.8,0.21824352949713857
lb047lv,Arthur__vs__llm,epistemic_modality,correctness,sigmoid,0,0.8,0.21774390096300641
lag1dto,Arthur__vs__llm,epistemic_modality,correctness,sigmoid,1,0.8,0.21824352949713857
l8lrpme,Arthur__vs__llm,epistemic_modality,correctness,sigmoid,1,1.0,0.3589868312391175
l9q15pl,Arthur__vs__llm,epistemic_modality,correctness,sigmoid,0,0.9,0.2847561339925929
lac445k,Arthur__vs__llm,epistemic_modality,correctness,sigmoid,0,0.8,0.21774390096300641
l9t6dk7,Arthur__vs__llm,epistemic_modality,correctness,sigmoid,0,0.8,0.21774390096300641
l7x3qxm,Arthur__vs__llm,epistemic_modality,correctness,sigmoid,0,0.8,0.21824352949713857
l89mf4q,Arthur__vs__llm,epistemic_modality,correctness,sigmoid,0,0.9,0.2847561339925929
lbl2mxj,Arthur__vs__llm,epistemic_modality,correctness,sigmoid,0,0.8,0.21824352949713857
l8b0jjc,Arthur__vs__llm,epistemic_modality,correctness,sigmoid,0,0.8,0.21443198514076406
l8mwxqc,Arthur__vs__llm,epistemic_modality,correctness,sigmoid,0,0.8,0.21824352949713857
l9p5x5n,Arthur__vs__llm,epistemic_modality,correctness,sigmoid,1,1.0,0.3589868312391175
l8a48iz,Arthur__vs__llm,epistemic_modality,correctness,sigmoid,1,0.8,0.2192488834274252
l8s0n8l,Arthur__vs__llm,epistemic_modality,correctness,sigmoid,0,0.9,0.2837550085740118
l8l6enl,Arthur__vs__llm,epistemic_modality,correctness,sigmoid,0,0.8,0.2102180884907252
laf27da,Arthur__vs__llm,epistemic_modality,correctness,sigmoid,0,1.0,0.362826264078024
l9n2a6w,Arthur__vs__llm,epistemic_modality,correctness,sigmoid,0,0.8,0.2102180884907252
l7z95u8,Arthur__vs__llm,epistemic_modality,correctness,sigmoid,0,0.8,0.2192488834274252
l91o73m,Arthur__vs__llm,epistemic_modality,correctness,sigmoid,0,0.8,0.21443198514076406
l7whtys,Arthur__vs__llm,epistemic_modality,correctness,sigmoid,1,0.95,0.32138185181644596
lbikhto,Arthur__vs__llm,epistemic_modality,correctness,sigmoid,0,0.8,0.21824352949713857
l9yt1eq,Arthur__vs__llm,epistemic_modality,correctness,sigmoid,1,1.0,0.362826264078024
ladkivx,Arthur__vs__llm,epistemic_modality,correctness,sigmoid,0,0.8,0.21774390096300641
l87xcd4,Arthur__vs__llm,epistemic_modality,correctness,sigmoid,0,0.8,0.2192488834274252
la6oicy,Arthur__vs__llm,epistemic_modality,correctness,sigmoid,0,0.8,0.21824352949713857
l85xyvb,Arthur__vs__llm,epistemic_modality,correctness,sigmoid,1,1.0,0.362826264078024
lblsr0b,Arthur__vs__llm,epistemic_modality,correctness,sigmoid,0,0.8,0.21443198514076406
l94vp8y,Arthur__vs__llm,epistemic_modality,correctness,sigmoid,0,1.0,0.35590387075082314
lb7wfmu,Arthur__vs__llm,epistemic_modality,correctness,sigmoid,1,1.0,0.362826264078024
lbcyx3n,Arthur__vs__llm,epistemic_modality,correctness,isotonic,0,0.8,0.10582010582010581
l9b1r7k,Arthur__vs__llm,epistemic_modality,correctness,isotonic,1,1.0,0.8157894736842105
l9nfu9z,Arthur__vs__llm,epistemic_modality,correctness,isotonic,0,0.7,0.12217194570135746
lbhwjs2,Arthur__vs__llm,epistemic_modality,correctness,isotonic,1,0.9,0.1111111111111111
laineeu,Arthur__vs__llm,epistemic_modality,correctness,isotonic,0,0.8,0.12322274881516587
l923179,Arthur__vs__llm,epistemic_modality,correctness,isotonic,0,0.8,0.10582010582010581
lbjwb52,Arthur__vs__llm,epistemic_modality,correctness,isotonic,0,0.8,0.1179245283018868
l9z5iy3,Arthur__vs__llm,epistemic_modality,correctness,isotonic,0,0.8,0.125
l7z98qx,Arthur__vs__llm,epistemic_modality,correctness,isotonic,0,0.8,0.10582010582010581
laxa4t8,Arthur__vs__llm,epistemic_modality,correctness,isotonic,0,0.6,0.06666666666666667
l8ba67x,Arthur__vs__llm,epistemic_modality,correctness,isotonic,0,0.8,0.12217194570135746
l9ljx88,Arthur__vs__llm,epistemic_modality,correctness,isotonic,0,0.8,0.12217194570135746
l9rnibl,Arthur__vs__llm,epistemic_modality,correctness,isotonic,0,0.8,0.125
l9fjlfi,Arthur__vs__llm,epistemic_modality,correctness,isotonic,0,0.8,0.10582010582010581
lalisq9,Arthur__vs__llm,epistemic_modality,correctness,isotonic,0,0.6,0.10526315789473684
la0bxuy,Arthur__vs__llm,epistemic_modality,correctness,isotonic,0,0.8,0.10582010582010581
l9inr0v,Arthur__vs__llm,epistemic_modality,correctness,isotonic,1,0.8,0.125
l7yh6qg,Arthur__vs__llm,epistemic_modality,correctness,isotonic,0,0.8,0.1179245283018868
lag7ebe,Arthur__vs__llm,epistemic_modality,correctness,isotonic,1,0.8,0.10582010582010581
l9lwm2m,Arthur__vs__llm,epistemic_modality,correctness,isotonic,0,0.8,0.12322274881516587
l8gl5i9,Arthur__vs__llm,epistemic_modality,correctness,isotonic,0,0.8,0.125
l9ne2u8,Arthur__vs__llm,epistemic_modality,correctness,isotonic,0,0.8,0.12217194570135746
lazn9pa,Arthur__vs__llm,epistemic_modality,correctness,isotonic,0,0.8,0.12322274881516587
lae34w9,Arthur__vs__llm,epistemic_modality,correctness,isotonic,1,0.8,0.125
lax2gzs,Arthur__vs__llm,epistemic_modality,correctness,isotonic,0,0.8,0.12217194570135746
l9lnt1s,Arthur__vs__llm,epistemic_modality,correctness,isotonic,0,0.8,0.10582010582010581
lae0vng,Arthur__vs__llm,epistemic_modality,correctness,isotonic,1,1.0,0.8157894736842105
l886669,Arthur__vs__llm,epistemic_modality,correctness,isotonic,0,0.8,0.12217194570135746
l9gowa9,Arthur__vs__llm,epistemic_modality,correctness,isotonic,0,0.8,0.1179245283018868
l9aobkr,Arthur__vs__llm,epistemic_modality,correctness,isotonic,1,0.8,0.125
l9yl3tw,Arthur__vs__llm,epistemic_modality,correctness,isotonic,0,0.8,0.1179245283018868
l9pj2n8,Arthur__vs__llm,epistemic_modality,correctness,isotonic,0,0.85,0.12217194570135746
l8knznf,Arthur__vs__llm,epistemic_modality,correctness,isotonic,1,1.0,0.8
lagmpvf,Arthur__vs__llm,epistemic_modality,correctness,isotonic,0,0.8,0.1179245283018868
l9ls0sc,Arthur__vs__llm,epistemic_modality,correctness,isotonic,0,0.8,0.10582010582010581
l8rvj1h,Arthur__vs__llm,epistemic_modality,correctness,isotonic,0,0.8,0.10582010582010581
l86t1mv,Arthur__vs__llm,epistemic_modality,correctness,isotonic,0,0.8,0.12217194570135746
l9rbctp,Arthur__vs__llm,epistemic_modality,correctness,isotonic,0,0.8,0.125
lal3dx3,Arthur__vs__llm,epistemic_modality,correctness,isotonic,1,0.8,0.12217194570135746
l88ucpt,Arthur__vs__llm,epistemic_modality,correctness,isotonic,1,1.0,0.8484848484848485
lam50or,Arthur__vs__llm,epistemic_modality,correctness,isotonic,0,0.8,0.125
l96lqud,Arthur__vs__llm,epistemic_modality,correctness,isotonic,1,1.0,0.8157894736842105
l9oapl9,Arthur__vs__llm,epistemic_modality,correctness,isotonic,0,0.8,0.12322274881516587
l98ll5k,Arthur__vs__llm,epistemic_modality,correctness,isotonic,0,0.8,0.1179245283018868
l9blfe7,Arthur__vs__llm,epistemic_modality,correctness,isotonic,0,0.8,0.125
l9o23yd,Arthur__vs__llm,epistemic_modality,correctness,isotonic,0,0.8,0.10582010582010581
l9ok0zv,Arthur__vs__llm,epistemic_modality,correctness,isotonic,1,1.0,0.8
l9n3htm,Arthur__vs__llm,epistemic_modality,correctness,isotonic,0,0.8,0.12217194570135746
l91quzy,Arthur__vs__llm,epistemic_modality,correctness,isotonic,0,0.8,0.12322274881516587
l9ugy18,Arthur__vs__llm,epistemic_modality,correctness,isotonic,0,0.8,0.12217194570135746
l9i9acx,Arthur__vs__llm,epistemic_modality,correctness,isotonic,1,0.8,0.1179245283018868
l91eqfs,Arthur__vs__llm,epistemic_modality,correctness,isotonic,0,0.8,0.12322274881516587
l929z0f,Arthur__vs__llm,epistemic_modality,correctness,isotonic,1,1.0,0.7659574468085106
l9wqlfk,Arthur__vs__llm,epistemic_modality,correctness,isotonic,0,0.8,0.1179245283018868
l9ud3dv,Arthur__vs__llm,epistemic_modality,correctness,isotonic,0,0.8,0.125
la4xvvf,Arthur__vs__llm,epistemic_modality,correctness,isotonic,0,0.8,0.125
l958g2o,Arthur__vs__llm,epistemic_modality,correctness,isotonic,1,0.6,0.06666666666666667
l9nj4dq,Arthur__vs__llm,epistemic_modality,correctness,isotonic,0,0.8,0.10582010582010581
labtd52,Arthur__vs__llm,epistemic_modality,correctness,isotonic,1,1.0,0.8484848484848485
l9r5y4i,Arthur__vs__llm,epistemic_modality,correctness,isotonic,0,0.9,0.14285714285714285
l9j37bz,Arthur__vs__llm,epistemic_modality,correctness,isotonic,0,0.8,0.12217194570135746
l7zd8sv,Arthur__vs__llm,epistemic_modality,correctness,isotonic,0,0.9,0.15384615384615385
la4o8tp,Arthur__vs__llm,epistemic_modality,correctness,isotonic,0,0.8,0.12217194570135746
l9mo64d,Arthur__vs__llm,epistemic_modality,correctness,isotonic,0,0.8,0.12322274881516587
lbbacwk,Arthur__vs__llm,epistemic_modality,correctness,isotonic,1,0.7,0.10526315789473684
l852mv7,Arthur__vs__llm,epistemic_modality,correctness,isotonic,0,0.8,0.10582010582010581
lbc8weg,Arthur__vs__llm,epistemic_modality,correctness,isotonic,0,0.8,0.125
l9enz5u,Arthur__vs__llm,epistemic_modality,correctness,isotonic,0,0.6,0.06666666666666667
la88e0d,Arthur__vs__llm,epistemic_modality,correctness,isotonic,0,0.8,0.12217194570135746
lb4f62l,Arthur__vs__llm,epistemic_modality,correctness,isotonic,0,0.8,0.1179245283018868
l8cc35d,Arthur__vs__llm,epistemic_modality,correctness,isotonic,0,0.8,0.12322274881516587
l8s749m,Arthur__vs__llm,epistemic_modality,correctness,isotonic,0,0.8,0.12322274881516587
l9l6lq8,Arthur__vs__llm,epistemic_modality,correctness,isotonic,0,0.8,0.10582010582010581
laeesl4,Arthur__vs__llm,epistemic_modality,correctness,isotonic,0,0.95,0.8
lagn373,Arthur__vs__llm,epistemic_modality,correctness,isotonic,0,0.8,0.1179245283018868
la5g88p,Arthur__vs__llm,epistemic_modality,correctness,isotonic,0,0.8,0.1179245283018868
l921g4w,Arthur__vs__llm,epistemic_modality,correctness,isotonic,1,0.8,0.10582010582010581
lb0x5j6,Arthur__vs__llm,epistemic_modality,correctness,isotonic,0,0.8,0.12322274881516587
l9mo5vr,Arthur__vs__llm,epistemic_modality,correctness,isotonic,0,0.8,0.12322274881516587
l99jy55,Arthur__vs__llm,epistemic_modality,correctness,isotonic,1,1.0,0.8484848484848485
laiyyxz,Arthur__vs__llm,epistemic_modality,correctness,isotonic,1,1.0,0.7659574468085106
l9iz6ys,Arthur__vs__llm,epistemic_modality,correctness,isotonic,0,0.8,0.125
laocd8d,Arthur__vs__llm,epistemic_modality,correctness,isotonic,0,0.7,0.10526315789473684
laduen4,Arthur__vs__llm,epistemic_modality,correctness,isotonic,0,0.8,0.1179245283018868
l8qfoy3,Arthur__vs__llm,epistemic_modality,correctness,isotonic,0,0.8,0.10582010582010581
l9cdn11,Arthur__vs__llm,epistemic_modality,correctness,isotonic,0,1.0,0.8484848484848485
lbm6akp,Arthur__vs__llm,epistemic_modality,correctness,isotonic,0,0.8,0.1179245283018868
lackr2s,Arthur__vs__llm,epistemic_modality,correctness,isotonic,0,0.8,0.125
l9lzpbk,Arthur__vs__llm,epistemic_modality,correctness,isotonic,0,0.8,0.12322274881516587
l89s229,Arthur__vs__llm,epistemic_modality,correctness,isotonic,0,0.8,0.1179245283018868
l9lhgmk,Arthur__vs__llm,epistemic_modality,correctness,isotonic,1,1.0,0.8
l87q6d4,Arthur__vs__llm,epistemic_modality,correctness,isotonic,0,0.8,0.125
l99k57x,Arthur__vs__llm,epistemic_modality,correctness,isotonic,1,1.0,0.8
lbipeiw,Arthur__vs__llm,epistemic_modality,correctness,isotonic,0,0.8,0.12322274881516587
ladoc4w,Arthur__vs__llm,epistemic_modality,correctness,isotonic,1,0.8,0.12217194570135746
la035bq,Arthur__vs__llm,epistemic_modality,correctness,isotonic,0,0.8,0.1179245283018868
l9kooj0,Arthur__vs__llm,epistemic_modality,correctness,isotonic,1,0.8,0.12322274881516587
l9n6d1s,Arthur__vs__llm,epistemic_modality,correctness,isotonic,0,1.0,0.8484848484848485
la2y5mq,Arthur__vs__llm,epistemic_modality,correctness,isotonic,0,0.8,0.1179245283018868
ladvrj9,Arthur__vs__llm,epistemic_modality,correctness,isotonic,0,1.0,0.8095238095238095
lagdq9c,Arthur__vs__llm,epistemic_modality,correctness,isotonic,0,0.8,0.1179245283018868
l9mjovr,Arthur__vs__llm,epistemic_modality,correctness,isotonic,0,0.8,0.10582010582010581
l9nsxmj,Arthur__vs__llm,epistemic_modality,correctness,isotonic,0,0.8,0.12322274881516587
lb04ydk,Arthur__vs__llm,epistemic_modality,correctness,isotonic,1,1.0,0.8
lam9gor,Arthur__vs__llm,epistemic_modality,correctness,isotonic,1,0.8,0.10582010582010581
l9l6or5,Arthur__vs__llm,epistemic_modality,correctness,isotonic,0,0.8,0.12217194570135746
laz2tx3,Arthur__vs__llm,epistemic_modality,correctness,isotonic,1,0.95,0.6666666666666666
l95b4im,Arthur__vs__llm,epistemic_modality,correctness,isotonic,1,0.8,0.10582010582010581
l8y5s8g,Arthur__vs__llm,epistemic_modality,correctness,isotonic,0,0.8,0.125
laggm72,Arthur__vs__llm,epistemic_modality,correctness,isotonic,1,0.95,0.8
l8y3oft,Arthur__vs__llm,epistemic_modality,correctness,isotonic,1,1.0,0.7659574468085106
l815359,Arthur__vs__llm,epistemic_modality,correctness,isotonic,0,0.8,0.12322274881516587
l8cymda,Arthur__vs__llm,epistemic_modality,correctness,isotonic,0,0.8,0.1179245283018868
lbmadit,Arthur__vs__llm,epistemic_modality,correctness,isotonic,0,0.6,0.12217194570135746
l9jj223,Arthur__vs__llm,epistemic_modality,correctness,isotonic,1,0.8,0.125
lbnrkxv,Arthur__vs__llm,epistemic_modality,correctness,isotonic,0,0.8,0.12322274881516587
l9ra8bu,Arthur__vs__llm,epistemic_modality,correctness,isotonic,0,0.8,0.1179245283018868
l8bst7l,Arthur__vs__llm,epistemic_modality,correctness,isotonic,1,1.0,0.8
l9j1tr2,Arthur__vs__llm,epistemic_modality,correctness,isotonic,0,0.95,0.7659574468085106
l9mi4kc,Arthur__vs__llm,epistemic_modality,correctness,isotonic,0,0.8,0.125
lahlnqd,Arthur__vs__llm,epistemic_modality,correctness,isotonic,0,0.8,0.12322274881516587
l99m6yn,Arthur__vs__llm,epistemic_modality,correctness,isotonic,1,0.6,0.10526315789473684
l94my7l,Arthur__vs__llm,epistemic_modality,correctness,isotonic,1,1.0,0.8484848484848485
lado83d,Arthur__vs__llm,epistemic_modality,correctness,isotonic,1,1.0,0.8
l97u9q3,Arthur__vs__llm,epistemic_modality,correctness,isotonic,0,0.8,0.125
l9p7a2l,Arthur__vs__llm,epistemic_modality,correctness,isotonic,0,0.8,0.12322274881516587
la87lox,Arthur__vs__llm,epistemic_modality,correctness,isotonic,0,0.9,0.1111111111111111
lbg0fzq,Arthur__vs__llm,epistemic_modality,correctness,isotonic,0,0.8,0.10582010582010581
l9m6q26,Arthur__vs__llm,epistemic_modality,correctness,isotonic,1,1.0,0.8
lbc9ztp,Arthur__vs__llm,epistemic_modality,correctness,isotonic,0,0.8,0.12217194570135746
l9dxpci,Arthur__vs__llm,epistemic_modality,correctness,isotonic,0,0.8,0.12217194570135746
lavm74r,Arthur__vs__llm,epistemic_modality,correctness,isotonic,0,0.8,0.12217194570135746
lafv6th,Arthur__vs__llm,epistemic_modality,correctness,isotonic,0,0.8,0.12217194570135746
lbgmc1v,Arthur__vs__llm,epistemic_modality,correctness,isotonic,0,0.8,0.12217194570135746
lbgupf7,Arthur__vs__llm,epistemic_modality,correctness,isotonic,0,0.8,0.1179245283018868
lal0e50,Arthur__vs__llm,epistemic_modality,correctness,isotonic,0,0.8,0.12217194570135746
laiabc5,Arthur__vs__llm,epistemic_modality,correctness,isotonic,0,1.0,0.8484848484848485
lbc9ybp,Arthur__vs__llm,epistemic_modality,correctness,isotonic,0,0.8,0.12322274881516587
l82o91p,Arthur__vs__llm,epistemic_modality,correctness,isotonic,0,0.8,0.125
l9kj0w5,Arthur__vs__llm,epistemic_modality,correctness,isotonic,1,0.8,0.10582010582010581
l9xpw08,Arthur__vs__llm,epistemic_modality,correctness,isotonic,0,0.8,0.10582010582010581
l85qgnp,Arthur__vs__llm,epistemic_modality,correctness,isotonic,0,0.9,0.12217194570135746
lb4eg7g,Arthur__vs__llm,epistemic_modality,correctness,isotonic,0,0.8,0.10582010582010581
la8zggn,Arthur__vs__llm,epistemic_modality,correctness,isotonic,0,0.8,0.12322274881516587
lb7hb5m,Arthur__vs__llm,epistemic_modality,correctness,isotonic,1,0.95,0.6666666666666666
l9hw9kq,Arthur__vs__llm,epistemic_modality,correctness,isotonic,0,0.8,0.1179245283018868
l9pobdn,Arthur__vs__llm,epistemic_modality,correctness,isotonic,0,0.8,0.125
l8aceqo,Arthur__vs__llm,epistemic_modality,correctness,isotonic,0,0.8,0.12322274881516587
lbm8q3d,Arthur__vs__llm,epistemic_modality,correctness,isotonic,0,0.8,0.12217194570135746
lb5jfj3,Arthur__vs__llm,epistemic_modality,correctness,isotonic,1,0.8,0.12322274881516587
la3zobt,Arthur__vs__llm,epistemic_modality,correctness,isotonic,0,0.8,0.1179245283018868
lbc93br,Arthur__vs__llm,epistemic_modality,correctness,isotonic,0,0.6,0.06666666666666667
l84ewxa,Arthur__vs__llm,epistemic_modality,correctness,isotonic,0,0.8,0.12322274881516587
l95jgxs,Arthur__vs__llm,epistemic_modality,correctness,isotonic,0,0.8,0.1179245283018868
laf3322,Arthur__vs__llm,epistemic_modality,correctness,isotonic,1,1.0,0.7659574468085106
lbmgukc,Arthur__vs__llm,epistemic_modality,correctness,isotonic,0,0.8,0.12217194570135746
l9s2edv,Arthur__vs__llm,epistemic_modality,correctness,isotonic,1,1.0,0.8095238095238095
l98scdm,Arthur__vs__llm,epistemic_modality,correctness,isotonic,0,0.8,0.10582010582010581
l9co9nz,Arthur__vs__llm,epistemic_modality,correctness,isotonic,0,0.8,0.125
lbcjpc9,Arthur__vs__llm,epistemic_modality,correctness,isotonic,0,0.8,0.1179245283018868
l9pxej9,Arthur__vs__llm,epistemic_modality,correctness,isotonic,0,0.8,0.125
lbmiyxc,Arthur__vs__llm,epistemic_modality,correctness,isotonic,1,0.8,0.10582010582010581
lbdptwc,Arthur__vs__llm,epistemic_modality,correctness,isotonic,0,0.8,0.1179245283018868
lagsru7,Arthur__vs__llm,epistemic_modality,correctness,isotonic,0,0.6,0.12217194570135746
l9lqko7,Arthur__vs__llm,epistemic_modality,correctness,isotonic,0,0.8,0.12217194570135746
l94qfeu,Arthur__vs__llm,epistemic_modality,correctness,isotonic,0,0.9,0.15384615384615385
lb4ffvc,Arthur__vs__llm,epistemic_modality,correctness,isotonic,1,0.8,0.1179245283018868
lb7hlw8,Arthur__vs__llm,epistemic_modality,correctness,isotonic,1,1.0,0.8484848484848485
l9o4m6t,Arthur__vs__llm,epistemic_modality,correctness,isotonic,0,1.0,0.8157894736842105
ladjia1,Arthur__vs__llm,epistemic_modality,correctness,isotonic,0,1.0,0.8
l9nldea,Arthur__vs__llm,epistemic_modality,correctness,isotonic,0,0.8,0.10582010582010581
l7whu3g,Arthur__vs__llm,epistemic_modality,correctness,isotonic,0,0.8,0.125
lb3u7cv,Arthur__vs__llm,epistemic_modality,correctness,isotonic,1,1.0,0.8157894736842105
l9i8eyp,Arthur__vs__llm,epistemic_modality,correctness,isotonic,0,0.8,0.125
la7zmvh,Arthur__vs__llm,epistemic_modality,correctness,isotonic,1,0.95,0.6666666666666666
lb7t9ln,Arthur__vs__llm,epistemic_modality,correctness,isotonic,0,0.6,0.10526315789473684
lag2u2u,Arthur__vs__llm,epistemic_modality,correctness,isotonic,0,0.8,0.12322274881516587
lbgx156,Arthur__vs__llm,epistemic_modality,correctness,isotonic,0,0.8,0.12217194570135746
lbgvfbg,Arthur__vs__llm,epistemic_modality,correctness,isotonic,0,0.95,0.7777777777777778
l9mnxjh,Arthur__vs__llm,epistemic_modality,correctness,isotonic,0,0.6,0.06666666666666667
l9rlvrr,Arthur__vs__llm,epistemic_modality,correctness,isotonic,0,0.8,0.1179245283018868
lblwjs6,Arthur__vs__llm,epistemic_modality,correctness,isotonic,0,0.8,0.12217194570135746
l9gucuu,Arthur__vs__llm,epistemic_modality,correctness,isotonic,0,0.8,0.10582010582010581
l90fwdz,Arthur__vs__llm,epistemic_modality,correctness,isotonic,0,0.8,0.10582010582010581
l9ey7ss,Arthur__vs__llm,epistemic_modality,correctness,isotonic,1,1.0,0.7659574468085106
l9x07o6,Arthur__vs__llm,epistemic_modality,correctness,isotonic,0,0.8,0.12217194570135746
l9yrplw,Arthur__vs__llm,epistemic_modality,correctness,isotonic,1,0.8,0.10582010582010581
lb7jzoh,Arthur__vs__llm,epistemic_modality,correctness,isotonic,0,0.9,0.1111111111111111
l9j2dld,Arthur__vs__llm,epistemic_modality,correctness,isotonic,1,0.8,0.12322274881516587
lbcdaqm,Arthur__vs__llm,epistemic_modality,correctness,isotonic,0,0.8,0.12217194570135746
l9h1o8g,Arthur__vs__llm,epistemic_modality,correctness,isotonic,0,0.8,0.1179245283018868
lbhwgd2,Arthur__vs__llm,epistemic_modality,correctness,isotonic,1,1.0,0.8
lakztne,Arthur__vs__llm,epistemic_modality,correctness,isotonic,0,0.8,0.12217194570135746
lakk0oc,Arthur__vs__llm,epistemic_modality,correctness,isotonic,1,0.9,0.12217194570135746
lauxvzo,Arthur__vs__llm,epistemic_modality,correctness,isotonic,0,0.8,0.1179245283018868
l8bjje6,Arthur__vs__llm,epistemic_modality,correctness,isotonic,0,0.8,0.125
l9j2hie,Arthur__vs__llm,epistemic_modality,correctness,isotonic,0,0.8,0.1179245283018868
l98am7e,Arthur__vs__llm,epistemic_modality,correctness,isotonic,1,1.0,0.8095238095238095
l8byf87,Arthur__vs__llm,epistemic_modality,correctness,isotonic,0,0.8,0.12322274881516587
l93g2gp,Arthur__vs__llm,epistemic_modality,correctness,isotonic,0,0.6,0.1179245283018868
l925p2k,Arthur__vs__llm,epistemic_modality,correctness,isotonic,0,0.8,0.1179245283018868
lb7d5nn,Arthur__vs__llm,epistemic_modality,correctness,isotonic,0,0.6,0.10526315789473684
l8xu7ix,Arthur__vs__llm,epistemic_modality,correctness,isotonic,0,0.8,0.125
l9m36ns,Arthur__vs__llm,epistemic_modality,correctness,isotonic,0,0.6,0.12322274881516587
lamdwg3,Arthur__vs__llm,epistemic_modality,correctness,isotonic,0,0.8,0.125
lbnqk66,Arthur__vs__llm,epistemic_modality,correctness,isotonic,0,0.8,0.12322274881516587
l92ev0i,Arthur__vs__llm,epistemic_modality,correctness,isotonic,1,0.95,0.6666666666666666
l9kzp7k,Arthur__vs__llm,epistemic_modality,correctness,isotonic,1,0.8,0.12322274881516587
ladusqz,Arthur__vs__llm,epistemic_modality,correctness,isotonic,0,0.6,0.12217194570135746
l85iaai,Arthur__vs__llm,epistemic_modality,correctness,isotonic,1,0.8,0.1179245283018868
larzixe,Arthur__vs__llm,epistemic_modality,correctness,isotonic,0,0.8,0.125
lakr4r0,Arthur__vs__llm,epistemic_modality,correctness,isotonic,0,0.8,0.125
la3fh2d,Arthur__vs__llm,epistemic_modality,correctness,isotonic,0,0.8,0.12217194570135746
laackev,Arthur__vs__llm,epistemic_modality,correctness,isotonic,0,0.8,0.1179245283018868
lbl8edv,Arthur__vs__llm,epistemic_modality,correctness,isotonic,1,0.8,0.1179245283018868
l8alzsf,Arthur__vs__llm,epistemic_modality,correctness,isotonic,0,0.8,0.1179245283018868
l97ffzg,Arthur__vs__llm,epistemic_modality,correctness,isotonic,0,0.6,0.12217194570135746
laejxyi,Arthur__vs__llm,epistemic_modality,correctness,isotonic,0,0.8,0.125
l9mb2io,Arthur__vs__llm,epistemic_modality,correctness,isotonic,0,0.8,0.10582010582010581
l9zoaz9,Arthur__vs__llm,epistemic_modality,correctness,isotonic,0,0.8,0.12322274881516587
laddsag,Arthur__vs__llm,epistemic_modality,correctness,isotonic,0,0.8,0.12217194570135746
l9pkzi5,Arthur__vs__llm,epistemic_modality,correctness,isotonic,0,0.8,0.10582010582010581
l9lo63k,Arthur__vs__llm,epistemic_modality,correctness,isotonic,0,0.8,0.12217194570135746
l9ithe4,Arthur__vs__llm,epistemic_modality,correctness,isotonic,0,0.8,0.12322274881516587
lbirrmt,Arthur__vs__llm,epistemic_modality,correctness,isotonic,0,0.8,0.125
l9etsuw,Arthur__vs__llm,epistemic_modality,correctness,isotonic,0,0.8,0.125
l7zqqv1,Arthur__vs__llm,epistemic_modality,correctness,isotonic,0,0.8,0.12217194570135746
l968z7u,Arthur__vs__llm,epistemic_modality,correctness,isotonic,1,0.8,0.12217194570135746
lata8x6,Arthur__vs__llm,epistemic_modality,correctness,isotonic,0,0.6,0.1179245283018868
lawus8i,Arthur__vs__llm,epistemic_modality,correctness,isotonic,0,0.8,0.125
l947md5,Arthur__vs__llm,epistemic_modality,correctness,isotonic,0,0.9,0.12217194570135746
l8mxn3x,Arthur__vs__llm,epistemic_modality,correctness,isotonic,0,0.6,0.1179245283018868
l9mm30r,Arthur__vs__llm,epistemic_modality,correctness,isotonic,0,0.8,0.12322274881516587
l8r27kz,Arthur__vs__llm,epistemic_modality,correctness,isotonic,0,0.8,0.1179245283018868
lbkj34u,Arthur__vs__llm,epistemic_modality,correctness,isotonic,0,0.9,0.1111111111111111
l8xhaay,Arthur__vs__llm,epistemic_modality,correctness,isotonic,0,0.8,0.125
l9k6wsu,Arthur__vs__llm,epistemic_modality,correctness,isotonic,1,1.0,0.7659574468085106
l9z6228,Arthur__vs__llm,epistemic_modality,correctness,isotonic,0,0.8,0.10582010582010581
lb4d0t7,Arthur__vs__llm,epistemic_modality,correctness,isotonic,1,0.8,0.1179245283018868
ladhiz5,Arthur__vs__llm,epistemic_modality,correctness,isotonic,0,0.8,0.12217194570135746
l9oq9jh,Arthur__vs__llm,epistemic_modality,correctness,isotonic,0,0.8,0.125
l9g4laq,Arthur__vs__llm,epistemic_modality,correctness,isotonic,1,1.0,0.8484848484848485
l9lwe7h,Arthur__vs__llm,epistemic_modality,correctness,isotonic,0,0.7,0.12322274881516587
lb3e2s4,Arthur__vs__llm,epistemic_modality,correctness,isotonic,0,0.8,0.12217194570135746
la6lya2,Arthur__vs__llm,epistemic_modality,correctness,isotonic,0,0.8,0.10582010582010581
ladopo7,Arthur__vs__llm,epistemic_modality,correctness,isotonic,1,1.0,0.8157894736842105
l97xyqg,Arthur__vs__llm,epistemic_modality,correctness,isotonic,1,1.0,0.8157894736842105
l9t64uy,Arthur__vs__llm,epistemic_modality,correctness,isotonic,0,0.8,0.12217194570135746
la8p1yt,Arthur__vs__llm,epistemic_modality,correctness,isotonic,0,0.8,0.125
l9n9txg,Arthur__vs__llm,epistemic_modality,correctness,isotonic,0,0.8,0.10582010582010581
l9p95z5,Arthur__vs__llm,epistemic_modality,correctness,isotonic,0,0.8,0.1179245283018868
l89b3id,Arthur__vs__llm,epistemic_modality,correctness,isotonic,0,0.8,0.12322274881516587
laxl99q,Arthur__vs__llm,epistemic_modality,correctness,isotonic,0,0.8,0.12322274881516587
la31xp1,Arthur__vs__llm,epistemic_modality,correctness,isotonic,0,0.9,0.1111111111111111
la6gvel,Arthur__vs__llm,epistemic_modality,correctness,isotonic,0,0.8,0.10582010582010581
lbk23vy,Arthur__vs__llm,epistemic_modality,correctness,isotonic,0,0.8,0.12322274881516587
l9pdksg,Arthur__vs__llm,epistemic_modality,correctness,isotonic,0,1.0,0.8157894736842105
lax3tkk,Arthur__vs__llm,epistemic_modality,correctness,isotonic,0,0.8,0.12217194570135746
l9kniso,Arthur__vs__llm,epistemic_modality,correctness,isotonic,0,0.8,0.12322274881516587
l8qg3ev,Arthur__vs__llm,epistemic_modality,correctness,isotonic,0,0.6,0.10526315789473684
l8xvus5,Arthur__vs__llm,epistemic_modality,correctness,isotonic,1,1.0,0.7659574468085106
lbg26yh,Arthur__vs__llm,epistemic_modality,correctness,isotonic,1,1.0,0.7659574468085106
l8rzo0j,Arthur__vs__llm,epistemic_modality,correctness,isotonic,1,1.0,0.8095238095238095
l8awua9,Arthur__vs__llm,epistemic_modality,correctness,isotonic,0,0.8,0.1179245283018868
l8qheky,Arthur__vs__llm,epistemic_modality,correctness,isotonic,0,0.8,0.12217194570135746
l90lqvy,Arthur__vs__llm,epistemic_modality,correctness,isotonic,0,0.8,0.125
l86v1rq,Arthur__vs__llm,epistemic_modality,correctness,isotonic,0,0.8,0.12322274881516587
l9narp9,Arthur__vs__llm,epistemic_modality,correctness,isotonic,0,0.8,0.10582010582010581
lakv7lf,Arthur__vs__llm,epistemic_modality,correctness,isotonic,0,0.8,0.1179245283018868
l9wcq11,Arthur__vs__llm,epistemic_modality,correctness,isotonic,0,0.8,0.10582010582010581
l9fhq5a,Arthur__vs__llm,epistemic_modality,correctness,isotonic,0,0.8,0.10582010582010581
lb7n7qo,Arthur__vs__llm,epistemic_modality,correctness,isotonic,0,0.8,0.12322274881516587
l91x79i,Arthur__vs__llm,epistemic_modality,correctness,isotonic,0,0.8,0.12322274881516587
lb8ivrh,Arthur__vs__llm,epistemic_modality,correctness,isotonic,0,0.8,0.1179245283018868
larwml3,Arthur__vs__llm,epistemic_modality,correctness,isotonic,0,0.9,0.12217194570135746
l9g5enb,Arthur__vs__llm,epistemic_modality,correctness,isotonic,0,0.8,0.10582010582010581
l9ne5iw,Arthur__vs__llm,epistemic_modality,correctness,isotonic,0,0.8,0.125
l8nw2ts,Arthur__vs__llm,epistemic_modality,correctness,isotonic,0,0.8,0.10582010582010581
lbg8gqk,Arthur__vs__llm,epistemic_modality,correctness,isotonic,1,0.95,0.6666666666666666
la63dhs,Arthur__vs__llm,epistemic_modality,correctness,isotonic,0,0.8,0.125
l9o31o8,Arthur__vs__llm,epistemic_modality,correctness,isotonic,0,0.8,0.10582010582010581
la3bcqj,Arthur__vs__llm,epistemic_modality,correctness,isotonic,1,0.6,0.06666666666666667
lbjqq6a,Arthur__vs__llm,epistemic_modality,correctness,isotonic,0,0.7,0.10526315789473684
l9pet9y,Arthur__vs__llm,epistemic_modality,correctness,isotonic,0,0.8,0.10582010582010581
l9yw8ul,Arthur__vs__llm,epistemic_modality,correctness,isotonic,0,0.8,0.125
l94psqu,Arthur__vs__llm,epistemic_modality,correctness,isotonic,0,0.8,0.12322274881516587
lao89vd,Arthur__vs__llm,epistemic_modality,correctness,isotonic,0,0.8,0.10582010582010581
lb4eob2,Arthur__vs__llm,epistemic_modality,correctness,isotonic,0,0.8,0.12217194570135746
l8hg49w,Arthur__vs__llm,epistemic_modality,correctness,isotonic,0,0.8,0.12322274881516587
lb4e4lq,Arthur__vs__llm,epistemic_modality,correctness,isotonic,0,0.6,0.12217194570135746
lalrik8,Arthur__vs__llm,epistemic_modality,correctness,isotonic,1,0.95,0.7777777777777778
lae63qs,Arthur__vs__llm,epistemic_modality,correctness,isotonic,1,0.8,0.12217194570135746
l8l72hd,Arthur__vs__llm,epistemic_modality,correctness,isotonic,0,0.6,0.12322274881516587
l8aosij,Arthur__vs__llm,epistemic_modality,correctness,isotonic,0,0.8,0.125
la8jqoe,Arthur__vs__llm,epistemic_modality,correctness,isotonic,1,0.8,0.1179245283018868
l9uheza,Arthur__vs__llm,epistemic_modality,correctness,isotonic,0,0.8,0.125
lb8c54w,Arthur__vs__llm,epistemic_modality,correctness,isotonic,0,0.8,0.10582010582010581
la70o2m,Arthur__vs__llm,epistemic_modality,correctness,isotonic,0,0.8,0.125
lbix7mc,Arthur__vs__llm,epistemic_modality,correctness,isotonic,0,0.8,0.125
l9gzvi5,Arthur__vs__llm,epistemic_modality,correctness,isotonic,0,0.8,0.1179245283018868
lawpxc2,Arthur__vs__llm,epistemic_modality,correctness,isotonic,0,0.7,0.12217194570135746
lae4urb,Arthur__vs__llm,epistemic_modality,correctness,isotonic,0,0.8,0.125
lbhtco2,Arthur__vs__llm,epistemic_modality,correctness,isotonic,1,0.95,0.7777777777777778
la1cgq1,Arthur__vs__llm,epistemic_modality,correctness,isotonic,0,0.8,0.10582010582010581
la9w5ur,Arthur__vs__llm,epistemic_modality,correctness,isotonic,0,0.8,0.12217194570135746
l9mynwi,Arthur__vs__llm,epistemic_modality,correctness,isotonic,0,0.8,0.12322274881516587
lb047lv,Arthur__vs__llm,epistemic_modality,correctness,isotonic,0,0.8,0.1179245283018868
lag1dto,Arthur__vs__llm,epistemic_modality,correctness,isotonic,1,0.8,0.12322274881516587
l8lrpme,Arthur__vs__llm,epistemic_modality,correctness,isotonic,1,1.0,0.7659574468085106
l9q15pl,Arthur__vs__llm,epistemic_modality,correctness,isotonic,0,0.9,0.15384615384615385
lac445k,Arthur__vs__llm,epistemic_modality,correctness,isotonic,0,0.8,0.1179245283018868
l9t6dk7,Arthur__vs__llm,epistemic_modality,correctness,isotonic,0,0.8,0.1179245283018868
l7x3qxm,Arthur__vs__llm,epistemic_modality,correctness,isotonic,0,0.8,0.12322274881516587
l89mf4q,Arthur__vs__llm,epistemic_modality,correctness,isotonic,0,0.9,0.15384615384615385
lbl2mxj,Arthur__vs__llm,epistemic_modality,correctness,isotonic,0,0.8,0.12322274881516587
l8b0jjc,Arthur__vs__llm,epistemic_modality,correctness,isotonic,0,0.8,0.125
l8mwxqc,Arthur__vs__llm,epistemic_modality,correctness,isotonic,0,0.8,0.12322274881516587
l9p5x5n,Arthur__vs__llm,epistemic_modality,correctness,isotonic,1,1.0,0.7659574468085106
l8a48iz,Arthur__vs__llm,epistemic_modality,correctness,isotonic,1,0.8,0.12217194570135746
l8s0n8l,Arthur__vs__llm,epistemic_modality,correctness,isotonic,0,0.9,0.1111111111111111
l8l6enl,Arthur__vs__llm,epistemic_modality,correctness,isotonic,0,0.8,0.10582010582010581
laf27da,Arthur__vs__llm,epistemic_modality,correctness,isotonic,0,1.0,0.8484848484848485
l9n2a6w,Arthur__vs__llm,epistemic_modality,correctness,isotonic,0,0.8,0.10582010582010581
l7z95u8,Arthur__vs__llm,epistemic_modality,correctness,isotonic,0,0.8,0.12217194570135746
l91o73m,Arthur__vs__llm,epistemic_modality,correctness,isotonic,0,0.8,0.125
l7whtys,Arthur__vs__llm,epistemic_modality,correctness,isotonic,1,0.95,0.6666666666666666
lbikhto,Arthur__vs__llm,epistemic_modality,correctness,isotonic,0,0.8,0.12322274881516587
l9yt1eq,Arthur__vs__llm,epistemic_modality,correctness,isotonic,1,1.0,0.8484848484848485
ladkivx,Arthur__vs__llm,epistemic_modality,correctness,isotonic,0,0.8,0.1179245283018868
l87xcd4,Arthur__vs__llm,epistemic_modality,correctness,isotonic,0,0.8,0.12217194570135746
la6oicy,Arthur__vs__llm,epistemic_modality,correctness,isotonic,0,0.8,0.12322274881516587
l85xyvb,Arthur__vs__llm,epistemic_modality,correctness,isotonic,1,1.0,0.8484848484848485
lblsr0b,Arthur__vs__llm,epistemic_modality,correctness,isotonic,0,0.8,0.125
l94vp8y,Arthur__vs__llm,epistemic_modality,correctness,isotonic,0,1.0,0.8
lb7wfmu,Arthur__vs__llm,epistemic_modality,correctness,isotonic,1,1.0,0.8484848484848485
lbcyx3n,Arthur__vs__llm,justification_density,correctness,sigmoid,1,1.0,0.49435756743161524
l923179,Arthur__vs__llm,justification_density,correctness,sigmoid,0,0.8,0.39175195818082
l7z98qx,Arthur__vs__llm,justification_density,correctness,sigmoid,0,0.8,0.38504733514617545
l9ljx88,Arthur__vs__llm,justification_density,correctness,sigmoid,1,0.95,0.466556813910899
l9inr0v,Arthur__vs__llm,justification_density,correctness,sigmoid,0,0.8,0.3919922162630863
l7yh6qg,Arthur__vs__llm,justification_density,correctness,sigmoid,1,1.0,0.4930421919767438
lag7ebe,Arthur__vs__llm,justification_density,correctness,sigmoid,1,0.95,0.46684259326555333
lae34w9,Arthur__vs__llm,justification_density,correctness,sigmoid,1,0.95,0.46772135675788173
lax2gzs,Arthur__vs__llm,justification_density,correctness,sigmoid,1,0.95,0.466556813910899
l9aobkr,Arthur__vs__llm,justification_density,correctness,sigmoid,1,0.95,0.4691392346296365
l9yl3tw,Arthur__vs__llm,justification_density,correctness,sigmoid,0,0.8,0.3919922162630863
l9pj2n8,Arthur__vs__llm,justification_density,correctness,sigmoid,0,0.8,0.39175195818082
lal3dx3,Arthur__vs__llm,justification_density,correctness,sigmoid,0,0.8,0.3919922162630863
l9oapl9,Arthur__vs__llm,justification_density,correctness,sigmoid,0,0.8,0.3919922162630863
l98ll5k,Arthur__vs__llm,justification_density,correctness,sigmoid,0,0.8,0.38504733514617545
l9blfe7,Arthur__vs__llm,justification_density,correctness,sigmoid,1,0.95,0.46772135675788173
l91quzy,Arthur__vs__llm,justification_density,correctness,sigmoid,1,0.95,0.466556813910899
l9ugy18,Arthur__vs__llm,justification_density,correctness,sigmoid,1,0.95,0.46790864861810094
l9i9acx,Arthur__vs__llm,justification_density,correctness,sigmoid,0,0.8,0.38504733514617545
l9wqlfk,Arthur__vs__llm,justification_density,correctness,sigmoid,1,0.95,0.46790864861810094
l9ud3dv,Arthur__vs__llm,justification_density,correctness,sigmoid,1,0.8,0.39324828832505476
l958g2o,Arthur__vs__llm,justification_density,correctness,sigmoid,1,0.95,0.46684259326555333
l9nj4dq,Arthur__vs__llm,justification_density,correctness,sigmoid,1,1.0,0.49537888172407085
l9r5y4i,Arthur__vs__llm,justification_density,correctness,sigmoid,0,0.8,0.3919922162630863
l7zd8sv,Arthur__vs__llm,justification_density,correctness,sigmoid,0,0.8,0.39324828832505476
l9mo64d,Arthur__vs__llm,justification_density,correctness,sigmoid,0,0.8,0.3876344823022983
lbbacwk,Arthur__vs__llm,justification_density,correctness,sigmoid,0,0.8,0.3876344823022983
la88e0d,Arthur__vs__llm,justification_density,correctness,sigmoid,0,0.8,0.38504733514617545
lb4f62l,Arthur__vs__llm,justification_density,correctness,sigmoid,0,1.0,0.49435756743161524
l8cc35d,Arthur__vs__llm,justification_density,correctness,sigmoid,0,0.8,0.39175195818082
l8s749m,Arthur__vs__llm,justification_density,correctness,sigmoid,0,0.95,0.466556813910899
l9l6lq8,Arthur__vs__llm,justification_density,correctness,sigmoid,0,0.8,0.39324828832505476
lagn373,Arthur__vs__llm,justification_density,correctness,sigmoid,1,0.95,0.46790864861810094
la5g88p,Arthur__vs__llm,justification_density,correctness,sigmoid,0,0.8,0.3919922162630863
l921g4w,Arthur__vs__llm,justification_density,correctness,sigmoid,0,0.95,0.46684259326555333
lb0x5j6,Arthur__vs__llm,justification_density,correctness,sigmoid,1,0.95,0.4691392346296365
l9iz6ys,Arthur__vs__llm,justification_density,correctness,sigmoid,1,0.95,0.46772135675788173
laduen4,Arthur__vs__llm,justification_density,correctness,sigmoid,1,0.95,0.4691392346296365
l8qfoy3,Arthur__vs__llm,justification_density,correctness,sigmoid,1,0.95,0.46684259326555333
lbm6akp,Arthur__vs__llm,justification_density,correctness,sigmoid,0,0.8,0.39175195818082
lackr2s,Arthur__vs__llm,justification_density,correctness,sigmoid,0,0.8,0.38504733514617545
l9lzpbk,Arthur__vs__llm,justification_density,correctness,sigmoid,0,0.8,0.39324828832505476
lbipeiw,Arthur__vs__llm,justification_density,correctness,sigmoid,0,0.8,0.38504733514617545
lagdq9c,Arthur__vs__llm,justification_density,correctness,sigmoid,1,0.95,0.46772135675788173
l9mjovr,Arthur__vs__llm,justification_density,correctness,sigmoid,1,0.95,0.46772135675788173
l9nsxmj,Arthur__vs__llm,justification_density,correctness,sigmoid,1,0.95,0.466556813910899
lam9gor,Arthur__vs__llm,justification_density,correctness,sigmoid,1,0.95,0.46772135675788173
l815359,Arthur__vs__llm,justification_density,correctness,sigmoid,1,0.95,0.46684259326555333
l8cymda,Arthur__vs__llm,justification_density,correctness,sigmoid,1,1.0,0.493815770217428
l9jj223,Arthur__vs__llm,justification_density,correctness,sigmoid,1,0.95,0.4691392346296365
lbnrkxv,Arthur__vs__llm,justification_density,correctness,sigmoid,1,0.8,0.38504733514617545
l9ra8bu,Arthur__vs__llm,justification_density,correctness,sigmoid,0,0.95,0.4691392346296365
lahlnqd,Arthur__vs__llm,justification_density,correctness,sigmoid,0,0.95,0.466556813910899
l99m6yn,Arthur__vs__llm,justification_density,correctness,sigmoid,0,0.8,0.3876344823022983
la87lox,Arthur__vs__llm,justification_density,correctness,sigmoid,1,0.95,0.466556813910899
lafv6th,Arthur__vs__llm,justification_density,correctness,sigmoid,0,0.8,0.39175195818082
lbgmc1v,Arthur__vs__llm,justification_density,correctness,sigmoid,0,0.8,0.39175195818082
lal0e50,Arthur__vs__llm,justification_density,correctness,sigmoid,0,0.8,0.39324828832505476
l82o91p,Arthur__vs__llm,justification_density,correctness,sigmoid,1,0.95,0.466556813910899
l9kj0w5,Arthur__vs__llm,justification_density,correctness,sigmoid,0,0.8,0.39324828832505476
l85qgnp,Arthur__vs__llm,justification_density,correctness,sigmoid,1,1.0,0.49383100226050153
l9pobdn,Arthur__vs__llm,justification_density,correctness,sigmoid,0,0.95,0.4691392346296365
l8aceqo,Arthur__vs__llm,justification_density,correctness,sigmoid,1,0.95,0.46790864861810094
lbm8q3d,Arthur__vs__llm,justification_density,correctness,sigmoid,1,1.0,0.49383100226050153
lb5jfj3,Arthur__vs__llm,justification_density,correctness,sigmoid,0,0.8,0.3919922162630863
l84ewxa,Arthur__vs__llm,justification_density,correctness,sigmoid,0,0.8,0.39175195818082
l95jgxs,Arthur__vs__llm,justification_density,correctness,sigmoid,1,0.95,0.466556813910899
lbmgukc,Arthur__vs__llm,justification_density,correctness,sigmoid,0,0.8,0.39324828832505476
l9co9nz,Arthur__vs__llm,justification_density,correctness,sigmoid,0,1.0,0.4930421919767438
lagsru7,Arthur__vs__llm,justification_density,correctness,sigmoid,0,0.8,0.3876344823022983
l94qfeu,Arthur__vs__llm,justification_density,correctness,sigmoid,0,0.8,0.3876344823022983
l9nldea,Arthur__vs__llm,justification_density,correctness,sigmoid,1,0.95,0.4691392346296365
l9i8eyp,Arthur__vs__llm,justification_density,correctness,sigmoid,0,0.95,0.466556813910899
lag2u2u,Arthur__vs__llm,justification_density,correctness,sigmoid,0,0.95,0.46684259326555333
lbgvfbg,Arthur__vs__llm,justification_density,correctness,sigmoid,0,0.85,0.4177012630466983
l9rlvrr,Arthur__vs__llm,justification_density,correctness,sigmoid,0,0.8,0.39324828832505476
lblwjs6,Arthur__vs__llm,justification_density,correctness,sigmoid,0,0.8,0.38504733514617545
l9gucuu,Arthur__vs__llm,justification_density,correctness,sigmoid,0,0.8,0.39324828832505476
lb7jzoh,Arthur__vs__llm,justification_density,correctness,sigmoid,0,0.8,0.39175195818082
l9j2dld,Arthur__vs__llm,justification_density,correctness,sigmoid,0,0.95,0.46684259326555333
lbcdaqm,Arthur__vs__llm,justification_density,correctness,sigmoid,0,0.95,0.4691392346296365
l9h1o8g,Arthur__vs__llm,justification_density,correctness,sigmoid,0,0.8,0.39175195818082
lakztne,Arthur__vs__llm,justification_density,correctness,sigmoid,0,1.0,0.49383100226050153
lauxvzo,Arthur__vs__llm,justification_density,correctness,sigmoid,0,0.85,0.4173088902184801
l8byf87,Arthur__vs__llm,justification_density,correctness,sigmoid,1,0.95,0.46790864861810094
l925p2k,Arthur__vs__llm,justification_density,correctness,sigmoid,0,0.8,0.3919922162630863
l8xu7ix,Arthur__vs__llm,justification_density,correctness,sigmoid,0,1.0,0.49537888172407085
l85iaai,Arthur__vs__llm,justification_density,correctness,sigmoid,0,1.0,0.49383100226050153
lakr4r0,Arthur__vs__llm,justification_density,correctness,sigmoid,0,0.8,0.38504733514617545
la3fh2d,Arthur__vs__llm,justification_density,correctness,sigmoid,1,0.95,0.46790864861810094
lbl8edv,Arthur__vs__llm,justification_density,correctness,sigmoid,1,0.95,0.4691392346296365
l8alzsf,Arthur__vs__llm,justification_density,correctness,sigmoid,1,0.8,0.3876344823022983
laejxyi,Arthur__vs__llm,justification_density,correctness,sigmoid,0,0.95,0.466556813910899
l9mb2io,Arthur__vs__llm,justification_density,correctness,sigmoid,1,0.95,0.46772135675788173
l9zoaz9,Arthur__vs__llm,justification_density,correctness,sigmoid,0,0.8,0.39175195818082
l9pkzi5,Arthur__vs__llm,justification_density,correctness,sigmoid,1,0.95,0.46790864861810094
l9ithe4,Arthur__vs__llm,justification_density,correctness,sigmoid,0,0.8,0.39324828832505476
lbirrmt,Arthur__vs__llm,justification_density,correctness,sigmoid,1,0.8,0.38504733514617545
l9etsuw,Arthur__vs__llm,justification_density,correctness,sigmoid,0,0.95,0.4691392346296365
l7zqqv1,Arthur__vs__llm,justification_density,correctness,sigmoid,1,0.95,0.46684259326555333
l968z7u,Arthur__vs__llm,justification_density,correctness,sigmoid,0,1.0,0.493815770217428
lawus8i,Arthur__vs__llm,justification_density,correctness,sigmoid,0,0.8,0.3876344823022983
l8r27kz,Arthur__vs__llm,justification_density,correctness,sigmoid,1,0.8,0.39175195818082
l9z6228,Arthur__vs__llm,justification_density,correctness,sigmoid,0,0.8,0.3876344823022983
lb4d0t7,Arthur__vs__llm,justification_density,correctness,sigmoid,0,0.8,0.3919922162630863
l9g4laq,Arthur__vs__llm,justification_density,correctness,sigmoid,1,0.95,0.46790864861810094
lb3e2s4,Arthur__vs__llm,justification_density,correctness,sigmoid,1,0.95,0.46684259326555333
la6lya2,Arthur__vs__llm,justification_density,correctness,sigmoid,0,0.8,0.3876344823022983
l9t64uy,Arthur__vs__llm,justification_density,correctness,sigmoid,0,0.95,0.46772135675788173
la8p1yt,Arthur__vs__llm,justification_density,correctness,sigmoid,0,0.95,0.46772135675788173
l9n9txg,Arthur__vs__llm,justification_density,correctness,sigmoid,0,1.0,0.493815770217428
l9p95z5,Arthur__vs__llm,justification_density,correctness,sigmoid,0,0.8,0.39324828832505476
laxl99q,Arthur__vs__llm,justification_density,correctness,sigmoid,0,0.8,0.3876344823022983
la31xp1,Arthur__vs__llm,justification_density,correctness,sigmoid,0,0.95,0.4691392346296365
lax3tkk,Arthur__vs__llm,justification_density,correctness,sigmoid,1,0.95,0.46684259326555333
l8xvus5,Arthur__vs__llm,justification_density,correctness,sigmoid,1,1.0,0.4930421919767438
l8awua9,Arthur__vs__llm,justification_density,correctness,sigmoid,1,0.95,0.4691392346296365
l90lqvy,Arthur__vs__llm,justification_density,correctness,sigmoid,0,0.95,0.46790864861810094
l86v1rq,Arthur__vs__llm,justification_density,correctness,sigmoid,0,0.8,0.3919922162630863
l9narp9,Arthur__vs__llm,justification_density,correctness,sigmoid,1,0.95,0.46772135675788173
l9fhq5a,Arthur__vs__llm,justification_density,correctness,sigmoid,1,0.95,0.466556813910899
lb7n7qo,Arthur__vs__llm,justification_density,correctness,sigmoid,0,0.8,0.3876344823022983
larwml3,Arthur__vs__llm,justification_density,correctness,sigmoid,0,0.8,0.38504733514617545
l9ne5iw,Arthur__vs__llm,justification_density,correctness,sigmoid,1,0.95,0.46684259326555333
l8nw2ts,Arthur__vs__llm,justification_density,correctness,sigmoid,0,0.95,0.466556813910899
lbjqq6a,Arthur__vs__llm,justification_density,correctness,sigmoid,1,0.95,0.46790864861810094
l9yw8ul,Arthur__vs__llm,justification_density,correctness,sigmoid,0,1.0,0.49383100226050153
lao89vd,Arthur__vs__llm,justification_density,correctness,sigmoid,0,0.95,0.46772135675788173
lb4e4lq,Arthur__vs__llm,justification_density,correctness,sigmoid,1,0.95,0.4691392346296365
l8aosij,Arthur__vs__llm,justification_density,correctness,sigmoid,1,0.95,0.466556813910899
la8jqoe,Arthur__vs__llm,justification_density,correctness,sigmoid,0,0.8,0.39324828832505476
l9uheza,Arthur__vs__llm,justification_density,correctness,sigmoid,0,0.95,0.46772135675788173
lb8c54w,Arthur__vs__llm,justification_density,correctness,sigmoid,1,0.95,0.46772135675788173
la70o2m,Arthur__vs__llm,justification_density,correctness,sigmoid,1,0.8,0.3919922162630863
lbix7mc,Arthur__vs__llm,justification_density,correctness,sigmoid,1,0.95,0.4691392346296365
l9gzvi5,Arthur__vs__llm,justification_density,correctness,sigmoid,1,0.95,0.466556813910899
lawpxc2,Arthur__vs__llm,justification_density,correctness,sigmoid,1,0.95,0.46790864861810094
la1cgq1,Arthur__vs__llm,justification_density,correctness,sigmoid,0,0.95,0.46790864861810094
la9w5ur,Arthur__vs__llm,justification_density,correctness,sigmoid,0,0.8,0.39175195818082
l9q15pl,Arthur__vs__llm,justification_density,correctness,sigmoid,0,0.85,0.4117400015207063
l7x3qxm,Arthur__vs__llm,justification_density,correctness,sigmoid,1,1.0,0.49537888172407085
lbl2mxj,Arthur__vs__llm,justification_density,correctness,sigmoid,0,0.95,0.46790864861810094
l8b0jjc,Arthur__vs__llm,justification_density,correctness,sigmoid,0,0.8,0.39175195818082
l8l6enl,Arthur__vs__llm,justification_density,correctness,sigmoid,1,1.0,0.4930421919767438
l91o73m,Arthur__vs__llm,justification_density,correctness,sigmoid,1,0.95,0.46684259326555333
lbikhto,Arthur__vs__llm,justification_density,correctness,sigmoid,1,0.95,0.4691392346296365
ladkivx,Arthur__vs__llm,justification_density,correctness,sigmoid,1,0.95,0.46790864861810094
l87xcd4,Arthur__vs__llm,justification_density,correctness,sigmoid,1,0.95,0.46684259326555333
lbcyx3n,Arthur__vs__llm,justification_density,correctness,isotonic,1,1.0,0.6857142857142857
l923179,Arthur__vs__llm,justification_density,correctness,isotonic,0,0.8,0.10416666666666667
l7z98qx,Arthur__vs__llm,justification_density,correctness,isotonic,0,0.8,0.08163265306122448
l9ljx88,Arthur__vs__llm,justification_density,correctness,isotonic,1,0.95,0.6857142857142857
l9inr0v,Arthur__vs__llm,justification_density,correctness,isotonic,0,0.8,0.10204081632653061
l7yh6qg,Arthur__vs__llm,justification_density,correctness,isotonic,1,1.0,0.6714285714285714
lag7ebe,Arthur__vs__llm,justification_density,correctness,isotonic,1,0.95,0.6811594202898551
lae34w9,Arthur__vs__llm,justification_density,correctness,isotonic,1,0.95,0.6714285714285714
lax2gzs,Arthur__vs__llm,justification_density,correctness,isotonic,1,0.95,0.6857142857142857
l9aobkr,Arthur__vs__llm,justification_density,correctness,isotonic,1,0.95,0.6811594202898551
l9yl3tw,Arthur__vs__llm,justification_density,correctness,isotonic,0,0.8,0.10204081632653061
l9pj2n8,Arthur__vs__llm,justification_density,correctness,isotonic,0,0.8,0.10416666666666667
lal3dx3,Arthur__vs__llm,justification_density,correctness,isotonic,0,0.8,0.10204081632653061
l9oapl9,Arthur__vs__llm,justification_density,correctness,isotonic,0,0.8,0.10204081632653061
l98ll5k,Arthur__vs__llm,justification_density,correctness,isotonic,0,0.8,0.08163265306122448
l9blfe7,Arthur__vs__llm,justification_density,correctness,isotonic,1,0.95,0.6714285714285714
l91quzy,Arthur__vs__llm,justification_density,correctness,isotonic,1,0.95,0.6857142857142857
l9ugy18,Arthur__vs__llm,justification_density,correctness,isotonic,1,0.95,0.6714285714285714
l9i9acx,Arthur__vs__llm,justification_density,correctness,isotonic,0,0.8,0.08163265306122448
l9wqlfk,Arthur__vs__llm,justification_density,correctness,isotonic,1,0.95,0.6714285714285714
l9ud3dv,Arthur__vs__llm,justification_density,correctness,isotonic,1,0.8,0.10416666666666667
l958g2o,Arthur__vs__llm,justification_density,correctness,isotonic,1,0.95,0.6811594202898551
l9nj4dq,Arthur__vs__llm,justification_density,correctness,isotonic,1,1.0,0.6811594202898551
l9r5y4i,Arthur__vs__llm,justification_density,correctness,isotonic,0,0.8,0.10204081632653061
l7zd8sv,Arthur__vs__llm,justification_density,correctness,isotonic,0,0.8,0.10416666666666667
l9mo64d,Arthur__vs__llm,justification_density,correctness,isotonic,0,0.8,0.1
lbbacwk,Arthur__vs__llm,justification_density,correctness,isotonic,0,0.8,0.1
la88e0d,Arthur__vs__llm,justification_density,correctness,isotonic,0,0.8,0.08163265306122448
lb4f62l,Arthur__vs__llm,justification_density,correctness,isotonic,0,1.0,0.6857142857142857
l8cc35d,Arthur__vs__llm,justification_density,correctness,isotonic,0,0.8,0.10416666666666667
l8s749m,Arthur__vs__llm,justification_density,correctness,isotonic,0,0.95,0.6857142857142857
l9l6lq8,Arthur__vs__llm,justification_density,correctness,isotonic,0,0.8,0.10416666666666667
lagn373,Arthur__vs__llm,justification_density,correctness,isotonic,1,0.95,0.6714285714285714
la5g88p,Arthur__vs__llm,justification_density,correctness,isotonic,0,0.8,0.10204081632653061
l921g4w,Arthur__vs__llm,justification_density,correctness,isotonic,0,0.95,0.6811594202898551
lb0x5j6,Arthur__vs__llm,justification_density,correctness,isotonic,1,0.95,0.6811594202898551
l9iz6ys,Arthur__vs__llm,justification_density,correctness,isotonic,1,0.95,0.6714285714285714
laduen4,Arthur__vs__llm,justification_density,correctness,isotonic,1,0.95,0.6811594202898551
l8qfoy3,Arthur__vs__llm,justification_density,correctness,isotonic,1,0.95,0.6811594202898551
lbm6akp,Arthur__vs__llm,justification_density,correctness,isotonic,0,0.8,0.10416666666666667
lackr2s,Arthur__vs__llm,justification_density,correctness,isotonic,0,0.8,0.08163265306122448
l9lzpbk,Arthur__vs__llm,justification_density,correctness,isotonic,0,0.8,0.10416666666666667
lbipeiw,Arthur__vs__llm,justification_density,correctness,isotonic,0,0.8,0.08163265306122448
lagdq9c,Arthur__vs__llm,justification_density,correctness,isotonic,1,0.95,0.6714285714285714
l9mjovr,Arthur__vs__llm,justification_density,correctness,isotonic,1,0.95,0.6714285714285714
l9nsxmj,Arthur__vs__llm,justification_density,correctness,isotonic,1,0.95,0.6857142857142857
lam9gor,Arthur__vs__llm,justification_density,correctness,isotonic,1,0.95,0.6714285714285714
l815359,Arthur__vs__llm,justification_density,correctness,isotonic,1,0.95,0.6811594202898551
l8cymda,Arthur__vs__llm,justification_density,correctness,isotonic,1,1.0,0.6714285714285714
l9jj223,Arthur__vs__llm,justification_density,correctness,isotonic,1,0.95,0.6811594202898551
lbnrkxv,Arthur__vs__llm,justification_density,correctness,isotonic,1,0.8,0.08163265306122448
l9ra8bu,Arthur__vs__llm,justification_density,correctness,isotonic,0,0.95,0.6811594202898551
lahlnqd,Arthur__vs__llm,justification_density,correctness,isotonic,0,0.95,0.6857142857142857
l99m6yn,Arthur__vs__llm,justification_density,correctness,isotonic,0,0.8,0.1
la87lox,Arthur__vs__llm,justification_density,correctness,isotonic,1,0.95,0.6857142857142857
lafv6th,Arthur__vs__llm,justification_density,correctness,isotonic,0,0.8,0.10416666666666667
lbgmc1v,Arthur__vs__llm,justification_density,correctness,isotonic,0,0.8,0.10416666666666667
lal0e50,Arthur__vs__llm,justification_density,correctness,isotonic,0,0.8,0.10416666666666667
l82o91p,Arthur__vs__llm,justification_density,correctness,isotonic,1,0.95,0.6857142857142857
l9kj0w5,Arthur__vs__llm,justification_density,correctness,isotonic,0,0.8,0.10416666666666667
l85qgnp,Arthur__vs__llm,justification_density,correctness,isotonic,1,1.0,0.6811594202898551
l9pobdn,Arthur__vs__llm,justification_density,correctness,isotonic,0,0.95,0.6811594202898551
l8aceqo,Arthur__vs__llm,justification_density,correctness,isotonic,1,0.95,0.6714285714285714
lbm8q3d,Arthur__vs__llm,justification_density,correctness,isotonic,1,1.0,0.6811594202898551
lb5jfj3,Arthur__vs__llm,justification_density,correctness,isotonic,0,0.8,0.10204081632653061
l84ewxa,Arthur__vs__llm,justification_density,correctness,isotonic,0,0.8,0.10416666666666667
l95jgxs,Arthur__vs__llm,justification_density,correctness,isotonic,1,0.95,0.6857142857142857
lbmgukc,Arthur__vs__llm,justification_density,correctness,isotonic,0,0.8,0.10416666666666667
l9co9nz,Arthur__vs__llm,justification_density,correctness,isotonic,0,1.0,0.6714285714285714
lagsru7,Arthur__vs__llm,justification_density,correctness,isotonic,0,0.8,0.1
l94qfeu,Arthur__vs__llm,justification_density,correctness,isotonic,0,0.8,0.1
l9nldea,Arthur__vs__llm,justification_density,correctness,isotonic,1,0.95,0.6811594202898551
l9i8eyp,Arthur__vs__llm,justification_density,correctness,isotonic,0,0.95,0.6857142857142857
lag2u2u,Arthur__vs__llm,justification_density,correctness,isotonic,0,0.95,0.6811594202898551
lbgvfbg,Arthur__vs__llm,justification_density,correctness,isotonic,0,0.85,0.10416666666666667
l9rlvrr,Arthur__vs__llm,justification_density,correctness,isotonic,0,0.8,0.10416666666666667
lblwjs6,Arthur__vs__llm,justification_density,correctness,isotonic,0,0.8,0.08163265306122448
l9gucuu,Arthur__vs__llm,justification_density,correctness,isotonic,0,0.8,0.10416666666666667
lb7jzoh,Arthur__vs__llm,justification_density,correctness,isotonic,0,0.8,0.10416666666666667
l9j2dld,Arthur__vs__llm,justification_density,correctness,isotonic,0,0.95,0.6811594202898551
lbcdaqm,Arthur__vs__llm,justification_density,correctness,isotonic,0,0.95,0.6811594202898551
l9h1o8g,Arthur__vs__llm,justification_density,correctness,isotonic,0,0.8,0.10416666666666667
lakztne,Arthur__vs__llm,justification_density,correctness,isotonic,0,1.0,0.6811594202898551
lauxvzo,Arthur__vs__llm,justification_density,correctness,isotonic,0,0.85,0.10204081632653061
l8byf87,Arthur__vs__llm,justification_density,correctness,isotonic,1,0.95,0.6714285714285714
l925p2k,Arthur__vs__llm,justification_density,correctness,isotonic,0,0.8,0.10204081632653061
l8xu7ix,Arthur__vs__llm,justification_density,correctness,isotonic,0,1.0,0.6811594202898551
l85iaai,Arthur__vs__llm,justification_density,correctness,isotonic,0,1.0,0.6811594202898551
lakr4r0,Arthur__vs__llm,justification_density,correctness,isotonic,0,0.8,0.08163265306122448
la3fh2d,Arthur__vs__llm,justification_density,correctness,isotonic,1,0.95,0.6714285714285714
lbl8edv,Arthur__vs__llm,justification_density,correctness,isotonic,1,0.95,0.6811594202898551
l8alzsf,Arthur__vs__llm,justification_density,correctness,isotonic,1,0.8,0.1
laejxyi,Arthur__vs__llm,justification_density,correctness,isotonic,0,0.95,0.6857142857142857
l9mb2io,Arthur__vs__llm,justification_density,correctness,isotonic,1,0.95,0.6714285714285714
l9zoaz9,Arthur__vs__llm,justification_density,correctness,isotonic,0,0.8,0.10416666666666667
l9pkzi5,Arthur__vs__llm,justification_density,correctness,isotonic,1,0.95,0.6714285714285714
l9ithe4,Arthur__vs__llm,justification_density,correctness,isotonic,0,0.8,0.10416666666666667
lbirrmt,Arthur__vs__llm,justification_density,correctness,isotonic,1,0.8,0.08163265306122448
l9etsuw,Arthur__vs__llm,justification_density,correctness,isotonic,0,0.95,0.6811594202898551
l7zqqv1,Arthur__vs__llm,justification_density,correctness,isotonic,1,0.95,0.6811594202898551
l968z7u,Arthur__vs__llm,justification_density,correctness,isotonic,0,1.0,0.6714285714285714
lawus8i,Arthur__vs__llm,justification_density,correctness,isotonic,0,0.8,0.1
l8r27kz,Arthur__vs__llm,justification_density,correctness,isotonic,1,0.8,0.10416666666666667
l9z6228,Arthur__vs__llm,justification_density,correctness,isotonic,0,0.8,0.1
lb4d0t7,Arthur__vs__llm,justification_density,correctness,isotonic,0,0.8,0.10204081632653061
l9g4laq,Arthur__vs__llm,justification_density,correctness,isotonic,1,0.95,0.6714285714285714
lb3e2s4,Arthur__vs__llm,justification_density,correctness,isotonic,1,0.95,0.6811594202898551
la6lya2,Arthur__vs__llm,justification_density,correctness,isotonic,0,0.8,0.1
l9t64uy,Arthur__vs__llm,justification_density,correctness,isotonic,0,0.95,0.6714285714285714
la8p1yt,Arthur__vs__llm,justification_density,correctness,isotonic,0,0.95,0.6714285714285714
l9n9txg,Arthur__vs__llm,justification_density,correctness,isotonic,0,1.0,0.6714285714285714
l9p95z5,Arthur__vs__llm,justification_density,correctness,isotonic,0,0.8,0.10416666666666667
laxl99q,Arthur__vs__llm,justification_density,correctness,isotonic,0,0.8,0.1
la31xp1,Arthur__vs__llm,justification_density,correctness,isotonic,0,0.95,0.6811594202898551
lax3tkk,Arthur__vs__llm,justification_density,correctness,isotonic,1,0.95,0.6811594202898551
l8xvus5,Arthur__vs__llm,justification_density,correctness,isotonic,1,1.0,0.6714285714285714
l8awua9,Arthur__vs__llm,justification_density,correctness,isotonic,1,0.95,0.6811594202898551
l90lqvy,Arthur__vs__llm,justification_density,correctness,isotonic,0,0.95,0.6714285714285714
l86v1rq,Arthur__vs__llm,justification_density,correctness,isotonic,0,0.8,0.10204081632653061
l9narp9,Arthur__vs__llm,justification_density,correctness,isotonic,1,0.95,0.6714285714285714
l9fhq5a,Arthur__vs__llm,justification_density,correctness,isotonic,1,0.95,0.6857142857142857
lb7n7qo,Arthur__vs__llm,justification_density,correctness,isotonic,0,0.8,0.1
larwml3,Arthur__vs__llm,justification_density,correctness,isotonic,0,0.8,0.08163265306122448
l9ne5iw,Arthur__vs__llm,justification_density,correctness,isotonic,1,0.95,0.6811594202898551
l8nw2ts,Arthur__vs__llm,justification_density,correctness,isotonic,0,0.95,0.6857142857142857
lbjqq6a,Arthur__vs__llm,justification_density,correctness,isotonic,1,0.95,0.6714285714285714
l9yw8ul,Arthur__vs__llm,justification_density,correctness,isotonic,0,1.0,0.6811594202898551
lao89vd,Arthur__vs__llm,justification_density,correctness,isotonic,0,0.95,0.6714285714285714
lb4e4lq,Arthur__vs__llm,justification_density,correctness,isotonic,1,0.95,0.6811594202898551
l8aosij,Arthur__vs__llm,justification_density,correctness,isotonic,1,0.95,0.6857142857142857
la8jqoe,Arthur__vs__llm,justification_density,correctness,isotonic,0,0.8,0.10416666666666667
l9uheza,Arthur__vs__llm,justification_density,correctness,isotonic,0,0.95,0.6714285714285714
lb8c54w,Arthur__vs__llm,justification_density,correctness,isotonic,1,0.95,0.6714285714285714
la70o2m,Arthur__vs__llm,justification_density,correctness,isotonic,1,0.8,0.10204081632653061
lbix7mc,Arthur__vs__llm,justification_density,correctness,isotonic,1,0.95,0.6811594202898551
l9gzvi5,Arthur__vs__llm,justification_density,correctness,isotonic,1,0.95,0.6857142857142857
lawpxc2,Arthur__vs__llm,justification_density,correctness,isotonic,1,0.95,0.6714285714285714
la1cgq1,Arthur__vs__llm,justification_density,correctness,isotonic,0,0.95,0.6714285714285714
la9w5ur,Arthur__vs__llm,justification_density,correctness,isotonic,0,0.8,0.10416666666666667
l9q15pl,Arthur__vs__llm,justification_density,correctness,isotonic,0,0.85,0.08163265306122448
l7x3qxm,Arthur__vs__llm,justification_density,correctness,isotonic,1,1.0,0.6811594202898551
lbl2mxj,Arthur__vs__llm,justification_density,correctness,isotonic,0,0.95,0.6714285714285714
l8b0jjc,Arthur__vs__llm,justification_density,correctness,isotonic,0,0.8,0.10416666666666667
l8l6enl,Arthur__vs__llm,justification_density,correctness,isotonic,1,1.0,0.6714285714285714
l91o73m,Arthur__vs__llm,justification_density,correctness,isotonic,1,0.95,0.6811594202898551
lbikhto,Arthur__vs__llm,justification_density,correctness,isotonic,1,0.95,0.6811594202898551
ladkivx,Arthur__vs__llm,justification_density,correctness,isotonic,1,0.95,0.6714285714285714
l87xcd4,Arthur__vs__llm,justification_density,correctness,isotonic,1,0.95,0.6811594202898551
lbcyx3n,Arthur__vs__llm,responsiveness,correctness,sigmoid,0,1.0,0.07119785594893095
l9b1r7k,Arthur__vs__llm,responsiveness,correctness,sigmoid,0,0.8,0.07804494716008359
l9nfu9z,Arthur__vs__llm,responsiveness,correctness,sigmoid,0,0.8,0.07588350987119245
lbhwjs2,Arthur__vs__llm,responsiveness,correctness,sigmoid,0,0.8,0.08002853862153124
laineeu,Arthur__vs__llm,responsiveness,correctness,sigmoid,0,0.8,0.07804494716008359
l923179,Arthur__vs__llm,responsiveness,correctness,sigmoid,0,0.95,0.07234359704462937
lbjwb52,Arthur__vs__llm,responsiveness,correctness,sigmoid,0,0.8,0.0817864435794796
l9z5iy3,Arthur__vs__llm,responsiveness,correctness,sigmoid,0,0.95,0.07234359704462937
l7z98qx,Arthur__vs__llm,responsiveness,correctness,sigmoid,0,0.95,0.07234359704462937
laxa4t8,Arthur__vs__llm,responsiveness,correctness,sigmoid,0,0.8,0.07804494716008359
l8ba67x,Arthur__vs__llm,responsiveness,correctness,sigmoid,0,0.9,0.07259498480608788
l9ljx88,Arthur__vs__llm,responsiveness,correctness,sigmoid,0,0.9,0.07561260322996138
l9rnibl,Arthur__vs__llm,responsiveness,correctness,sigmoid,1,1.0,0.06986934685818068
l9fjlfi,Arthur__vs__llm,responsiveness,correctness,sigmoid,0,0.8,0.0817864435794796
lalisq9,Arthur__vs__llm,responsiveness,correctness,sigmoid,0,0.9,0.07259498480608788
la0bxuy,Arthur__vs__llm,responsiveness,correctness,sigmoid,0,0.9,0.07561260322996138
l9inr0v,Arthur__vs__llm,responsiveness,correctness,sigmoid,0,0.95,0.07057568867808212
l7yh6qg,Arthur__vs__llm,responsiveness,correctness,sigmoid,0,1.0,0.06860840583555362
lag7ebe,Arthur__vs__llm,responsiveness,correctness,sigmoid,0,0.9,0.07259498480608788
l9lwm2m,Arthur__vs__llm,responsiveness,correctness,sigmoid,0,0.9,0.07686259124902783
l9eq96t,Arthur__vs__llm,responsiveness,correctness,sigmoid,0,0.8,0.08002853862153124
l8gl5i9,Arthur__vs__llm,responsiveness,correctness,sigmoid,0,1.0,0.07722374932619241
l9ne2u8,Arthur__vs__llm,responsiveness,correctness,sigmoid,0,0.8,0.0767941096662799
lazn9pa,Arthur__vs__llm,responsiveness,correctness,sigmoid,0,0.8,0.08002853862153124
lae34w9,Arthur__vs__llm,responsiveness,correctness,sigmoid,0,1.0,0.06986934685818068
lax2gzs,Arthur__vs__llm,responsiveness,correctness,sigmoid,0,0.95,0.07742830344934012
l9lnt1s,Arthur__vs__llm,responsiveness,correctness,sigmoid,0,0.8,0.0817864435794796
lae0vng,Arthur__vs__llm,responsiveness,correctness,sigmoid,0,0.8,0.07804494716008359
l886669,Arthur__vs__llm,responsiveness,correctness,sigmoid,0,0.9,0.07763335382112772
l9gowa9,Arthur__vs__llm,responsiveness,correctness,sigmoid,0,0.9,0.07686259124902783
l9aobkr,Arthur__vs__llm,responsiveness,correctness,sigmoid,0,0.9,0.07561260322996138
l9yl3tw,Arthur__vs__llm,responsiveness,correctness,sigmoid,0,0.9,0.07350631663606931
l9pj2n8,Arthur__vs__llm,responsiveness,correctness,sigmoid,0,0.95,0.07234359704462937
l8knznf,Arthur__vs__llm,responsiveness,correctness,sigmoid,0,0.9,0.07350631663606931
lagmpvf,Arthur__vs__llm,responsiveness,correctness,sigmoid,0,0.95,0.07057568867808212
l9ls0sc,Arthur__vs__llm,responsiveness,correctness,sigmoid,0,0.9,0.07561260322996138
l8rvj1h,Arthur__vs__llm,responsiveness,correctness,sigmoid,0,0.9,0.07259498480608788
l86t1mv,Arthur__vs__llm,responsiveness,correctness,sigmoid,0,0.9,0.07686259124902783
l9rbctp,Arthur__vs__llm,responsiveness,correctness,sigmoid,0,0.9,0.07686259124902783
lal3dx3,Arthur__vs__llm,responsiveness,correctness,sigmoid,0,0.95,0.07057568867808212
l88ucpt,Arthur__vs__llm,responsiveness,correctness,sigmoid,1,0.95,0.07057568867808212
lam50or,Arthur__vs__llm,responsiveness,correctness,sigmoid,0,0.8,0.0767941096662799
l96lqud,Arthur__vs__llm,responsiveness,correctness,sigmoid,0,0.6,0.09552739553244607
l9oapl9,Arthur__vs__llm,responsiveness,correctness,sigmoid,0,0.9,0.07686259124902783
l98ll5k,Arthur__vs__llm,responsiveness,correctness,sigmoid,0,0.95,0.07742830344934012
l9blfe7,Arthur__vs__llm,responsiveness,correctness,sigmoid,0,0.95,0.07057568867808212
l9o23yd,Arthur__vs__llm,responsiveness,correctness,sigmoid,0,0.9,0.07686259124902783
l9ok0zv,Arthur__vs__llm,responsiveness,correctness,sigmoid,1,0.95,0.07532303007101374
l9n3htm,Arthur__vs__llm,responsiveness,correctness,sigmoid,0,0.9,0.07561260322996138
l91quzy,Arthur__vs__llm,responsiveness,correctness,sigmoid,0,0.9,0.07763335382112772
l9ugy18,Arthur__vs__llm,responsiveness,correctness,sigmoid,0,0.9,0.07561260322996138
l9i9acx,Arthur__vs__llm,responsiveness,correctness,sigmoid,0,0.95,0.07532303007101374
l91eqfs,Arthur__vs__llm,responsiveness,correctness,sigmoid,0,0.95,0.07532303007101374
l929z0f,Arthur__vs__llm,responsiveness,correctness,sigmoid,0,1.0,0.07722374932619241
l9wqlfk,Arthur__vs__llm,responsiveness,correctness,sigmoid,0,0.95,0.07742830344934012
l9ud3dv,Arthur__vs__llm,responsiveness,correctness,sigmoid,0,0.9,0.07686259124902783
la4xvvf,Arthur__vs__llm,responsiveness,correctness,sigmoid,0,0.8,0.07804494716008359
l958g2o,Arthur__vs__llm,responsiveness,correctness,sigmoid,0,0.9,0.07763335382112772
l9nj4dq,Arthur__vs__llm,responsiveness,correctness,sigmoid,0,0.9,0.07561260322996138
labtd52,Arthur__vs__llm,responsiveness,correctness,sigmoid,0,0.8,0.0817864435794796
l9r5y4i,Arthur__vs__llm,responsiveness,correctness,sigmoid,0,0.8,0.0767941096662799
l9j37bz,Arthur__vs__llm,responsiveness,correctness,sigmoid,0,0.6,0.08671980472523537
l7zd8sv,Arthur__vs__llm,responsiveness,correctness,sigmoid,0,0.95,0.07742830344934012
la4o8tp,Arthur__vs__llm,responsiveness,correctness,sigmoid,0,0.9,0.07561260322996138
l9z7iji,Arthur__vs__llm,responsiveness,correctness,sigmoid,0,0.8,0.07588350987119245
l9mo64d,Arthur__vs__llm,responsiveness,correctness,sigmoid,0,0.9,0.07686259124902783
lbbacwk,Arthur__vs__llm,responsiveness,correctness,sigmoid,0,0.95,0.07742830344934012
l852mv7,Arthur__vs__llm,responsiveness,correctness,sigmoid,0,0.9,0.07350631663606931
lbc8weg,Arthur__vs__llm,responsiveness,correctness,sigmoid,1,0.8,0.08002853862153124
l9enz5u,Arthur__vs__llm,responsiveness,correctness,sigmoid,0,0.8,0.0767941096662799
la88e0d,Arthur__vs__llm,responsiveness,correctness,sigmoid,0,0.95,0.07057568867808212
lb4f62l,Arthur__vs__llm,responsiveness,correctness,sigmoid,0,0.95,0.07532303007101374
l8cc35d,Arthur__vs__llm,responsiveness,correctness,sigmoid,0,0.95,0.07532303007101374
l8s749m,Arthur__vs__llm,responsiveness,correctness,sigmoid,0,0.9,0.07259498480608788
l9l6lq8,Arthur__vs__llm,responsiveness,correctness,sigmoid,0,0.9,0.07763335382112772
laeesl4,Arthur__vs__llm,responsiveness,correctness,sigmoid,1,0.8,0.07588350987119245
lagn373,Arthur__vs__llm,responsiveness,correctness,sigmoid,0,0.9,0.07350631663606931
la5g88p,Arthur__vs__llm,responsiveness,correctness,sigmoid,0,0.95,0.07742830344934012
l921g4w,Arthur__vs__llm,responsiveness,correctness,sigmoid,0,0.9,0.07350631663606931
l9dml7h,Arthur__vs__llm,responsiveness,correctness,sigmoid,1,1.0,0.06860840583555362
lb0x5j6,Arthur__vs__llm,responsiveness,correctness,sigmoid,0,0.8,0.0767941096662799
l9mo5vr,Arthur__vs__llm,responsiveness,correctness,sigmoid,0,0.9,0.07259498480608788
l99jy55,Arthur__vs__llm,responsiveness,correctness,sigmoid,0,0.8,0.07804494716008359
laiyyxz,Arthur__vs__llm,responsiveness,correctness,sigmoid,0,0.9,0.07763335382112772
l9iz6ys,Arthur__vs__llm,responsiveness,correctness,sigmoid,0,0.9,0.07763335382112772
laocd8d,Arthur__vs__llm,responsiveness,correctness,sigmoid,0,0.8,0.07804494716008359
laduen4,Arthur__vs__llm,responsiveness,correctness,sigmoid,0,0.9,0.07350631663606931
l8qfoy3,Arthur__vs__llm,responsiveness,correctness,sigmoid,0,0.95,0.07532303007101374
lb24ml0,Arthur__vs__llm,responsiveness,correctness,sigmoid,1,0.95,0.07268871564874418
l9cdn11,Arthur__vs__llm,responsiveness,correctness,sigmoid,1,0.95,0.07268871564874418
lbm6akp,Arthur__vs__llm,responsiveness,correctness,sigmoid,0,0.95,0.07234359704462937
lackr2s,Arthur__vs__llm,responsiveness,correctness,sigmoid,0,0.9,0.07259498480608788
l9lzpbk,Arthur__vs__llm,responsiveness,correctness,sigmoid,0,0.9,0.07259498480608788
l89s229,Arthur__vs__llm,responsiveness,correctness,sigmoid,0,1.0,0.07119785594893095
l9lhgmk,Arthur__vs__llm,responsiveness,correctness,sigmoid,1,0.95,0.07057568867808212
l87q6d4,Arthur__vs__llm,responsiveness,correctness,sigmoid,0,0.9,0.07561260322996138
l99k57x,Arthur__vs__llm,responsiveness,correctness,sigmoid,0,0.8,0.0767941096662799
lbipeiw,Arthur__vs__llm,responsiveness,correctness,sigmoid,0,0.95,0.07532303007101374
ladoc4w,Arthur__vs__llm,responsiveness,correctness,sigmoid,0,0.8,0.0817864435794796
la035bq,Arthur__vs__llm,responsiveness,correctness,sigmoid,0,0.8,0.08002853862153124
l9kooj0,Arthur__vs__llm,responsiveness,correctness,sigmoid,0,0.8,0.07588350987119245
l9n6d1s,Arthur__vs__llm,responsiveness,correctness,sigmoid,1,1.0,0.07119785594893095
la2y5mq,Arthur__vs__llm,responsiveness,correctness,sigmoid,0,0.9,0.07686259124902783
ladvrj9,Arthur__vs__llm,responsiveness,correctness,sigmoid,0,0.8,0.08002853862153124
lagdq9c,Arthur__vs__llm,responsiveness,correctness,sigmoid,0,0.8,0.0817864435794796
l9mjovr,Arthur__vs__llm,responsiveness,correctness,sigmoid,0,0.9,0.07350631663606931
l9nsxmj,Arthur__vs__llm,responsiveness,correctness,sigmoid,0,0.8,0.08002853862153124
lb04ydk,Arthur__vs__llm,responsiveness,correctness,sigmoid,0,1.0,0.07119785594893095
lam9gor,Arthur__vs__llm,responsiveness,correctness,sigmoid,0,0.95,0.07057568867808212
l9l6or5,Arthur__vs__llm,responsiveness,correctness,sigmoid,0,0.9,0.07350631663606931
laz2tx3,Arthur__vs__llm,responsiveness,correctness,sigmoid,0,0.6,0.07887413119753717
l95b4im,Arthur__vs__llm,responsiveness,correctness,sigmoid,1,0.8,0.07804494716008359
l8y5s8g,Arthur__vs__llm,responsiveness,correctness,sigmoid,0,0.9,0.07259498480608788
laggm72,Arthur__vs__llm,responsiveness,correctness,sigmoid,0,0.8,0.08002853862153124
l8y3oft,Arthur__vs__llm,responsiveness,correctness,sigmoid,0,0.8,0.07588350987119245
l815359,Arthur__vs__llm,responsiveness,correctness,sigmoid,0,0.85,0.07783890140377667
l8cymda,Arthur__vs__llm,responsiveness,correctness,sigmoid,0,0.9,0.07259498480608788
lbmadit,Arthur__vs__llm,responsiveness,correctness,sigmoid,0,0.8,0.0817864435794796
l9jj223,Arthur__vs__llm,responsiveness,correctness,sigmoid,0,1.0,0.06860840583555362
lbnrkxv,Arthur__vs__llm,responsiveness,correctness,sigmoid,0,0.95,0.07234359704462937
l9ra8bu,Arthur__vs__llm,responsiveness,correctness,sigmoid,0,1.0,0.06860840583555362
l8zf2fq,Arthur__vs__llm,responsiveness,correctness,sigmoid,1,0.2,0.08055670499133753
l8bst7l,Arthur__vs__llm,responsiveness,correctness,sigmoid,0,1.0,0.07722374932619241
l9j1tr2,Arthur__vs__llm,responsiveness,correctness,sigmoid,1,0.6,0.08586641600753393
l9mi4kc,Arthur__vs__llm,responsiveness,correctness,sigmoid,0,0.9,0.07350631663606931
lahlnqd,Arthur__vs__llm,responsiveness,correctness,sigmoid,0,0.95,0.07532303007101374
ladhuar,Arthur__vs__llm,responsiveness,correctness,sigmoid,1,0.95,0.07742830344934012
l99m6yn,Arthur__vs__llm,responsiveness,correctness,sigmoid,0,0.85,0.07864412895404829
l94my7l,Arthur__vs__llm,responsiveness,correctness,sigmoid,0,0.8,0.0817864435794796
lado83d,Arthur__vs__llm,responsiveness,correctness,sigmoid,0,0.8,0.08002853862153124
l97u9q3,Arthur__vs__llm,responsiveness,correctness,sigmoid,0,0.9,0.07259498480608788
l9p7a2l,Arthur__vs__llm,responsiveness,correctness,sigmoid,0,0.8,0.07804494716008359
la87lox,Arthur__vs__llm,responsiveness,correctness,sigmoid,0,0.95,0.07742830344934012
lbg0fzq,Arthur__vs__llm,responsiveness,correctness,sigmoid,0,0.95,0.07234359704462937
l9m6q26,Arthur__vs__llm,responsiveness,correctness,sigmoid,0,0.8,0.0767941096662799
lbc9ztp,Arthur__vs__llm,responsiveness,correctness,sigmoid,0,0.8,0.07804494716008359
l9dxpci,Arthur__vs__llm,responsiveness,correctness,sigmoid,0,0.8,0.07804494716008359
lavm74r,Arthur__vs__llm,responsiveness,correctness,sigmoid,0,0.9,0.07686259124902783
lafv6th,Arthur__vs__llm,responsiveness,correctness,sigmoid,0,0.95,0.07742830344934012
lbgmc1v,Arthur__vs__llm,responsiveness,correctness,sigmoid,0,0.95,0.07532303007101374
lbgupf7,Arthur__vs__llm,responsiveness,correctness,sigmoid,0,1.0,0.06860840583555362
lal0e50,Arthur__vs__llm,responsiveness,correctness,sigmoid,0,0.9,0.07763335382112772
laiabc5,Arthur__vs__llm,responsiveness,correctness,sigmoid,0,0.8,0.07804494716008359
l9sraag,Arthur__vs__llm,responsiveness,correctness,sigmoid,0,0.9,0.07259498480608788
lbc9ybp,Arthur__vs__llm,responsiveness,correctness,sigmoid,0,0.8,0.07804494716008359
l82o91p,Arthur__vs__llm,responsiveness,correctness,sigmoid,0,0.95,0.07532303007101374
l9kj0w5,Arthur__vs__llm,responsiveness,correctness,sigmoid,0,0.9,0.07686259124902783
l9xpw08,Arthur__vs__llm,responsiveness,correctness,sigmoid,0,0.85,0.07468621913237064
l85qgnp,Arthur__vs__llm,responsiveness,correctness,sigmoid,0,0.9,0.07763335382112772
lb4eg7g,Arthur__vs__llm,responsiveness,correctness,sigmoid,0,0.8,0.0817864435794796
la8zggn,Arthur__vs__llm,responsiveness,correctness,sigmoid,0,0.9,0.07350631663606931
lb7hb5m,Arthur__vs__llm,responsiveness,correctness,sigmoid,1,0.8,0.08002853862153124
l9hw9kq,Arthur__vs__llm,responsiveness,correctness,sigmoid,0,0.9,0.07763335382112772
l9pobdn,Arthur__vs__llm,responsiveness,correctness,sigmoid,0,0.95,0.07057568867808212
l8aceqo,Arthur__vs__llm,responsiveness,correctness,sigmoid,0,0.9,0.07763335382112772
lbm8q3d,Arthur__vs__llm,responsiveness,correctness,sigmoid,0,0.9,0.07561260322996138
lb5jfj3,Arthur__vs__llm,responsiveness,correctness,sigmoid,0,0.95,0.07268871564874418
la3zobt,Arthur__vs__llm,responsiveness,correctness,sigmoid,0,0.8,0.0817864435794796
lbc93br,Arthur__vs__llm,responsiveness,correctness,sigmoid,0,0.8,0.0767941096662799
l84ewxa,Arthur__vs__llm,responsiveness,correctness,sigmoid,0,0.95,0.07268871564874418
l95jgxs,Arthur__vs__llm,responsiveness,correctness,sigmoid,0,0.95,0.07057568867808212
laf3322,Arthur__vs__llm,responsiveness,correctness,sigmoid,0,0.6,0.09552739553244607
lbmgukc,Arthur__vs__llm,responsiveness,correctness,sigmoid,0,0.95,0.07234359704462937
l9s2edv,Arthur__vs__llm,responsiveness,correctness,sigmoid,0,1.0,0.07119785594893095
l98scdm,Arthur__vs__llm,responsiveness,correctness,sigmoid,0,0.8,0.07804494716008359
l9co9nz,Arthur__vs__llm,responsiveness,correctness,sigmoid,0,0.95,0.07532303007101374
lbcjpc9,Arthur__vs__llm,responsiveness,correctness,sigmoid,0,0.8,0.07588350987119245
l7zkr3u,Arthur__vs__llm,responsiveness,correctness,sigmoid,0,0.8,0.07588350987119245
l9pxej9,Arthur__vs__llm,responsiveness,correctness,sigmoid,0,0.9,0.07561260322996138
lbmiyxc,Arthur__vs__llm,responsiveness,correctness,sigmoid,0,0.9,0.07763335382112772
lbdptwc,Arthur__vs__llm,responsiveness,correctness,sigmoid,0,0.8,0.0767941096662799
lagsru7,Arthur__vs__llm,responsiveness,correctness,sigmoid,0,0.95,0.07742830344934012
l9lqko7,Arthur__vs__llm,responsiveness,correctness,sigmoid,0,0.9,0.07561260322996138
l94qfeu,Arthur__vs__llm,responsiveness,correctness,sigmoid,0,0.8,0.0817864435794796
lb4ffvc,Arthur__vs__llm,responsiveness,correctness,sigmoid,1,0.8,0.0817864435794796
lb7hlw8,Arthur__vs__llm,responsiveness,correctness,sigmoid,0,0.8,0.0817864435794796
l9o4m6t,Arthur__vs__llm,responsiveness,correctness,sigmoid,0,0.8,0.0767941096662799
ladjia1,Arthur__vs__llm,responsiveness,correctness,sigmoid,0,0.8,0.0817864435794796
l8j4faa,Arthur__vs__llm,responsiveness,correctness,sigmoid,0,0.8,0.0767941096662799
l9nldea,Arthur__vs__llm,responsiveness,correctness,sigmoid,0,0.95,0.07268871564874418
l7whu3g,Arthur__vs__llm,responsiveness,correctness,sigmoid,0,0.6,0.08671980472523537
lb3u7cv,Arthur__vs__llm,responsiveness,correctness,sigmoid,1,0.95,0.07234359704462937
l8sd704,Arthur__vs__llm,responsiveness,correctness,sigmoid,0,0.8,0.07804494716008359
l9n2v2x,Arthur__vs__llm,responsiveness,correctness,sigmoid,0,0.8,0.0767941096662799
l9i8eyp,Arthur__vs__llm,responsiveness,correctness,sigmoid,0,0.9,0.07350631663606931
la7zmvh,Arthur__vs__llm,responsiveness,correctness,sigmoid,0,0.8,0.07804494716008359
lb7t9ln,Arthur__vs__llm,responsiveness,correctness,sigmoid,0,0.8,0.07588350987119245
lag2u2u,Arthur__vs__llm,responsiveness,correctness,sigmoid,0,0.9,0.07561260322996138
lbgx156,Arthur__vs__llm,responsiveness,correctness,sigmoid,0,0.8,0.07804494716008359
lbgvfbg,Arthur__vs__llm,responsiveness,correctness,sigmoid,0,0.95,0.07742830344934012
l9mnxjh,Arthur__vs__llm,responsiveness,correctness,sigmoid,0,0.8,0.08002853862153124
l9rlvrr,Arthur__vs__llm,responsiveness,correctness,sigmoid,0,0.95,0.07742830344934012
lblwjs6,Arthur__vs__llm,responsiveness,correctness,sigmoid,0,0.9,0.07561260322996138
l9gucuu,Arthur__vs__llm,responsiveness,correctness,sigmoid,0,0.95,0.07742830344934012
l90fwdz,Arthur__vs__llm,responsiveness,correctness,sigmoid,0,0.9,0.07350631663606931
l9ey7ss,Arthur__vs__llm,responsiveness,correctness,sigmoid,0,0.8,0.0767941096662799
l9x07o6,Arthur__vs__llm,responsiveness,correctness,sigmoid,0,0.8,0.0767941096662799
l9yrplw,Arthur__vs__llm,responsiveness,correctness,sigmoid,0,0.9,0.07350631663606931
lb7jzoh,Arthur__vs__llm,responsiveness,correctness,sigmoid,0,0.85,0.07468621913237064
l9j2dld,Arthur__vs__llm,responsiveness,correctness,sigmoid,0,0.9,0.07561260322996138
lbcdaqm,Arthur__vs__llm,responsiveness,correctness,sigmoid,1,0.8,0.07588350987119245
lac3nf6,Arthur__vs__llm,responsiveness,correctness,sigmoid,0,0.8,0.08002853862153124
l9h1o8g,Arthur__vs__llm,responsiveness,correctness,sigmoid,0,0.95,0.07234359704462937
lbhwgd2,Arthur__vs__llm,responsiveness,correctness,sigmoid,0,0.8,0.07804494716008359
lakztne,Arthur__vs__llm,responsiveness,correctness,sigmoid,0,0.95,0.07057568867808212
lakk0oc,Arthur__vs__llm,responsiveness,correctness,sigmoid,0,0.8,0.0817864435794796
lauxvzo,Arthur__vs__llm,responsiveness,correctness,sigmoid,0,0.95,0.07057568867808212
l8bjje6,Arthur__vs__llm,responsiveness,correctness,sigmoid,0,0.85,0.078430951116021
l9j2hie,Arthur__vs__llm,responsiveness,correctness,sigmoid,0,0.95,0.07532303007101374
l98am7e,Arthur__vs__llm,responsiveness,correctness,sigmoid,0,1.0,0.07381184068248148
l8byf87,Arthur__vs__llm,responsiveness,correctness,sigmoid,0,0.9,0.07259498480608788
l93g2gp,Arthur__vs__llm,responsiveness,correctness,sigmoid,0,0.95,0.07057568867808212
l925p2k,Arthur__vs__llm,responsiveness,correctness,sigmoid,0,0.9,0.07350631663606931
lb7d5nn,Arthur__vs__llm,responsiveness,correctness,sigmoid,0,0.8,0.07804494716008359
l8xu7ix,Arthur__vs__llm,responsiveness,correctness,sigmoid,0,0.8,0.07588350987119245
l9m36ns,Arthur__vs__llm,responsiveness,correctness,sigmoid,0,0.9,0.07686259124902783
lamdwg3,Arthur__vs__llm,responsiveness,correctness,sigmoid,0,0.8,0.07804494716008359
lbnqk66,Arthur__vs__llm,responsiveness,correctness,sigmoid,0,0.8,0.07588350987119245
l92ev0i,Arthur__vs__llm,responsiveness,correctness,sigmoid,0,0.8,0.0767941096662799
l9kzp7k,Arthur__vs__llm,responsiveness,correctness,sigmoid,0,0.9,0.07763335382112772
ladusqz,Arthur__vs__llm,responsiveness,correctness,sigmoid,0,0.8,0.08002853862153124
l85iaai,Arthur__vs__llm,responsiveness,correctness,sigmoid,0,1.0,0.07722374932619241
larzixe,Arthur__vs__llm,responsiveness,correctness,sigmoid,0,0.8,0.07588350987119245
lakr4r0,Arthur__vs__llm,responsiveness,correctness,sigmoid,0,0.95,0.07057568867808212
la3fh2d,Arthur__vs__llm,responsiveness,correctness,sigmoid,0,0.8,0.08002853862153124
laackev,Arthur__vs__llm,responsiveness,correctness,sigmoid,0,0.9,0.07561260322996138
lbl8edv,Arthur__vs__llm,responsiveness,correctness,sigmoid,0,0.9,0.07259498480608788
l8alzsf,Arthur__vs__llm,responsiveness,correctness,sigmoid,0,0.95,0.07268871564874418
l97ffzg,Arthur__vs__llm,responsiveness,correctness,sigmoid,0,0.8,0.08002853862153124
laejxyi,Arthur__vs__llm,responsiveness,correctness,sigmoid,0,0.9,0.07561260322996138
l9mb2io,Arthur__vs__llm,responsiveness,correctness,sigmoid,0,0.9,0.07561260322996138
l9zoaz9,Arthur__vs__llm,responsiveness,correctness,sigmoid,0,0.95,0.07268871564874418
laddsag,Arthur__vs__llm,responsiveness,correctness,sigmoid,0,0.9,0.07763335382112772
l9pkzi5,Arthur__vs__llm,responsiveness,correctness,sigmoid,0,0.9,0.07259498480608788
l9lo63k,Arthur__vs__llm,responsiveness,correctness,sigmoid,0,0.8,0.0817864435794796
l9ithe4,Arthur__vs__llm,responsiveness,correctness,sigmoid,0,0.95,0.07234359704462937
lbirrmt,Arthur__vs__llm,responsiveness,correctness,sigmoid,0,0.95,0.07742830344934012
l9etsuw,Arthur__vs__llm,responsiveness,correctness,sigmoid,0,0.95,0.07057568867808212
l7zqqv1,Arthur__vs__llm,responsiveness,correctness,sigmoid,0,0.9,0.07763335382112772
l968z7u,Arthur__vs__llm,responsiveness,correctness,sigmoid,0,0.8,0.08002853862153124
lata8x6,Arthur__vs__llm,responsiveness,correctness,sigmoid,0,0.95,0.07234359704462937
lawus8i,Arthur__vs__llm,responsiveness,correctness,sigmoid,0,0.9,0.07686259124902783
l947md5,Arthur__vs__llm,responsiveness,correctness,sigmoid,1,0.95,0.07268871564874418
l8mxn3x,Arthur__vs__llm,responsiveness,correctness,sigmoid,0,0.8,0.0767941096662799
l9mm30r,Arthur__vs__llm,responsiveness,correctness,sigmoid,0,0.8,0.08002853862153124
l8r27kz,Arthur__vs__llm,responsiveness,correctness,sigmoid,0,0.95,0.07234359704462937
lbkj34u,Arthur__vs__llm,responsiveness,correctness,sigmoid,0,0.9,0.07561260322996138
l8xhaay,Arthur__vs__llm,responsiveness,correctness,sigmoid,0,0.9,0.07686259124902783
l9k6wsu,Arthur__vs__llm,responsiveness,correctness,sigmoid,0,0.8,0.0817864435794796
l9z6228,Arthur__vs__llm,responsiveness,correctness,sigmoid,0,0.85,0.07468621913237064
lb4d0t7,Arthur__vs__llm,responsiveness,correctness,sigmoid,1,0.8,0.08002853862153124
ladhiz5,Arthur__vs__llm,responsiveness,correctness,sigmoid,0,0.9,0.07561260322996138
l9oq9jh,Arthur__vs__llm,responsiveness,correctness,sigmoid,0,0.8,0.08002853862153124
lbdqz6b,Arthur__vs__llm,responsiveness,correctness,sigmoid,1,0.95,0.07057568867808212
l9g4laq,Arthur__vs__llm,responsiveness,correctness,sigmoid,0,0.9,0.07350631663606931
l9lwe7h,Arthur__vs__llm,responsiveness,correctness,sigmoid,1,0.8,0.07588350987119245
lb3e2s4,Arthur__vs__llm,responsiveness,correctness,sigmoid,0,0.9,0.07350631663606931
la6lya2,Arthur__vs__llm,responsiveness,correctness,sigmoid,1,0.95,0.07057568867808212
ladopo7,Arthur__vs__llm,responsiveness,correctness,sigmoid,0,0.8,0.07588350987119245
l97xyqg,Arthur__vs__llm,responsiveness,correctness,sigmoid,0,0.9,0.07686259124902783
l9t64uy,Arthur__vs__llm,responsiveness,correctness,sigmoid,0,0.95,0.07742830344934012
la8p1yt,Arthur__vs__llm,responsiveness,correctness,sigmoid,0,0.85,0.078430951116021
l9n9txg,Arthur__vs__llm,responsiveness,correctness,sigmoid,0,0.9,0.07350631663606931
l9p95z5,Arthur__vs__llm,responsiveness,correctness,sigmoid,0,0.9,0.07259498480608788
l89b3id,Arthur__vs__llm,responsiveness,correctness,sigmoid,0,0.85,0.07468621913237064
laxl99q,Arthur__vs__llm,responsiveness,correctness,sigmoid,0,0.9,0.07561260322996138
la31xp1,Arthur__vs__llm,responsiveness,correctness,sigmoid,0,0.9,0.07350631663606931
la6gvel,Arthur__vs__llm,responsiveness,correctness,sigmoid,0,0.9,0.07259498480608788
lbk23vy,Arthur__vs__llm,responsiveness,correctness,sigmoid,0,0.95,0.07532303007101374
l9pdksg,Arthur__vs__llm,responsiveness,correctness,sigmoid,0,0.6,0.08085069159014625
lax3tkk,Arthur__vs__llm,responsiveness,correctness,sigmoid,0,0.95,0.07057568867808212
l9kniso,Arthur__vs__llm,responsiveness,correctness,sigmoid,0,0.8,0.0817864435794796
l8qg3ev,Arthur__vs__llm,responsiveness,correctness,sigmoid,0,0.8,0.07804494716008359
l8xvus5,Arthur__vs__llm,responsiveness,correctness,sigmoid,0,1.0,0.06986934685818068
lbg26yh,Arthur__vs__llm,responsiveness,correctness,sigmoid,0,0.8,0.08002853862153124
l8rzo0j,Arthur__vs__llm,responsiveness,correctness,sigmoid,0,0.8,0.07804494716008359
l8awua9,Arthur__vs__llm,responsiveness,correctness,sigmoid,0,0.9,0.07561260322996138
l99lagq,Arthur__vs__llm,responsiveness,correctness,sigmoid,0,0.8,0.08002853862153124
l8qheky,Arthur__vs__llm,responsiveness,correctness,sigmoid,0,0.8,0.08002853862153124
l90lqvy,Arthur__vs__llm,responsiveness,correctness,sigmoid,0,0.9,0.07686259124902783
l86v1rq,Arthur__vs__llm,responsiveness,correctness,sigmoid,0,0.9,0.07259498480608788
l9narp9,Arthur__vs__llm,responsiveness,correctness,sigmoid,0,0.95,0.07532303007101374
lakv7lf,Arthur__vs__llm,responsiveness,correctness,sigmoid,0,0.8,0.0817864435794796
l9wcq11,Arthur__vs__llm,responsiveness,correctness,sigmoid,0,0.95,0.07268871564874418
l9fhq5a,Arthur__vs__llm,responsiveness,correctness,sigmoid,0,0.95,0.07234359704462937
lb7n7qo,Arthur__vs__llm,responsiveness,correctness,sigmoid,0,0.95,0.07268871564874418
lbhxkkz,Arthur__vs__llm,responsiveness,correctness,sigmoid,0,0.6,0.08085069159014625
l91x79i,Arthur__vs__llm,responsiveness,correctness,sigmoid,0,0.8,0.07588350987119245
lb8ivrh,Arthur__vs__llm,responsiveness,correctness,sigmoid,0,0.9,0.07350631663606931
lbihzb7,Arthur__vs__llm,responsiveness,correctness,sigmoid,0,0.8,0.0817864435794796
larwml3,Arthur__vs__llm,responsiveness,correctness,sigmoid,0,0.95,0.07234359704462937
l9g5enb,Arthur__vs__llm,responsiveness,correctness,sigmoid,0,0.8,0.0817864435794796
l9ne5iw,Arthur__vs__llm,responsiveness,correctness,sigmoid,0,0.8,0.07588350987119245
l8nw2ts,Arthur__vs__llm,responsiveness,correctness,sigmoid,0,0.95,0.07057568867808212
lbg8gqk,Arthur__vs__llm,responsiveness,correctness,sigmoid,1,0.95,0.07742830344934012
la63dhs,Arthur__vs__llm,responsiveness,correctness,sigmoid,0,0.8,0.08002853862153124
l9o31o8,Arthur__vs__llm,responsiveness,correctness,sigmoid,0,0.9,0.07350631663606931
la3bcqj,Arthur__vs__llm,responsiveness,correctness,sigmoid,1,0.8,0.08002853862153124
lbjqq6a,Arthur__vs__llm,responsiveness,correctness,sigmoid,0,0.9,0.07259498480608788
l9pet9y,Arthur__vs__llm,responsiveness,correctness,sigmoid,0,0.8,0.07588350987119245
l9yw8ul,Arthur__vs__llm,responsiveness,correctness,sigmoid,0,0.8,0.07804494716008359
l94psqu,Arthur__vs__llm,responsiveness,correctness,sigmoid,0,0.8,0.08002853862153124
lao89vd,Arthur__vs__llm,responsiveness,correctness,sigmoid,0,0.9,0.07686259124902783
lb4eob2,Arthur__vs__llm,responsiveness,correctness,sigmoid,0,0.8,0.08002853862153124
l8hg49w,Arthur__vs__llm,responsiveness,correctness,sigmoid,0,0.8,0.07804494716008359
lb4e4lq,Arthur__vs__llm,responsiveness,correctness,sigmoid,0,0.95,0.07234359704462937
lalrik8,Arthur__vs__llm,responsiveness,correctness,sigmoid,0,0.8,0.08002853862153124
l8kvpnt,Arthur__vs__llm,responsiveness,correctness,sigmoid,0,0.8,0.0817864435794796
lae63qs,Arthur__vs__llm,responsiveness,correctness,sigmoid,0,0.9,0.07763335382112772
l8l72hd,Arthur__vs__llm,responsiveness,correctness,sigmoid,0,0.8,0.08002853862153124
l8aosij,Arthur__vs__llm,responsiveness,correctness,sigmoid,0,0.85,0.07864412895404829
la8jqoe,Arthur__vs__llm,responsiveness,correctness,sigmoid,0,0.95,0.07234359704462937
l9uheza,Arthur__vs__llm,responsiveness,correctness,sigmoid,0,0.9,0.07686259124902783
lb8c54w,Arthur__vs__llm,responsiveness,correctness,sigmoid,0,0.9,0.07763335382112772
la70o2m,Arthur__vs__llm,responsiveness,correctness,sigmoid,0,0.9,0.07561260322996138
lbix7mc,Arthur__vs__llm,responsiveness,correctness,sigmoid,0,0.9,0.07259498480608788
l9gzvi5,Arthur__vs__llm,responsiveness,correctness,sigmoid,0,0.9,0.07561260322996138
lawpxc2,Arthur__vs__llm,responsiveness,correctness,sigmoid,0,0.8,0.0767941096662799
lae4urb,Arthur__vs__llm,responsiveness,correctness,sigmoid,0,0.95,0.07268871564874418
lbhtco2,Arthur__vs__llm,responsiveness,correctness,sigmoid,0,0.6,0.08085069159014625
laf7s3e,Arthur__vs__llm,responsiveness,correctness,sigmoid,1,0.6,0.08085069159014625
la1cgq1,Arthur__vs__llm,responsiveness,correctness,sigmoid,0,0.95,0.07532303007101374
la9w5ur,Arthur__vs__llm,responsiveness,correctness,sigmoid,0,0.9,0.07686259124902783
l9mynwi,Arthur__vs__llm,responsiveness,correctness,sigmoid,0,0.95,0.07057568867808212
lb047lv,Arthur__vs__llm,responsiveness,correctness,sigmoid,0,0.95,0.07057568867808212
lag1dto,Arthur__vs__llm,responsiveness,correctness,sigmoid,0,0.8,0.0817864435794796
l8lrpme,Arthur__vs__llm,responsiveness,correctness,sigmoid,0,0.8,0.0767941096662799
l9q15pl,Arthur__vs__llm,responsiveness,correctness,sigmoid,0,0.95,0.07057568867808212
lac445k,Arthur__vs__llm,responsiveness,correctness,sigmoid,0,0.9,0.07686259124902783
l9t6dk7,Arthur__vs__llm,responsiveness,correctness,sigmoid,0,0.9,0.07686259124902783
l7x3qxm,Arthur__vs__llm,responsiveness,correctness,sigmoid,0,0.9,0.07350631663606931
l89mf4q,Arthur__vs__llm,responsiveness,correctness,sigmoid,0,0.8,0.07588350987119245
lbl2mxj,Arthur__vs__llm,responsiveness,correctness,sigmoid,0,0.9,0.07686259124902783
l8b0jjc,Arthur__vs__llm,responsiveness,correctness,sigmoid,0,0.95,0.07057568867808212
l8mwxqc,Arthur__vs__llm,responsiveness,correctness,sigmoid,0,0.9,0.07561260322996138
l9p5x5n,Arthur__vs__llm,responsiveness,correctness,sigmoid,0,1.0,0.06860840583555362
l7wbd3w,Arthur__vs__llm,responsiveness,correctness,sigmoid,0,0.8,0.0817864435794796
l8a48iz,Arthur__vs__llm,responsiveness,correctness,sigmoid,0,0.8,0.07588350987119245
l8s0n8l,Arthur__vs__llm,responsiveness,correctness,sigmoid,0,0.95,0.07268871564874418
l8l6enl,Arthur__vs__llm,responsiveness,correctness,sigmoid,0,0.9,0.07259498480608788
laf27da,Arthur__vs__llm,responsiveness,correctness,sigmoid,1,0.8,0.07804494716008359
l9n2a6w,Arthur__vs__llm,responsiveness,correctness,sigmoid,0,0.95,0.07742830344934012
l7z95u8,Arthur__vs__llm,responsiveness,correctness,sigmoid,0,0.95,0.07057568867808212
lbnqeon,Arthur__vs__llm,responsiveness,correctness,sigmoid,0,0.8,0.07804494716008359
l91o73m,Arthur__vs__llm,responsiveness,correctness,sigmoid,0,0.95,0.07742830344934012
l7whtys,Arthur__vs__llm,responsiveness,correctness,sigmoid,0,0.8,0.07588350987119245
lbikhto,Arthur__vs__llm,responsiveness,correctness,sigmoid,0,0.8,0.07804494716008359
l9yt1eq,Arthur__vs__llm,responsiveness,correctness,sigmoid,0,0.6,0.09552739553244607
ladkivx,Arthur__vs__llm,responsiveness,correctness,sigmoid,0,0.9,0.07686259124902783
l87xcd4,Arthur__vs__llm,responsiveness,correctness,sigmoid,0,0.9,0.07259498480608788
la6oicy,Arthur__vs__llm,responsiveness,correctness,sigmoid,0,0.9,0.07763335382112772
l85xyvb,Arthur__vs__llm,responsiveness,correctness,sigmoid,0,0.8,0.07804494716008359
lblsr0b,Arthur__vs__llm,responsiveness,correctness,sigmoid,0,0.9,0.07561260322996138
l94vp8y,Arthur__vs__llm,responsiveness,correctness,sigmoid,0,0.8,0.07804494716008359
lbcyx3n,Arthur__vs__llm,responsiveness,correctness,isotonic,0,1.0,0.14457831325301204
l9b1r7k,Arthur__vs__llm,responsiveness,correctness,isotonic,0,0.8,0.05
l9nfu9z,Arthur__vs__llm,responsiveness,correctness,isotonic,0,0.8,0.045
lbhwjs2,Arthur__vs__llm,responsiveness,correctness,isotonic,0,0.8,0.04639175257731959
laineeu,Arthur__vs__llm,responsiveness,correctness,isotonic,0,0.8,0.05
l923179,Arthur__vs__llm,responsiveness,correctness,isotonic,0,0.95,0.14457831325301204
lbjwb52,Arthur__vs__llm,responsiveness,correctness,isotonic,0,0.8,0.061855670103092786
l9z5iy3,Arthur__vs__llm,responsiveness,correctness,isotonic,0,0.95,0.14457831325301204
l7z98qx,Arthur__vs__llm,responsiveness,correctness,isotonic,0,0.95,0.14457831325301204
laxa4t8,Arthur__vs__llm,responsiveness,correctness,isotonic,0,0.8,0.05
l8ba67x,Arthur__vs__llm,responsiveness,correctness,isotonic,0,0.9,0.057692307692307696
l9ljx88,Arthur__vs__llm,responsiveness,correctness,isotonic,0,0.9,0.061855670103092786
l9rnibl,Arthur__vs__llm,responsiveness,correctness,isotonic,1,1.0,0.125
l9fjlfi,Arthur__vs__llm,responsiveness,correctness,isotonic,0,0.8,0.061855670103092786
lalisq9,Arthur__vs__llm,responsiveness,correctness,isotonic,0,0.9,0.057692307692307696
la0bxuy,Arthur__vs__llm,responsiveness,correctness,isotonic,0,0.9,0.061855670103092786
l9inr0v,Arthur__vs__llm,responsiveness,correctness,isotonic,0,0.95,0.11290322580645161
l7yh6qg,Arthur__vs__llm,responsiveness,correctness,isotonic,0,1.0,0.15384615384615385
lag7ebe,Arthur__vs__llm,responsiveness,correctness,isotonic,0,0.9,0.057692307692307696
l9lwm2m,Arthur__vs__llm,responsiveness,correctness,isotonic,0,0.9,0.04639175257731959
l9eq96t,Arthur__vs__llm,responsiveness,correctness,isotonic,0,0.8,0.04639175257731959
l8gl5i9,Arthur__vs__llm,responsiveness,correctness,isotonic,0,1.0,0.2
l9ne2u8,Arthur__vs__llm,responsiveness,correctness,isotonic,0,0.8,0.057692307692307696
lazn9pa,Arthur__vs__llm,responsiveness,correctness,isotonic,0,0.8,0.04639175257731959
lae34w9,Arthur__vs__llm,responsiveness,correctness,isotonic,0,1.0,0.125
lax2gzs,Arthur__vs__llm,responsiveness,correctness,isotonic,0,0.95,0.1323529411764706
l9lnt1s,Arthur__vs__llm,responsiveness,correctness,isotonic,0,0.8,0.061855670103092786
lae0vng,Arthur__vs__llm,responsiveness,correctness,isotonic,0,0.8,0.05
l886669,Arthur__vs__llm,responsiveness,correctness,isotonic,0,0.9,0.05
l9gowa9,Arthur__vs__llm,responsiveness,correctness,isotonic,0,0.9,0.04639175257731959
l9aobkr,Arthur__vs__llm,responsiveness,correctness,isotonic,0,0.9,0.061855670103092786
l9yl3tw,Arthur__vs__llm,responsiveness,correctness,isotonic,0,0.9,0.045
l9pj2n8,Arthur__vs__llm,responsiveness,correctness,isotonic,0,0.95,0.14457831325301204
l8knznf,Arthur__vs__llm,responsiveness,correctness,isotonic,0,0.9,0.045
lagmpvf,Arthur__vs__llm,responsiveness,correctness,isotonic,0,0.95,0.11290322580645161
l9ls0sc,Arthur__vs__llm,responsiveness,correctness,isotonic,0,0.9,0.061855670103092786
l8rvj1h,Arthur__vs__llm,responsiveness,correctness,isotonic,0,0.9,0.057692307692307696
l86t1mv,Arthur__vs__llm,responsiveness,correctness,isotonic,0,0.9,0.04639175257731959
l9rbctp,Arthur__vs__llm,responsiveness,correctness,isotonic,0,0.9,0.04639175257731959
lal3dx3,Arthur__vs__llm,responsiveness,correctness,isotonic,0,0.95,0.11290322580645161
l88ucpt,Arthur__vs__llm,responsiveness,correctness,isotonic,1,0.95,0.11290322580645161
lam50or,Arthur__vs__llm,responsiveness,correctness,isotonic,0,0.8,0.057692307692307696
l96lqud,Arthur__vs__llm,responsiveness,correctness,isotonic,0,0.6,0.061855670103092786
l9oapl9,Arthur__vs__llm,responsiveness,correctness,isotonic,0,0.9,0.04639175257731959
l98ll5k,Arthur__vs__llm,responsiveness,correctness,isotonic,0,0.95,0.1323529411764706
l9blfe7,Arthur__vs__llm,responsiveness,correctness,isotonic,0,0.95,0.11290322580645161
l9o23yd,Arthur__vs__llm,responsiveness,correctness,isotonic,0,0.9,0.04639175257731959
l9ok0zv,Arthur__vs__llm,responsiveness,correctness,isotonic,1,0.95,0.14084507042253522
l9n3htm,Arthur__vs__llm,responsiveness,correctness,isotonic,0,0.9,0.061855670103092786
l91quzy,Arthur__vs__llm,responsiveness,correctness,isotonic,0,0.9,0.05
l9ugy18,Arthur__vs__llm,responsiveness,correctness,isotonic,0,0.9,0.061855670103092786
l9i9acx,Arthur__vs__llm,responsiveness,correctness,isotonic,0,0.95,0.14084507042253522
l91eqfs,Arthur__vs__llm,responsiveness,correctness,isotonic,0,0.95,0.14084507042253522
l929z0f,Arthur__vs__llm,responsiveness,correctness,isotonic,0,1.0,0.2
l9wqlfk,Arthur__vs__llm,responsiveness,correctness,isotonic,0,0.95,0.1323529411764706
l9ud3dv,Arthur__vs__llm,responsiveness,correctness,isotonic,0,0.9,0.04639175257731959
la4xvvf,Arthur__vs__llm,responsiveness,correctness,isotonic,0,0.8,0.05
l958g2o,Arthur__vs__llm,responsiveness,correctness,isotonic,0,0.9,0.05
l9nj4dq,Arthur__vs__llm,responsiveness,correctness,isotonic,0,0.9,0.061855670103092786
labtd52,Arthur__vs__llm,responsiveness,correctness,isotonic,0,0.8,0.061855670103092786
l9r5y4i,Arthur__vs__llm,responsiveness,correctness,isotonic,0,0.8,0.057692307692307696
l9j37bz,Arthur__vs__llm,responsiveness,correctness,isotonic,0,0.6,0.04639175257731959
l7zd8sv,Arthur__vs__llm,responsiveness,correctness,isotonic,0,0.95,0.1323529411764706
la4o8tp,Arthur__vs__llm,responsiveness,correctness,isotonic,0,0.9,0.061855670103092786
l9z7iji,Arthur__vs__llm,responsiveness,correctness,isotonic,0,0.8,0.045
l9mo64d,Arthur__vs__llm,responsiveness,correctness,isotonic,0,0.9,0.04639175257731959
lbbacwk,Arthur__vs__llm,responsiveness,correctness,isotonic,0,0.95,0.1323529411764706
l852mv7,Arthur__vs__llm,responsiveness,correctness,isotonic,0,0.9,0.045
lbc8weg,Arthur__vs__llm,responsiveness,correctness,isotonic,1,0.8,0.04639175257731959
l9enz5u,Arthur__vs__llm,responsiveness,correctness,isotonic,0,0.8,0.057692307692307696
la88e0d,Arthur__vs__llm,responsiveness,correctness,isotonic,0,0.95,0.11290322580645161
lb4f62l,Arthur__vs__llm,responsiveness,correctness,isotonic,0,0.95,0.14084507042253522
l8cc35d,Arthur__vs__llm,responsiveness,correctness,isotonic,0,0.95,0.14084507042253522
l8s749m,Arthur__vs__llm,responsiveness,correctness,isotonic,0,0.9,0.057692307692307696
l9l6lq8,Arthur__vs__llm,responsiveness,correctness,isotonic,0,0.9,0.05
laeesl4,Arthur__vs__llm,responsiveness,correctness,isotonic,1,0.8,0.045
lagn373,Arthur__vs__llm,responsiveness,correctness,isotonic,0,0.9,0.045
la5g88p,Arthur__vs__llm,responsiveness,correctness,isotonic,0,0.95,0.1323529411764706
l921g4w,Arthur__vs__llm,responsiveness,correctness,isotonic,0,0.9,0.045
l9dml7h,Arthur__vs__llm,responsiveness,correctness,isotonic,1,1.0,0.15384615384615385
lb0x5j6,Arthur__vs__llm,responsiveness,correctness,isotonic,0,0.8,0.057692307692307696
l9mo5vr,Arthur__vs__llm,responsiveness,correctness,isotonic,0,0.9,0.057692307692307696
l99jy55,Arthur__vs__llm,responsiveness,correctness,isotonic,0,0.8,0.05
laiyyxz,Arthur__vs__llm,responsiveness,correctness,isotonic,0,0.9,0.05
l9iz6ys,Arthur__vs__llm,responsiveness,correctness,isotonic,0,0.9,0.05
laocd8d,Arthur__vs__llm,responsiveness,correctness,isotonic,0,0.8,0.05
laduen4,Arthur__vs__llm,responsiveness,correctness,isotonic,0,0.9,0.045
l8qfoy3,Arthur__vs__llm,responsiveness,correctness,isotonic,0,0.95,0.14084507042253522
lb24ml0,Arthur__vs__llm,responsiveness,correctness,isotonic,1,0.95,0.10810810810810811
l9cdn11,Arthur__vs__llm,responsiveness,correctness,isotonic,1,0.95,0.10810810810810811
lbm6akp,Arthur__vs__llm,responsiveness,correctness,isotonic,0,0.95,0.14457831325301204
lackr2s,Arthur__vs__llm,responsiveness,correctness,isotonic,0,0.9,0.057692307692307696
l9lzpbk,Arthur__vs__llm,responsiveness,correctness,isotonic,0,0.9,0.057692307692307696
l89s229,Arthur__vs__llm,responsiveness,correctness,isotonic,0,1.0,0.14457831325301204
l9lhgmk,Arthur__vs__llm,responsiveness,correctness,isotonic,1,0.95,0.11290322580645161
l87q6d4,Arthur__vs__llm,responsiveness,correctness,isotonic,0,0.9,0.061855670103092786
l99k57x,Arthur__vs__llm,responsiveness,correctness,isotonic,0,0.8,0.057692307692307696
lbipeiw,Arthur__vs__llm,responsiveness,correctness,isotonic,0,0.95,0.14084507042253522
ladoc4w,Arthur__vs__llm,responsiveness,correctness,isotonic,0,0.8,0.061855670103092786
la035bq,Arthur__vs__llm,responsiveness,correctness,isotonic,0,0.8,0.04639175257731959
l9kooj0,Arthur__vs__llm,responsiveness,correctness,isotonic,0,0.8,0.045
l9n6d1s,Arthur__vs__llm,responsiveness,correctness,isotonic,1,1.0,0.14457831325301204
la2y5mq,Arthur__vs__llm,responsiveness,correctness,isotonic,0,0.9,0.04639175257731959
ladvrj9,Arthur__vs__llm,responsiveness,correctness,isotonic,0,0.8,0.04639175257731959
lagdq9c,Arthur__vs__llm,responsiveness,correctness,isotonic,0,0.8,0.061855670103092786
l9mjovr,Arthur__vs__llm,responsiveness,correctness,isotonic,0,0.9,0.045
l9nsxmj,Arthur__vs__llm,responsiveness,correctness,isotonic,0,0.8,0.04639175257731959
lb04ydk,Arthur__vs__llm,responsiveness,correctness,isotonic,0,1.0,0.14457831325301204
lam9gor,Arthur__vs__llm,responsiveness,correctness,isotonic,0,0.95,0.11290322580645161
l9l6or5,Arthur__vs__llm,responsiveness,correctness,isotonic,0,0.9,0.045
laz2tx3,Arthur__vs__llm,responsiveness,correctness,isotonic,0,0.6,0.05
l95b4im,Arthur__vs__llm,responsiveness,correctness,isotonic,1,0.8,0.05
l8y5s8g,Arthur__vs__llm,responsiveness,correctness,isotonic,0,0.9,0.057692307692307696
laggm72,Arthur__vs__llm,responsiveness,correctness,isotonic,0,0.8,0.04639175257731959
l8y3oft,Arthur__vs__llm,responsiveness,correctness,isotonic,0,0.8,0.045
l815359,Arthur__vs__llm,responsiveness,correctness,isotonic,0,0.85,0.05
l8cymda,Arthur__vs__llm,responsiveness,correctness,isotonic,0,0.9,0.057692307692307696
lbmadit,Arthur__vs__llm,responsiveness,correctness,isotonic,0,0.8,0.061855670103092786
l9jj223,Arthur__vs__llm,responsiveness,correctness,isotonic,0,1.0,0.15384615384615385
lbnrkxv,Arthur__vs__llm,responsiveness,correctness,isotonic,0,0.95,0.14457831325301204
l9ra8bu,Arthur__vs__llm,responsiveness,correctness,isotonic,0,1.0,0.15384615384615385
l8zf2fq,Arthur__vs__llm,responsiveness,correctness,isotonic,1,0.2,0.05
l8bst7l,Arthur__vs__llm,responsiveness,correctness,isotonic,0,1.0,0.2
l9j1tr2,Arthur__vs__llm,responsiveness,correctness,isotonic,1,0.6,0.057692307692307696
l9mi4kc,Arthur__vs__llm,responsiveness,correctness,isotonic,0,0.9,0.045
lahlnqd,Arthur__vs__llm,responsiveness,correctness,isotonic,0,0.95,0.14084507042253522
ladhuar,Arthur__vs__llm,responsiveness,correctness,isotonic,1,0.95,0.1323529411764706
l99m6yn,Arthur__vs__llm,responsiveness,correctness,isotonic,0,0.85,0.061855670103092786
l94my7l,Arthur__vs__llm,responsiveness,correctness,isotonic,0,0.8,0.061855670103092786
lado83d,Arthur__vs__llm,responsiveness,correctness,isotonic,0,0.8,0.04639175257731959
l97u9q3,Arthur__vs__llm,responsiveness,correctness,isotonic,0,0.9,0.057692307692307696
l9p7a2l,Arthur__vs__llm,responsiveness,correctness,isotonic,0,0.8,0.05
la87lox,Arthur__vs__llm,responsiveness,correctness,isotonic,0,0.95,0.1323529411764706
lbg0fzq,Arthur__vs__llm,responsiveness,correctness,isotonic,0,0.95,0.14457831325301204
l9m6q26,Arthur__vs__llm,responsiveness,correctness,isotonic,0,0.8,0.057692307692307696
lbc9ztp,Arthur__vs__llm,responsiveness,correctness,isotonic,0,0.8,0.05
l9dxpci,Arthur__vs__llm,responsiveness,correctness,isotonic,0,0.8,0.05
lavm74r,Arthur__vs__llm,responsiveness,correctness,isotonic,0,0.9,0.04639175257731959
lafv6th,Arthur__vs__llm,responsiveness,correctness,isotonic,0,0.95,0.1323529411764706
lbgmc1v,Arthur__vs__llm,responsiveness,correctness,isotonic,0,0.95,0.14084507042253522
lbgupf7,Arthur__vs__llm,responsiveness,correctness,isotonic,0,1.0,0.15384615384615385
lal0e50,Arthur__vs__llm,responsiveness,correctness,isotonic,0,0.9,0.05
laiabc5,Arthur__vs__llm,responsiveness,correctness,isotonic,0,0.8,0.05
l9sraag,Arthur__vs__llm,responsiveness,correctness,isotonic,0,0.9,0.057692307692307696
lbc9ybp,Arthur__vs__llm,responsiveness,correctness,isotonic,0,0.8,0.05
l82o91p,Arthur__vs__llm,responsiveness,correctness,isotonic,0,0.95,0.14084507042253522
l9kj0w5,Arthur__vs__llm,responsiveness,correctness,isotonic,0,0.9,0.04639175257731959
l9xpw08,Arthur__vs__llm,responsiveness,correctness,isotonic,0,0.85,0.045
l85qgnp,Arthur__vs__llm,responsiveness,correctness,isotonic,0,0.9,0.05
lb4eg7g,Arthur__vs__llm,responsiveness,correctness,isotonic,0,0.8,0.061855670103092786
la8zggn,Arthur__vs__llm,responsiveness,correctness,isotonic,0,0.9,0.045
lb7hb5m,Arthur__vs__llm,responsiveness,correctness,isotonic,1,0.8,0.04639175257731959
l9hw9kq,Arthur__vs__llm,responsiveness,correctness,isotonic,0,0.9,0.05
l9pobdn,Arthur__vs__llm,responsiveness,correctness,isotonic,0,0.95,0.11290322580645161
l8aceqo,Arthur__vs__llm,responsiveness,correctness,isotonic,0,0.9,0.05
lbm8q3d,Arthur__vs__llm,responsiveness,correctness,isotonic,0,0.9,0.061855670103092786
lb5jfj3,Arthur__vs__llm,responsiveness,correctness,isotonic,0,0.95,0.10810810810810811
la3zobt,Arthur__vs__llm,responsiveness,correctness,isotonic,0,0.8,0.061855670103092786
lbc93br,Arthur__vs__llm,responsiveness,correctness,isotonic,0,0.8,0.057692307692307696
l84ewxa,Arthur__vs__llm,responsiveness,correctness,isotonic,0,0.95,0.10810810810810811
l95jgxs,Arthur__vs__llm,responsiveness,correctness,isotonic,0,0.95,0.11290322580645161
laf3322,Arthur__vs__llm,responsiveness,correctness,isotonic,0,0.6,0.061855670103092786
lbmgukc,Arthur__vs__llm,responsiveness,correctness,isotonic,0,0.95,0.14457831325301204
l9s2edv,Arthur__vs__llm,responsiveness,correctness,isotonic,0,1.0,0.14457831325301204
l98scdm,Arthur__vs__llm,responsiveness,correctness,isotonic,0,0.8,0.05
l9co9nz,Arthur__vs__llm,responsiveness,correctness,isotonic,0,0.95,0.14084507042253522
lbcjpc9,Arthur__vs__llm,responsiveness,correctness,isotonic,0,0.8,0.045
l7zkr3u,Arthur__vs__llm,responsiveness,correctness,isotonic,0,0.8,0.045
l9pxej9,Arthur__vs__llm,responsiveness,correctness,isotonic,0,0.9,0.061855670103092786
lbmiyxc,Arthur__vs__llm,responsiveness,correctness,isotonic,0,0.9,0.05
lbdptwc,Arthur__vs__llm,responsiveness,correctness,isotonic,0,0.8,0.057692307692307696
lagsru7,Arthur__vs__llm,responsiveness,correctness,isotonic,0,0.95,0.1323529411764706
l9lqko7,Arthur__vs__llm,responsiveness,correctness,isotonic,0,0.9,0.061855670103092786
l94qfeu,Arthur__vs__llm,responsiveness,correctness,isotonic,0,0.8,0.061855670103092786
lb4ffvc,Arthur__vs__llm,responsiveness,correctness,isotonic,1,0.8,0.061855670103092786
lb7hlw8,Arthur__vs__llm,responsiveness,correctness,isotonic,0,0.8,0.061855670103092786
l9o4m6t,Arthur__vs__llm,responsiveness,correctness,isotonic,0,0.8,0.057692307692307696
ladjia1,Arthur__vs__llm,responsiveness,correctness,isotonic,0,0.8,0.061855670103092786
l8j4faa,Arthur__vs__llm,responsiveness,correctness,isotonic,0,0.8,0.057692307692307696
l9nldea,Arthur__vs__llm,responsiveness,correctness,isotonic,0,0.95,0.10810810810810811
l7whu3g,Arthur__vs__llm,responsiveness,correctness,isotonic,0,0.6,0.04639175257731959
lb3u7cv,Arthur__vs__llm,responsiveness,correctness,isotonic,1,0.95,0.14457831325301204
l8sd704,Arthur__vs__llm,responsiveness,correctness,isotonic,0,0.8,0.05
l9n2v2x,Arthur__vs__llm,responsiveness,correctness,isotonic,0,0.8,0.057692307692307696
l9i8eyp,Arthur__vs__llm,responsiveness,correctness,isotonic,0,0.9,0.045
la7zmvh,Arthur__vs__llm,responsiveness,correctness,isotonic,0,0.8,0.05
lb7t9ln,Arthur__vs__llm,responsiveness,correctness,isotonic,0,0.8,0.045
lag2u2u,Arthur__vs__llm,responsiveness,correctness,isotonic,0,0.9,0.061855670103092786
lbgx156,Arthur__vs__llm,responsiveness,correctness,isotonic,0,0.8,0.05
lbgvfbg,Arthur__vs__llm,responsiveness,correctness,isotonic,0,0.95,0.1323529411764706
l9mnxjh,Arthur__vs__llm,responsiveness,correctness,isotonic,0,0.8,0.04639175257731959
l9rlvrr,Arthur__vs__llm,responsiveness,correctness,isotonic,0,0.95,0.1323529411764706
lblwjs6,Arthur__vs__llm,responsiveness,correctness,isotonic,0,0.9,0.061855670103092786
l9gucuu,Arthur__vs__llm,responsiveness,correctness,isotonic,0,0.95,0.1323529411764706
l90fwdz,Arthur__vs__llm,responsiveness,correctness,isotonic,0,0.9,0.045
l9ey7ss,Arthur__vs__llm,responsiveness,correctness,isotonic,0,0.8,0.057692307692307696
l9x07o6,Arthur__vs__llm,responsiveness,correctness,isotonic,0,0.8,0.057692307692307696
l9yrplw,Arthur__vs__llm,responsiveness,correctness,isotonic,0,0.9,0.045
lb7jzoh,Arthur__vs__llm,responsiveness,correctness,isotonic,0,0.85,0.045
l9j2dld,Arthur__vs__llm,responsiveness,correctness,isotonic,0,0.9,0.061855670103092786
lbcdaqm,Arthur__vs__llm,responsiveness,correctness,isotonic,1,0.8,0.045
lac3nf6,Arthur__vs__llm,responsiveness,correctness,isotonic,0,0.8,0.04639175257731959
l9h1o8g,Arthur__vs__llm,responsiveness,correctness,isotonic,0,0.95,0.14457831325301204
lbhwgd2,Arthur__vs__llm,responsiveness,correctness,isotonic,0,0.8,0.05
lakztne,Arthur__vs__llm,responsiveness,correctness,isotonic,0,0.95,0.11290322580645161
lakk0oc,Arthur__vs__llm,responsiveness,correctness,isotonic,0,0.8,0.061855670103092786
lauxvzo,Arthur__vs__llm,responsiveness,correctness,isotonic,0,0.95,0.11290322580645161
l8bjje6,Arthur__vs__llm,responsiveness,correctness,isotonic,0,0.85,0.04639175257731959
l9j2hie,Arthur__vs__llm,responsiveness,correctness,isotonic,0,0.95,0.14084507042253522
l98am7e,Arthur__vs__llm,responsiveness,correctness,isotonic,0,1.0,0.16666666666666666
l8byf87,Arthur__vs__llm,responsiveness,correctness,isotonic,0,0.9,0.057692307692307696
l93g2gp,Arthur__vs__llm,responsiveness,correctness,isotonic,0,0.95,0.11290322580645161
l925p2k,Arthur__vs__llm,responsiveness,correctness,isotonic,0,0.9,0.045
lb7d5nn,Arthur__vs__llm,responsiveness,correctness,isotonic,0,0.8,0.05
l8xu7ix,Arthur__vs__llm,responsiveness,correctness,isotonic,0,0.8,0.045
l9m36ns,Arthur__vs__llm,responsiveness,correctness,isotonic,0,0.9,0.04639175257731959
lamdwg3,Arthur__vs__llm,responsiveness,correctness,isotonic,0,0.8,0.05
lbnqk66,Arthur__vs__llm,responsiveness,correctness,isotonic,0,0.8,0.045
l92ev0i,Arthur__vs__llm,responsiveness,correctness,isotonic,0,0.8,0.057692307692307696
l9kzp7k,Arthur__vs__llm,responsiveness,correctness,isotonic,0,0.9,0.05
ladusqz,Arthur__vs__llm,responsiveness,correctness,isotonic,0,0.8,0.04639175257731959
l85iaai,Arthur__vs__llm,responsiveness,correctness,isotonic,0,1.0,0.2
larzixe,Arthur__vs__llm,responsiveness,correctness,isotonic,0,0.8,0.045
lakr4r0,Arthur__vs__llm,responsiveness,correctness,isotonic,0,0.95,0.11290322580645161
la3fh2d,Arthur__vs__llm,responsiveness,correctness,isotonic,0,0.8,0.04639175257731959
laackev,Arthur__vs__llm,responsiveness,correctness,isotonic,0,0.9,0.061855670103092786
lbl8edv,Arthur__vs__llm,responsiveness,correctness,isotonic,0,0.9,0.057692307692307696
l8alzsf,Arthur__vs__llm,responsiveness,correctness,isotonic,0,0.95,0.10810810810810811
l97ffzg,Arthur__vs__llm,responsiveness,correctness,isotonic,0,0.8,0.04639175257731959
laejxyi,Arthur__vs__llm,responsiveness,correctness,isotonic,0,0.9,0.061855670103092786
l9mb2io,Arthur__vs__llm,responsiveness,correctness,isotonic,0,0.9,0.061855670103092786
l9zoaz9,Arthur__vs__llm,responsiveness,correctness,isotonic,0,0.95,0.10810810810810811
laddsag,Arthur__vs__llm,responsiveness,correctness,isotonic,0,0.9,0.05
l9pkzi5,Arthur__vs__llm,responsiveness,correctness,isotonic,0,0.9,0.057692307692307696
l9lo63k,Arthur__vs__llm,responsiveness,correctness,isotonic,0,0.8,0.061855670103092786
l9ithe4,Arthur__vs__llm,responsiveness,correctness,isotonic,0,0.95,0.14457831325301204
lbirrmt,Arthur__vs__llm,responsiveness,correctness,isotonic,0,0.95,0.1323529411764706
l9etsuw,Arthur__vs__llm,responsiveness,correctness,isotonic,0,0.95,0.11290322580645161
l7zqqv1,Arthur__vs__llm,responsiveness,correctness,isotonic,0,0.9,0.05
l968z7u,Arthur__vs__llm,responsiveness,correctness,isotonic,0,0.8,0.04639175257731959
lata8x6,Arthur__vs__llm,responsiveness,correctness,isotonic,0,0.95,0.14457831325301204
lawus8i,Arthur__vs__llm,responsiveness,correctness,isotonic,0,0.9,0.04639175257731959
l947md5,Arthur__vs__llm,responsiveness,correctness,isotonic,1,0.95,0.10810810810810811
l8mxn3x,Arthur__vs__llm,responsiveness,correctness,isotonic,0,0.8,0.057692307692307696
l9mm30r,Arthur__vs__llm,responsiveness,correctness,isotonic,0,0.8,0.04639175257731959
l8r27kz,Arthur__vs__llm,responsiveness,correctness,isotonic,0,0.95,0.14457831325301204
lbkj34u,Arthur__vs__llm,responsiveness,correctness,isotonic,0,0.9,0.061855670103092786
l8xhaay,Arthur__vs__llm,responsiveness,correctness,isotonic,0,0.9,0.04639175257731959
l9k6wsu,Arthur__vs__llm,responsiveness,correctness,isotonic,0,0.8,0.061855670103092786
l9z6228,Arthur__vs__llm,responsiveness,correctness,isotonic,0,0.85,0.045
lb4d0t7,Arthur__vs__llm,responsiveness,correctness,isotonic,1,0.8,0.04639175257731959
ladhiz5,Arthur__vs__llm,responsiveness,correctness,isotonic,0,0.9,0.061855670103092786
l9oq9jh,Arthur__vs__llm,responsiveness,correctness,isotonic,0,0.8,0.04639175257731959
lbdqz6b,Arthur__vs__llm,responsiveness,correctness,isotonic,1,0.95,0.11290322580645161
l9g4laq,Arthur__vs__llm,responsiveness,correctness,isotonic,0,0.9,0.045
l9lwe7h,Arthur__vs__llm,responsiveness,correctness,isotonic,1,0.8,0.045
lb3e2s4,Arthur__vs__llm,responsiveness,correctness,isotonic,0,0.9,0.045
la6lya2,Arthur__vs__llm,responsiveness,correctness,isotonic,1,0.95,0.11290322580645161
ladopo7,Arthur__vs__llm,responsiveness,correctness,isotonic,0,0.8,0.045
l97xyqg,Arthur__vs__llm,responsiveness,correctness,isotonic,0,0.9,0.04639175257731959
l9t64uy,Arthur__vs__llm,responsiveness,correctness,isotonic,0,0.95,0.1323529411764706
la8p1yt,Arthur__vs__llm,responsiveness,correctness,isotonic,0,0.85,0.04639175257731959
l9n9txg,Arthur__vs__llm,responsiveness,correctness,isotonic,0,0.9,0.045
l9p95z5,Arthur__vs__llm,responsiveness,correctness,isotonic,0,0.9,0.057692307692307696
l89b3id,Arthur__vs__llm,responsiveness,correctness,isotonic,0,0.85,0.045
laxl99q,Arthur__vs__llm,responsiveness,correctness,isotonic,0,0.9,0.061855670103092786
la31xp1,Arthur__vs__llm,responsiveness,correctness,isotonic,0,0.9,0.045
la6gvel,Arthur__vs__llm,responsiveness,correctness,isotonic,0,0.9,0.057692307692307696
lbk23vy,Arthur__vs__llm,responsiveness,correctness,isotonic,0,0.95,0.14084507042253522
l9pdksg,Arthur__vs__llm,responsiveness,correctness,isotonic,0,0.6,0.045
lax3tkk,Arthur__vs__llm,responsiveness,correctness,isotonic,0,0.95,0.11290322580645161
l9kniso,Arthur__vs__llm,responsiveness,correctness,isotonic,0,0.8,0.061855670103092786
l8qg3ev,Arthur__vs__llm,responsiveness,correctness,isotonic,0,0.8,0.05
l8xvus5,Arthur__vs__llm,responsiveness,correctness,isotonic,0,1.0,0.125
lbg26yh,Arthur__vs__llm,responsiveness,correctness,isotonic,0,0.8,0.04639175257731959
l8rzo0j,Arthur__vs__llm,responsiveness,correctness,isotonic,0,0.8,0.05
l8awua9,Arthur__vs__llm,responsiveness,correctness,isotonic,0,0.9,0.061855670103092786
l99lagq,Arthur__vs__llm,responsiveness,correctness,isotonic,0,0.8,0.04639175257731959
l8qheky,Arthur__vs__llm,responsiveness,correctness,isotonic,0,0.8,0.04639175257731959
l90lqvy,Arthur__vs__llm,responsiveness,correctness,isotonic,0,0.9,0.04639175257731959
l86v1rq,Arthur__vs__llm,responsiveness,correctness,isotonic,0,0.9,0.057692307692307696
l9narp9,Arthur__vs__llm,responsiveness,correctness,isotonic,0,0.95,0.14084507042253522
lakv7lf,Arthur__vs__llm,responsiveness,correctness,isotonic,0,0.8,0.061855670103092786
l9wcq11,Arthur__vs__llm,responsiveness,correctness,isotonic,0,0.95,0.10810810810810811
l9fhq5a,Arthur__vs__llm,responsiveness,correctness,isotonic,0,0.95,0.14457831325301204
lb7n7qo,Arthur__vs__llm,responsiveness,correctness,isotonic,0,0.95,0.10810810810810811
lbhxkkz,Arthur__vs__llm,responsiveness,correctness,isotonic,0,0.6,0.045
l91x79i,Arthur__vs__llm,responsiveness,correctness,isotonic,0,0.8,0.045
lb8ivrh,Arthur__vs__llm,responsiveness,correctness,isotonic,0,0.9,0.045
lbihzb7,Arthur__vs__llm,responsiveness,correctness,isotonic,0,0.8,0.061855670103092786
larwml3,Arthur__vs__llm,responsiveness,correctness,isotonic,0,0.95,0.14457831325301204
l9g5enb,Arthur__vs__llm,responsiveness,correctness,isotonic,0,0.8,0.061855670103092786
l9ne5iw,Arthur__vs__llm,responsiveness,correctness,isotonic,0,0.8,0.045
l8nw2ts,Arthur__vs__llm,responsiveness,correctness,isotonic,0,0.95,0.11290322580645161
lbg8gqk,Arthur__vs__llm,responsiveness,correctness,isotonic,1,0.95,0.1323529411764706
la63dhs,Arthur__vs__llm,responsiveness,correctness,isotonic,0,0.8,0.04639175257731959
l9o31o8,Arthur__vs__llm,responsiveness,correctness,isotonic,0,0.9,0.045
la3bcqj,Arthur__vs__llm,responsiveness,correctness,isotonic,1,0.8,0.04639175257731959
lbjqq6a,Arthur__vs__llm,responsiveness,correctness,isotonic,0,0.9,0.057692307692307696
l9pet9y,Arthur__vs__llm,responsiveness,correctness,isotonic,0,0.8,0.045
l9yw8ul,Arthur__vs__llm,responsiveness,correctness,isotonic,0,0.8,0.05
l94psqu,Arthur__vs__llm,responsiveness,correctness,isotonic,0,0.8,0.04639175257731959
lao89vd,Arthur__vs__llm,responsiveness,correctness,isotonic,0,0.9,0.04639175257731959
lb4eob2,Arthur__vs__llm,responsiveness,correctness,isotonic,0,0.8,0.04639175257731959
l8hg49w,Arthur__vs__llm,responsiveness,correctness,isotonic,0,0.8,0.05
lb4e4lq,Arthur__vs__llm,responsiveness,correctness,isotonic,0,0.95,0.14457831325301204
lalrik8,Arthur__vs__llm,responsiveness,correctness,isotonic,0,0.8,0.04639175257731959
l8kvpnt,Arthur__vs__llm,responsiveness,correctness,isotonic,0,0.8,0.061855670103092786
lae63qs,Arthur__vs__llm,responsiveness,correctness,isotonic,0,0.9,0.05
l8l72hd,Arthur__vs__llm,responsiveness,correctness,isotonic,0,0.8,0.04639175257731959
l8aosij,Arthur__vs__llm,responsiveness,correctness,isotonic,0,0.85,0.061855670103092786
la8jqoe,Arthur__vs__llm,responsiveness,correctness,isotonic,0,0.95,0.14457831325301204
l9uheza,Arthur__vs__llm,responsiveness,correctness,isotonic,0,0.9,0.04639175257731959
lb8c54w,Arthur__vs__llm,responsiveness,correctness,isotonic,0,0.9,0.05
la70o2m,Arthur__vs__llm,responsiveness,correctness,isotonic,0,0.9,0.061855670103092786
lbix7mc,Arthur__vs__llm,responsiveness,correctness,isotonic,0,0.9,0.057692307692307696
l9gzvi5,Arthur__vs__llm,responsiveness,correctness,isotonic,0,0.9,0.061855670103092786
lawpxc2,Arthur__vs__llm,responsiveness,correctness,isotonic,0,0.8,0.057692307692307696
lae4urb,Arthur__vs__llm,responsiveness,correctness,isotonic,0,0.95,0.10810810810810811
lbhtco2,Arthur__vs__llm,responsiveness,correctness,isotonic,0,0.6,0.045
laf7s3e,Arthur__vs__llm,responsiveness,correctness,isotonic,1,0.6,0.045
la1cgq1,Arthur__vs__llm,responsiveness,correctness,isotonic,0,0.95,0.14084507042253522
la9w5ur,Arthur__vs__llm,responsiveness,correctness,isotonic,0,0.9,0.04639175257731959
l9mynwi,Arthur__vs__llm,responsiveness,correctness,isotonic,0,0.95,0.11290322580645161
lb047lv,Arthur__vs__llm,responsiveness,correctness,isotonic,0,0.95,0.11290322580645161
lag1dto,Arthur__vs__llm,responsiveness,correctness,isotonic,0,0.8,0.061855670103092786
l8lrpme,Arthur__vs__llm,responsiveness,correctness,isotonic,0,0.8,0.057692307692307696
l9q15pl,Arthur__vs__llm,responsiveness,correctness,isotonic,0,0.95,0.11290322580645161
lac445k,Arthur__vs__llm,responsiveness,correctness,isotonic,0,0.9,0.04639175257731959
l9t6dk7,Arthur__vs__llm,responsiveness,correctness,isotonic,0,0.9,0.04639175257731959
l7x3qxm,Arthur__vs__llm,responsiveness,correctness,isotonic,0,0.9,0.045
l89mf4q,Arthur__vs__llm,responsiveness,correctness,isotonic,0,0.8,0.045
lbl2mxj,Arthur__vs__llm,responsiveness,correctness,isotonic,0,0.9,0.04639175257731959
l8b0jjc,Arthur__vs__llm,responsiveness,correctness,isotonic,0,0.95,0.11290322580645161
l8mwxqc,Arthur__vs__llm,responsiveness,correctness,isotonic,0,0.9,0.061855670103092786
l9p5x5n,Arthur__vs__llm,responsiveness,correctness,isotonic,0,1.0,0.15384615384615385
l7wbd3w,Arthur__vs__llm,responsiveness,correctness,isotonic,0,0.8,0.061855670103092786
l8a48iz,Arthur__vs__llm,responsiveness,correctness,isotonic,0,0.8,0.045
l8s0n8l,Arthur__vs__llm,responsiveness,correctness,isotonic,0,0.95,0.10810810810810811
l8l6enl,Arthur__vs__llm,responsiveness,correctness,isotonic,0,0.9,0.057692307692307696
laf27da,Arthur__vs__llm,responsiveness,correctness,isotonic,1,0.8,0.05
l9n2a6w,Arthur__vs__llm,responsiveness,correctness,isotonic,0,0.95,0.1323529411764706
l7z95u8,Arthur__vs__llm,responsiveness,correctness,isotonic,0,0.95,0.11290322580645161
lbnqeon,Arthur__vs__llm,responsiveness,correctness,isotonic,0,0.8,0.05
l91o73m,Arthur__vs__llm,responsiveness,correctness,isotonic,0,0.95,0.1323529411764706
l7whtys,Arthur__vs__llm,responsiveness,correctness,isotonic,0,0.8,0.045
lbikhto,Arthur__vs__llm,responsiveness,correctness,isotonic,0,0.8,0.05
l9yt1eq,Arthur__vs__llm,responsiveness,correctness,isotonic,0,0.6,0.061855670103092786
ladkivx,Arthur__vs__llm,responsiveness,correctness,isotonic,0,0.9,0.04639175257731959
l87xcd4,Arthur__vs__llm,responsiveness,correctness,isotonic,0,0.9,0.057692307692307696
la6oicy,Arthur__vs__llm,responsiveness,correctness,isotonic,0,0.9,0.05
l85xyvb,Arthur__vs__llm,responsiveness,correctness,isotonic,0,0.8,0.05
lblsr0b,Arthur__vs__llm,responsiveness,correctness,isotonic,0,0.9,0.061855670103092786
l94vp8y,Arthur__vs__llm,responsiveness,correctness,isotonic,0,0.8,0.05
lbcyx3n,Arthur__vs__llm,agreement,correctness,sigmoid,0,1.0,0.2820578180137582
l9b1r7k,Arthur__vs__llm,agreement,correctness,sigmoid,1,0.95,0.2805638044985575
l9nfu9z,Arthur__vs__llm,agreement,correctness,sigmoid,0,0.95,0.27794005166676955
lbhwjs2,Arthur__vs__llm,agreement,correctness,sigmoid,1,0.95,0.27793987279750226
laineeu,Arthur__vs__llm,agreement,correctness,sigmoid,0,0.95,0.27793987279750226
l923179,Arthur__vs__llm,agreement,correctness,sigmoid,0,0.95,0.27793987279750226
lbjwb52,Arthur__vs__llm,agreement,correctness,sigmoid,0,0.95,0.28057633948512306
l9z5iy3,Arthur__vs__llm,agreement,correctness,sigmoid,0,0.95,0.2805638044985575
l7z98qx,Arthur__vs__llm,agreement,correctness,sigmoid,0,0.95,0.2805638044985575
laxa4t8,Arthur__vs__llm,agreement,correctness,sigmoid,1,0.95,0.27793987279750226
l8ba67x,Arthur__vs__llm,agreement,correctness,sigmoid,0,0.95,0.2805638044985575
l9ljx88,Arthur__vs__llm,agreement,correctness,sigmoid,0,0.95,0.27794005166676955
l9rnibl,Arthur__vs__llm,agreement,correctness,sigmoid,0,0.95,0.28057633948512306
l9fjlfi,Arthur__vs__llm,agreement,correctness,sigmoid,0,0.95,0.2805639581749927
lalisq9,Arthur__vs__llm,agreement,correctness,sigmoid,0,0.95,0.2805639581749927
la0bxuy,Arthur__vs__llm,agreement,correctness,sigmoid,0,1.0,0.2822590309642504
l9inr0v,Arthur__vs__llm,agreement,correctness,sigmoid,0,0.95,0.2805639581749927
l7yh6qg,Arthur__vs__llm,agreement,correctness,sigmoid,0,1.0,0.279306979597496
lag7ebe,Arthur__vs__llm,agreement,correctness,sigmoid,0,0.95,0.2805639581749927
l9lwm2m,Arthur__vs__llm,agreement,correctness,sigmoid,0,0.95,0.2805638044985575
l9eq96t,Arthur__vs__llm,agreement,correctness,sigmoid,1,0.95,0.2805638044985575
l8gl5i9,Arthur__vs__llm,agreement,correctness,sigmoid,0,0.95,0.27794005166676955
l9ne2u8,Arthur__vs__llm,agreement,correctness,sigmoid,0,0.95,0.2805638044985575
lazn9pa,Arthur__vs__llm,agreement,correctness,sigmoid,0,0.95,0.27794005166676955
lae34w9,Arthur__vs__llm,agreement,correctness,sigmoid,0,1.0,0.2822590309642504
lax2gzs,Arthur__vs__llm,agreement,correctness,sigmoid,0,0.95,0.27794005166676955
l9lnt1s,Arthur__vs__llm,agreement,correctness,sigmoid,0,0.95,0.28057633948512306
lae0vng,Arthur__vs__llm,agreement,correctness,sigmoid,0,0.95,0.27793987279750226
l886669,Arthur__vs__llm,agreement,correctness,sigmoid,0,0.95,0.2805638044985575
l9gowa9,Arthur__vs__llm,agreement,correctness,sigmoid,1,0.95,0.27794005166676955
l9aobkr,Arthur__vs__llm,agreement,correctness,sigmoid,0,0.95,0.27794005166676955
l9yl3tw,Arthur__vs__llm,agreement,correctness,sigmoid,1,0.95,0.2805639581749927
l9pj2n8,Arthur__vs__llm,agreement,correctness,sigmoid,0,0.8,0.27386334434965337
l8knznf,Arthur__vs__llm,agreement,correctness,sigmoid,1,0.95,0.28057633948512306
lagmpvf,Arthur__vs__llm,agreement,correctness,sigmoid,1,0.95,0.28057633948512306
l9ls0sc,Arthur__vs__llm,agreement,correctness,sigmoid,1,0.95,0.2805638044985575
l8rvj1h,Arthur__vs__llm,agreement,correctness,sigmoid,1,0.95,0.2805639581749927
l86t1mv,Arthur__vs__llm,agreement,correctness,sigmoid,1,0.95,0.2805639581749927
l9rbctp,Arthur__vs__llm,agreement,correctness,sigmoid,0,0.95,0.27794005166676955
lal3dx3,Arthur__vs__llm,agreement,correctness,sigmoid,0,1.0,0.2790345770227708
l88ucpt,Arthur__vs__llm,agreement,correctness,sigmoid,0,1.0,0.2820578180137582
lam50or,Arthur__vs__llm,agreement,correctness,sigmoid,0,0.95,0.2805639581749927
l96lqud,Arthur__vs__llm,agreement,correctness,sigmoid,1,0.95,0.2805638044985575
l9oapl9,Arthur__vs__llm,agreement,correctness,sigmoid,0,0.8,0.2746723699701919
l98ll5k,Arthur__vs__llm,agreement,correctness,sigmoid,0,0.95,0.28057633948512306
l9blfe7,Arthur__vs__llm,agreement,correctness,sigmoid,0,0.95,0.2805639581749927
l9o23yd,Arthur__vs__llm,agreement,correctness,sigmoid,0,0.95,0.27794005166676955
l9ok0zv,Arthur__vs__llm,agreement,correctness,sigmoid,1,0.95,0.2805639581749927
l9n3htm,Arthur__vs__llm,agreement,correctness,sigmoid,0,0.95,0.28057633948512306
l91quzy,Arthur__vs__llm,agreement,correctness,sigmoid,0,0.8,0.2746723699701919
l9ugy18,Arthur__vs__llm,agreement,correctness,sigmoid,0,0.95,0.2805638044985575
l9i9acx,Arthur__vs__llm,agreement,correctness,sigmoid,0,0.95,0.2805638044985575
l91eqfs,Arthur__vs__llm,agreement,correctness,sigmoid,1,0.95,0.2805639581749927
l929z0f,Arthur__vs__llm,agreement,correctness,sigmoid,0,0.95,0.2805638044985575
l9wqlfk,Arthur__vs__llm,agreement,correctness,sigmoid,0,0.95,0.28057633948512306
l9ud3dv,Arthur__vs__llm,agreement,correctness,sigmoid,0,0.95,0.27793987279750226
la4xvvf,Arthur__vs__llm,agreement,correctness,sigmoid,0,0.95,0.28057633948512306
l958g2o,Arthur__vs__llm,agreement,correctness,sigmoid,0,0.95,0.2805638044985575
l9nj4dq,Arthur__vs__llm,agreement,correctness,sigmoid,0,0.95,0.2805639581749927
labtd52,Arthur__vs__llm,agreement,correctness,sigmoid,0,0.95,0.27794005166676955
l9r5y4i,Arthur__vs__llm,agreement,correctness,sigmoid,0,0.95,0.28057633948512306
l9j37bz,Arthur__vs__llm,agreement,correctness,sigmoid,0,0.95,0.27793987279750226
l7zd8sv,Arthur__vs__llm,agreement,correctness,sigmoid,0,0.95,0.2805638044985575
la4o8tp,Arthur__vs__llm,agreement,correctness,sigmoid,1,0.95,0.27793987279750226
l9z7iji,Arthur__vs__llm,agreement,correctness,sigmoid,1,0.95,0.2805639581749927
l9mo64d,Arthur__vs__llm,agreement,correctness,sigmoid,1,0.95,0.2805639581749927
lbbacwk,Arthur__vs__llm,agreement,correctness,sigmoid,0,0.95,0.27794005166676955
l852mv7,Arthur__vs__llm,agreement,correctness,sigmoid,0,0.95,0.28057633948512306
lbc8weg,Arthur__vs__llm,agreement,correctness,sigmoid,0,0.95,0.2805639581749927
l9enz5u,Arthur__vs__llm,agreement,correctness,sigmoid,0,0.95,0.2805639581749927
la88e0d,Arthur__vs__llm,agreement,correctness,sigmoid,0,1.0,0.2820578180137582
lb4f62l,Arthur__vs__llm,agreement,correctness,sigmoid,0,0.95,0.28057633948512306
l8cc35d,Arthur__vs__llm,agreement,correctness,sigmoid,0,0.95,0.27793987279750226
l8s749m,Arthur__vs__llm,agreement,correctness,sigmoid,0,0.95,0.2805639581749927
l9l6lq8,Arthur__vs__llm,agreement,correctness,sigmoid,0,0.95,0.2805638044985575
laeesl4,Arthur__vs__llm,agreement,correctness,sigmoid,1,0.95,0.2805638044985575
lagn373,Arthur__vs__llm,agreement,correctness,sigmoid,1,0.95,0.28057633948512306
la5g88p,Arthur__vs__llm,agreement,correctness,sigmoid,0,1.0,0.2814928665149543
l921g4w,Arthur__vs__llm,agreement,correctness,sigmoid,0,0.95,0.2805639581749927
lb0x5j6,Arthur__vs__llm,agreement,correctness,sigmoid,0,0.8,0.27551618433069175
l9mo5vr,Arthur__vs__llm,agreement,correctness,sigmoid,0,0.95,0.2805638044985575
l99jy55,Arthur__vs__llm,agreement,correctness,sigmoid,1,0.95,0.2805639581749927
laiyyxz,Arthur__vs__llm,agreement,correctness,sigmoid,0,0.95,0.28057633948512306
l9iz6ys,Arthur__vs__llm,agreement,correctness,sigmoid,0,0.95,0.27793987279750226
laocd8d,Arthur__vs__llm,agreement,correctness,sigmoid,1,0.95,0.27794005166676955
laduen4,Arthur__vs__llm,agreement,correctness,sigmoid,0,0.95,0.28057633948512306
l8qfoy3,Arthur__vs__llm,agreement,correctness,sigmoid,0,0.95,0.2805638044985575
l9cdn11,Arthur__vs__llm,agreement,correctness,sigmoid,0,0.95,0.2805639581749927
lbm6akp,Arthur__vs__llm,agreement,correctness,sigmoid,0,0.95,0.28057633948512306
lackr2s,Arthur__vs__llm,agreement,correctness,sigmoid,0,0.95,0.2805638044985575
l9lzpbk,Arthur__vs__llm,agreement,correctness,sigmoid,0,0.95,0.2805639581749927
l89s229,Arthur__vs__llm,agreement,correctness,sigmoid,1,0.95,0.2805638044985575
l9lhgmk,Arthur__vs__llm,agreement,correctness,sigmoid,1,0.95,0.27794005166676955
l87q6d4,Arthur__vs__llm,agreement,correctness,sigmoid,1,0.95,0.2805639581749927
l99k57x,Arthur__vs__llm,agreement,correctness,sigmoid,1,0.95,0.28057633948512306
lbipeiw,Arthur__vs__llm,agreement,correctness,sigmoid,0,0.95,0.27793987279750226
ladoc4w,Arthur__vs__llm,agreement,correctness,sigmoid,1,0.95,0.28057633948512306
la035bq,Arthur__vs__llm,agreement,correctness,sigmoid,0,0.95,0.2805638044985575
l9kooj0,Arthur__vs__llm,agreement,correctness,sigmoid,0,0.95,0.28057633948512306
l9n6d1s,Arthur__vs__llm,agreement,correctness,sigmoid,0,1.0,0.279306979597496
la2y5mq,Arthur__vs__llm,agreement,correctness,sigmoid,0,0.95,0.2805639581749927
ladvrj9,Arthur__vs__llm,agreement,correctness,sigmoid,0,0.95,0.27793987279750226
lagdq9c,Arthur__vs__llm,agreement,correctness,sigmoid,0,0.95,0.27794005166676955
l9mjovr,Arthur__vs__llm,agreement,correctness,sigmoid,1,0.95,0.28057633948512306
l9nsxmj,Arthur__vs__llm,agreement,correctness,sigmoid,0,0.95,0.28057633948512306
lb04ydk,Arthur__vs__llm,agreement,correctness,sigmoid,0,1.0,0.279306979597496
lam9gor,Arthur__vs__llm,agreement,correctness,sigmoid,0,0.95,0.27793987279750226
l9l6or5,Arthur__vs__llm,agreement,correctness,sigmoid,0,0.95,0.27794005166676955
laz2tx3,Arthur__vs__llm,agreement,correctness,sigmoid,0,0.95,0.27793987279750226
l95b4im,Arthur__vs__llm,agreement,correctness,sigmoid,0,0.95,0.2805638044985575
l8y5s8g,Arthur__vs__llm,agreement,correctness,sigmoid,1,0.95,0.27793987279750226
laggm72,Arthur__vs__llm,agreement,correctness,sigmoid,1,0.95,0.2805638044985575
l8y3oft,Arthur__vs__llm,agreement,correctness,sigmoid,1,0.95,0.27794005166676955
l815359,Arthur__vs__llm,agreement,correctness,sigmoid,0,0.95,0.2805639581749927
l8cymda,Arthur__vs__llm,agreement,correctness,sigmoid,1,0.95,0.2805638044985575
lbmadit,Arthur__vs__llm,agreement,correctness,sigmoid,1,0.95,0.27794005166676955
l9jj223,Arthur__vs__llm,agreement,correctness,sigmoid,0,1.0,0.2814928665149543
lbnrkxv,Arthur__vs__llm,agreement,correctness,sigmoid,0,0.95,0.27793987279750226
l9ra8bu,Arthur__vs__llm,agreement,correctness,sigmoid,0,0.95,0.28057633948512306
l8bst7l,Arthur__vs__llm,agreement,correctness,sigmoid,0,0.95,0.28057633948512306
l9j1tr2,Arthur__vs__llm,agreement,correctness,sigmoid,0,0.95,0.2805639581749927
l9mi4kc,Arthur__vs__llm,agreement,correctness,sigmoid,1,0.95,0.27793987279750226
lahlnqd,Arthur__vs__llm,agreement,correctness,sigmoid,0,0.95,0.28057633948512306
ladhuar,Arthur__vs__llm,agreement,correctness,sigmoid,1,0.95,0.28057633948512306
l99m6yn,Arthur__vs__llm,agreement,correctness,sigmoid,0,0.95,0.27794005166676955
l94my7l,Arthur__vs__llm,agreement,correctness,sigmoid,1,0.95,0.27793987279750226
lado83d,Arthur__vs__llm,agreement,correctness,sigmoid,1,0.95,0.2805639581749927
l97u9q3,Arthur__vs__llm,agreement,correctness,sigmoid,0,0.95,0.27794005166676955
l9p7a2l,Arthur__vs__llm,agreement,correctness,sigmoid,0,0.95,0.27794005166676955
la87lox,Arthur__vs__llm,agreement,correctness,sigmoid,0,0.95,0.27794005166676955
lbg0fzq,Arthur__vs__llm,agreement,correctness,sigmoid,0,0.95,0.27794005166676955
l9m6q26,Arthur__vs__llm,agreement,correctness,sigmoid,0,0.95,0.2805639581749927
lbc9ztp,Arthur__vs__llm,agreement,correctness,sigmoid,1,0.95,0.28057633948512306
l9dxpci,Arthur__vs__llm,agreement,correctness,sigmoid,1,0.95,0.27794005166676955
lavm74r,Arthur__vs__llm,agreement,correctness,sigmoid,0,0.95,0.27794005166676955
lafv6th,Arthur__vs__llm,agreement,correctness,sigmoid,0,0.95,0.27793987279750226
lbgmc1v,Arthur__vs__llm,agreement,correctness,sigmoid,0,0.95,0.2805639581749927
lbgupf7,Arthur__vs__llm,agreement,correctness,sigmoid,0,1.0,0.2820578180137582
lal0e50,Arthur__vs__llm,agreement,correctness,sigmoid,0,0.95,0.27793987279750226
laiabc5,Arthur__vs__llm,agreement,correctness,sigmoid,1,0.95,0.2805638044985575
l9sraag,Arthur__vs__llm,agreement,correctness,sigmoid,1,1.0,0.2822590309642504
lbc9ybp,Arthur__vs__llm,agreement,correctness,sigmoid,1,0.95,0.27794005166676955
l82o91p,Arthur__vs__llm,agreement,correctness,sigmoid,0,0.95,0.27793987279750226
l9kj0w5,Arthur__vs__llm,agreement,correctness,sigmoid,0,0.95,0.28057633948512306
l9xpw08,Arthur__vs__llm,agreement,correctness,sigmoid,0,0.95,0.2805638044985575
l85qgnp,Arthur__vs__llm,agreement,correctness,sigmoid,0,0.95,0.27793987279750226
lb4eg7g,Arthur__vs__llm,agreement,correctness,sigmoid,0,0.95,0.27794005166676955
la8zggn,Arthur__vs__llm,agreement,correctness,sigmoid,1,0.95,0.2805638044985575
lb7hb5m,Arthur__vs__llm,agreement,correctness,sigmoid,0,0.95,0.28057633948512306
l9hw9kq,Arthur__vs__llm,agreement,correctness,sigmoid,1,0.95,0.27793987279750226
l9pobdn,Arthur__vs__llm,agreement,correctness,sigmoid,0,0.95,0.2805638044985575
l8aceqo,Arthur__vs__llm,agreement,correctness,sigmoid,0,0.95,0.27793987279750226
lbm8q3d,Arthur__vs__llm,agreement,correctness,sigmoid,0,0.95,0.28057633948512306
lb5jfj3,Arthur__vs__llm,agreement,correctness,sigmoid,0,1.0,0.2790345770227708
la3zobt,Arthur__vs__llm,agreement,correctness,sigmoid,0,0.95,0.2805639581749927
lbc93br,Arthur__vs__llm,agreement,correctness,sigmoid,0,0.95,0.2805638044985575
l84ewxa,Arthur__vs__llm,agreement,correctness,sigmoid,0,0.95,0.2805639581749927
l95jgxs,Arthur__vs__llm,agreement,correctness,sigmoid,0,0.95,0.28057633948512306
laf3322,Arthur__vs__llm,agreement,correctness,sigmoid,0,0.95,0.27794005166676955
lbmgukc,Arthur__vs__llm,agreement,correctness,sigmoid,0,0.95,0.27794005166676955
l9s2edv,Arthur__vs__llm,agreement,correctness,sigmoid,0,1.0,0.279306979597496
l98scdm,Arthur__vs__llm,agreement,correctness,sigmoid,1,0.95,0.27794005166676955
l9co9nz,Arthur__vs__llm,agreement,correctness,sigmoid,0,0.95,0.27794005166676955
lbcjpc9,Arthur__vs__llm,agreement,correctness,sigmoid,0,1.0,0.2820578180137582
l9pxej9,Arthur__vs__llm,agreement,correctness,sigmoid,0,0.95,0.28057633948512306
lbmiyxc,Arthur__vs__llm,agreement,correctness,sigmoid,0,0.95,0.2805638044985575
lbdptwc,Arthur__vs__llm,agreement,correctness,sigmoid,1,0.95,0.28057633948512306
lagsru7,Arthur__vs__llm,agreement,correctness,sigmoid,1,0.95,0.27794005166676955
l9lqko7,Arthur__vs__llm,agreement,correctness,sigmoid,1,0.95,0.2805638044985575
l94qfeu,Arthur__vs__llm,agreement,correctness,sigmoid,0,0.95,0.2805639581749927
lb4ffvc,Arthur__vs__llm,agreement,correctness,sigmoid,0,0.95,0.27793987279750226
lb7hlw8,Arthur__vs__llm,agreement,correctness,sigmoid,1,0.95,0.2805638044985575
l9o4m6t,Arthur__vs__llm,agreement,correctness,sigmoid,1,0.95,0.28057633948512306
ladjia1,Arthur__vs__llm,agreement,correctness,sigmoid,1,0.95,0.2805639581749927
l8j4faa,Arthur__vs__llm,agreement,correctness,sigmoid,1,0.95,0.28057633948512306
l9nldea,Arthur__vs__llm,agreement,correctness,sigmoid,0,0.95,0.27793987279750226
l7whu3g,Arthur__vs__llm,agreement,correctness,sigmoid,0,0.95,0.2805638044985575
lb3u7cv,Arthur__vs__llm,agreement,correctness,sigmoid,1,0.95,0.2805639581749927
l8sd704,Arthur__vs__llm,agreement,correctness,sigmoid,1,0.95,0.28057633948512306
l9i8eyp,Arthur__vs__llm,agreement,correctness,sigmoid,0,0.8,0.27778787257935605
la7zmvh,Arthur__vs__llm,agreement,correctness,sigmoid,0,0.95,0.27793987279750226
lb7t9ln,Arthur__vs__llm,agreement,correctness,sigmoid,1,0.95,0.28057633948512306
lag2u2u,Arthur__vs__llm,agreement,correctness,sigmoid,0,0.95,0.27794005166676955
lbgx156,Arthur__vs__llm,agreement,correctness,sigmoid,0,0.95,0.27793987279750226
lbgvfbg,Arthur__vs__llm,agreement,correctness,sigmoid,0,0.95,0.2805638044985575
l9mnxjh,Arthur__vs__llm,agreement,correctness,sigmoid,0,0.95,0.28057633948512306
l9rlvrr,Arthur__vs__llm,agreement,correctness,sigmoid,0,0.95,0.27794005166676955
lblwjs6,Arthur__vs__llm,agreement,correctness,sigmoid,0,1.0,0.2822590309642504
l9gucuu,Arthur__vs__llm,agreement,correctness,sigmoid,1,0.95,0.27794005166676955
l90fwdz,Arthur__vs__llm,agreement,correctness,sigmoid,0,0.95,0.2805638044985575
l9ey7ss,Arthur__vs__llm,agreement,correctness,sigmoid,1,0.95,0.27793987279750226
l9x07o6,Arthur__vs__llm,agreement,correctness,sigmoid,1,1.0,0.2820578180137582
l9yrplw,Arthur__vs__llm,agreement,correctness,sigmoid,0,0.95,0.27794005166676955
lb7jzoh,Arthur__vs__llm,agreement,correctness,sigmoid,0,0.95,0.2805638044985575
l9j2dld,Arthur__vs__llm,agreement,correctness,sigmoid,0,0.95,0.27794005166676955
lbcdaqm,Arthur__vs__llm,agreement,correctness,sigmoid,0,0.95,0.28057633948512306
lac3nf6,Arthur__vs__llm,agreement,correctness,sigmoid,1,1.0,0.2814928665149543
l9h1o8g,Arthur__vs__llm,agreement,correctness,sigmoid,0,0.95,0.27794005166676955
lbhwgd2,Arthur__vs__llm,agreement,correctness,sigmoid,0,1.0,0.2820578180137582
lakztne,Arthur__vs__llm,agreement,correctness,sigmoid,0,0.95,0.2805638044985575
lakk0oc,Arthur__vs__llm,agreement,correctness,sigmoid,0,0.95,0.28057633948512306
lauxvzo,Arthur__vs__llm,agreement,correctness,sigmoid,0,0.95,0.27793987279750226
l8bjje6,Arthur__vs__llm,agreement,correctness,sigmoid,0,0.95,0.28057633948512306
l9j2hie,Arthur__vs__llm,agreement,correctness,sigmoid,0,0.95,0.28057633948512306
l98am7e,Arthur__vs__llm,agreement,correctness,sigmoid,0,0.95,0.2805639581749927
l8byf87,Arthur__vs__llm,agreement,correctness,sigmoid,0,0.95,0.2805639581749927
l93g2gp,Arthur__vs__llm,agreement,correctness,sigmoid,0,0.95,0.27793987279750226
l925p2k,Arthur__vs__llm,agreement,correctness,sigmoid,0,0.95,0.2805638044985575
lb7d5nn,Arthur__vs__llm,agreement,correctness,sigmoid,0,0.95,0.27793987279750226
l8xu7ix,Arthur__vs__llm,agreement,correctness,sigmoid,0,0.95,0.27794005166676955
l9m36ns,Arthur__vs__llm,agreement,correctness,sigmoid,1,0.95,0.27793987279750226
lamdwg3,Arthur__vs__llm,agreement,correctness,sigmoid,0,0.95,0.2805638044985575
lbnqk66,Arthur__vs__llm,agreement,correctness,sigmoid,0,0.95,0.27794005166676955
l92ev0i,Arthur__vs__llm,agreement,correctness,sigmoid,1,0.95,0.2805638044985575
l9kzp7k,Arthur__vs__llm,agreement,correctness,sigmoid,0,0.95,0.28057633948512306
ladusqz,Arthur__vs__llm,agreement,correctness,sigmoid,1,0.95,0.27793987279750226
l85iaai,Arthur__vs__llm,agreement,correctness,sigmoid,0,0.95,0.2805638044985575
larzixe,Arthur__vs__llm,agreement,correctness,sigmoid,0,0.95,0.27794005166676955
lakr4r0,Arthur__vs__llm,agreement,correctness,sigmoid,0,0.95,0.2805639581749927
la3fh2d,Arthur__vs__llm,agreement,correctness,sigmoid,0,0.95,0.2805638044985575
laackev,Arthur__vs__llm,agreement,correctness,sigmoid,0,0.95,0.27793987279750226
lbl8edv,Arthur__vs__llm,agreement,correctness,sigmoid,0,0.95,0.27794005166676955
l8alzsf,Arthur__vs__llm,agreement,correctness,sigmoid,0,0.95,0.2805639581749927
l97ffzg,Arthur__vs__llm,agreement,correctness,sigmoid,1,0.95,0.2805638044985575
laejxyi,Arthur__vs__llm,agreement,correctness,sigmoid,1,0.95,0.2805638044985575
l9mb2io,Arthur__vs__llm,agreement,correctness,sigmoid,0,0.95,0.27794005166676955
l9zoaz9,Arthur__vs__llm,agreement,correctness,sigmoid,0,0.8,0.27386334434965337
laddsag,Arthur__vs__llm,agreement,correctness,sigmoid,0,0.95,0.2805638044985575
l9pkzi5,Arthur__vs__llm,agreement,correctness,sigmoid,0,0.95,0.2805638044985575
l9lo63k,Arthur__vs__llm,agreement,correctness,sigmoid,1,0.95,0.2805639581749927
l9ithe4,Arthur__vs__llm,agreement,correctness,sigmoid,0,0.95,0.27794005166676955
lbirrmt,Arthur__vs__llm,agreement,correctness,sigmoid,0,0.8,0.27616050785040946
l9etsuw,Arthur__vs__llm,agreement,correctness,sigmoid,0,0.95,0.2805638044985575
l7zqqv1,Arthur__vs__llm,agreement,correctness,sigmoid,1,0.95,0.27793987279750226
l968z7u,Arthur__vs__llm,agreement,correctness,sigmoid,1,0.95,0.27793987279750226
lata8x6,Arthur__vs__llm,agreement,correctness,sigmoid,1,0.95,0.2805638044985575
lawus8i,Arthur__vs__llm,agreement,correctness,sigmoid,0,0.95,0.27794005166676955
l947md5,Arthur__vs__llm,agreement,correctness,sigmoid,0,0.95,0.28057633948512306
l8mxn3x,Arthur__vs__llm,agreement,correctness,sigmoid,1,0.95,0.2805639581749927
l9mm30r,Arthur__vs__llm,agreement,correctness,sigmoid,0,0.95,0.27793987279750226
l8r27kz,Arthur__vs__llm,agreement,correctness,sigmoid,0,0.95,0.28057633948512306
lbkj34u,Arthur__vs__llm,agreement,correctness,sigmoid,0,0.95,0.2805639581749927
l8xhaay,Arthur__vs__llm,agreement,correctness,sigmoid,0,1.0,0.2814928665149543
l9k6wsu,Arthur__vs__llm,agreement,correctness,sigmoid,1,1.0,0.2820578180137582
l9z6228,Arthur__vs__llm,agreement,correctness,sigmoid,0,0.95,0.2805639581749927
lb4d0t7,Arthur__vs__llm,agreement,correctness,sigmoid,1,0.95,0.27793987279750226
ladhiz5,Arthur__vs__llm,agreement,correctness,sigmoid,1,0.95,0.27794005166676955
l9oq9jh,Arthur__vs__llm,agreement,correctness,sigmoid,1,0.95,0.27794005166676955
l9g4laq,Arthur__vs__llm,agreement,correctness,sigmoid,1,0.95,0.2805639581749927
l9lwe7h,Arthur__vs__llm,agreement,correctness,sigmoid,0,0.95,0.27794005166676955
lb3e2s4,Arthur__vs__llm,agreement,correctness,sigmoid,1,0.95,0.27794005166676955
la6lya2,Arthur__vs__llm,agreement,correctness,sigmoid,0,0.95,0.2805638044985575
ladopo7,Arthur__vs__llm,agreement,correctness,sigmoid,1,0.95,0.27794005166676955
l97xyqg,Arthur__vs__llm,agreement,correctness,sigmoid,1,0.95,0.27793987279750226
l9t64uy,Arthur__vs__llm,agreement,correctness,sigmoid,0,0.95,0.27793987279750226
la8p1yt,Arthur__vs__llm,agreement,correctness,sigmoid,0,0.95,0.27794005166676955
l9n9txg,Arthur__vs__llm,agreement,correctness,sigmoid,0,0.95,0.2805639581749927
l9p95z5,Arthur__vs__llm,agreement,correctness,sigmoid,0,0.95,0.27794005166676955
l89b3id,Arthur__vs__llm,agreement,correctness,sigmoid,0,0.95,0.2805638044985575
laxl99q,Arthur__vs__llm,agreement,correctness,sigmoid,0,0.95,0.28057633948512306
la31xp1,Arthur__vs__llm,agreement,correctness,sigmoid,0,0.95,0.27793987279750226
la6gvel,Arthur__vs__llm,agreement,correctness,sigmoid,0,0.95,0.27793987279750226
lbk23vy,Arthur__vs__llm,agreement,correctness,sigmoid,0,0.95,0.2805639581749927
l9pdksg,Arthur__vs__llm,agreement,correctness,sigmoid,1,0.95,0.27793987279750226
lax3tkk,Arthur__vs__llm,agreement,correctness,sigmoid,0,0.95,0.2805639581749927
l9kniso,Arthur__vs__llm,agreement,correctness,sigmoid,0,0.95,0.27793987279750226
l8qg3ev,Arthur__vs__llm,agreement,correctness,sigmoid,0,0.95,0.27794005166676955
l8xvus5,Arthur__vs__llm,agreement,correctness,sigmoid,0,0.95,0.27794005166676955
lbg26yh,Arthur__vs__llm,agreement,correctness,sigmoid,0,0.95,0.27793987279750226
l8rzo0j,Arthur__vs__llm,agreement,correctness,sigmoid,0,0.95,0.2805639581749927
l8awua9,Arthur__vs__llm,agreement,correctness,sigmoid,0,0.95,0.28057633948512306
l99lagq,Arthur__vs__llm,agreement,correctness,sigmoid,0,0.95,0.27794005166676955
l8qheky,Arthur__vs__llm,agreement,correctness,sigmoid,0,0.95,0.2805638044985575
l90lqvy,Arthur__vs__llm,agreement,correctness,sigmoid,0,0.95,0.27793987279750226
l86v1rq,Arthur__vs__llm,agreement,correctness,sigmoid,0,1.0,0.2822590309642504
l9narp9,Arthur__vs__llm,agreement,correctness,sigmoid,0,0.95,0.28057633948512306
lakv7lf,Arthur__vs__llm,agreement,correctness,sigmoid,1,0.95,0.2805638044985575
l9wcq11,Arthur__vs__llm,agreement,correctness,sigmoid,0,0.95,0.2805639581749927
l9fhq5a,Arthur__vs__llm,agreement,correctness,sigmoid,0,0.95,0.2805639581749927
lb7n7qo,Arthur__vs__llm,agreement,correctness,sigmoid,0,0.95,0.27793987279750226
lbhxkkz,Arthur__vs__llm,agreement,correctness,sigmoid,1,0.95,0.27794005166676955
l91x79i,Arthur__vs__llm,agreement,correctness,sigmoid,0,0.95,0.27793987279750226
lb8ivrh,Arthur__vs__llm,agreement,correctness,sigmoid,0,0.95,0.28057633948512306
lbihzb7,Arthur__vs__llm,agreement,correctness,sigmoid,1,0.95,0.28057633948512306
larwml3,Arthur__vs__llm,agreement,correctness,sigmoid,0,0.95,0.27793987279750226
l9g5enb,Arthur__vs__llm,agreement,correctness,sigmoid,1,0.95,0.2805639581749927
l9ne5iw,Arthur__vs__llm,agreement,correctness,sigmoid,0,0.95,0.2805639581749927
l8nw2ts,Arthur__vs__llm,agreement,correctness,sigmoid,0,0.95,0.2805638044985575
lbg8gqk,Arthur__vs__llm,agreement,correctness,sigmoid,0,0.95,0.2805639581749927
la63dhs,Arthur__vs__llm,agreement,correctness,sigmoid,1,0.95,0.27794005166676955
l9o31o8,Arthur__vs__llm,agreement,correctness,sigmoid,1,1.0,0.2814928665149543
la3bcqj,Arthur__vs__llm,agreement,correctness,sigmoid,1,0.95,0.27794005166676955
lbjqq6a,Arthur__vs__llm,agreement,correctness,sigmoid,1,0.95,0.27794005166676955
l9pet9y,Arthur__vs__llm,agreement,correctness,sigmoid,1,0.95,0.28057633948512306
l9yw8ul,Arthur__vs__llm,agreement,correctness,sigmoid,0,0.95,0.2805638044985575
l94psqu,Arthur__vs__llm,agreement,correctness,sigmoid,0,0.95,0.2805639581749927
lao89vd,Arthur__vs__llm,agreement,correctness,sigmoid,0,0.95,0.2805639581749927
lb4eob2,Arthur__vs__llm,agreement,correctness,sigmoid,0,0.95,0.2805639581749927
l8hg49w,Arthur__vs__llm,agreement,correctness,sigmoid,0,0.95,0.2805638044985575
lb4e4lq,Arthur__vs__llm,agreement,correctness,sigmoid,0,0.95,0.27793987279750226
lalrik8,Arthur__vs__llm,agreement,correctness,sigmoid,0,0.95,0.27794005166676955
l8kvpnt,Arthur__vs__llm,agreement,correctness,sigmoid,0,0.95,0.27793987279750226
lae63qs,Arthur__vs__llm,agreement,correctness,sigmoid,1,0.95,0.27793987279750226
l8l72hd,Arthur__vs__llm,agreement,correctness,sigmoid,1,0.95,0.27793987279750226
l8aosij,Arthur__vs__llm,agreement,correctness,sigmoid,1,0.95,0.28057633948512306
la8jqoe,Arthur__vs__llm,agreement,correctness,sigmoid,0,0.95,0.27794005166676955
l9uheza,Arthur__vs__llm,agreement,correctness,sigmoid,0,0.95,0.27793987279750226
lb8c54w,Arthur__vs__llm,agreement,correctness,sigmoid,0,1.0,0.2822590309642504
la70o2m,Arthur__vs__llm,agreement,correctness,sigmoid,0,0.95,0.2805638044985575
lbix7mc,Arthur__vs__llm,agreement,correctness,sigmoid,1,0.95,0.2805639581749927
l9gzvi5,Arthur__vs__llm,agreement,correctness,sigmoid,1,0.95,0.28057633948512306
lawpxc2,Arthur__vs__llm,agreement,correctness,sigmoid,0,0.95,0.2805639581749927
lae4urb,Arthur__vs__llm,agreement,correctness,sigmoid,0,0.95,0.2805638044985575
lbhtco2,Arthur__vs__llm,agreement,correctness,sigmoid,0,0.95,0.2805638044985575
laf7s3e,Arthur__vs__llm,agreement,correctness,sigmoid,0,0.95,0.28057633948512306
la1cgq1,Arthur__vs__llm,agreement,correctness,sigmoid,1,0.95,0.27794005166676955
la9w5ur,Arthur__vs__llm,agreement,correctness,sigmoid,0,0.95,0.27794005166676955
l9mynwi,Arthur__vs__llm,agreement,correctness,sigmoid,0,0.95,0.2805638044985575
lb047lv,Arthur__vs__llm,agreement,correctness,sigmoid,0,1.0,0.2822590309642504
lag1dto,Arthur__vs__llm,agreement,correctness,sigmoid,0,0.95,0.27794005166676955
l8lrpme,Arthur__vs__llm,agreement,correctness,sigmoid,1,0.95,0.27794005166676955
l9q15pl,Arthur__vs__llm,agreement,correctness,sigmoid,0,0.95,0.27793987279750226
lac445k,Arthur__vs__llm,agreement,correctness,sigmoid,0,0.95,0.28057633948512306
l9t6dk7,Arthur__vs__llm,agreement,correctness,sigmoid,0,0.95,0.28057633948512306
l7x3qxm,Arthur__vs__llm,agreement,correctness,sigmoid,0,0.95,0.2805638044985575
l89mf4q,Arthur__vs__llm,agreement,correctness,sigmoid,1,0.95,0.2805639581749927
lbl2mxj,Arthur__vs__llm,agreement,correctness,sigmoid,0,0.95,0.28057633948512306
l8b0jjc,Arthur__vs__llm,agreement,correctness,sigmoid,0,0.95,0.27793987279750226
l8mwxqc,Arthur__vs__llm,agreement,correctness,sigmoid,0,1.0,0.2820578180137582
l9p5x5n,Arthur__vs__llm,agreement,correctness,sigmoid,0,0.95,0.27793987279750226
l7wbd3w,Arthur__vs__llm,agreement,correctness,sigmoid,1,0.95,0.27793987279750226
l8a48iz,Arthur__vs__llm,agreement,correctness,sigmoid,0,0.95,0.2805639581749927
l8s0n8l,Arthur__vs__llm,agreement,correctness,sigmoid,0,0.95,0.27793987279750226
l8l6enl,Arthur__vs__llm,agreement,correctness,sigmoid,0,0.95,0.2805639581749927
laf27da,Arthur__vs__llm,agreement,correctness,sigmoid,1,0.95,0.27793987279750226
l9n2a6w,Arthur__vs__llm,agreement,correctness,sigmoid,0,0.95,0.2805639581749927
l7z95u8,Arthur__vs__llm,agreement,correctness,sigmoid,0,0.95,0.28057633948512306
l91o73m,Arthur__vs__llm,agreement,correctness,sigmoid,0,0.95,0.2805639581749927
l7whtys,Arthur__vs__llm,agreement,correctness,sigmoid,0,0.95,0.27794005166676955
lbikhto,Arthur__vs__llm,agreement,correctness,sigmoid,0,0.95,0.2805638044985575
l9yt1eq,Arthur__vs__llm,agreement,correctness,sigmoid,0,0.95,0.27793987279750226
ladkivx,Arthur__vs__llm,agreement,correctness,sigmoid,0,0.95,0.28057633948512306
l87xcd4,Arthur__vs__llm,agreement,correctness,sigmoid,0,0.95,0.27794005166676955
la6oicy,Arthur__vs__llm,agreement,correctness,sigmoid,1,0.95,0.27793987279750226
l85xyvb,Arthur__vs__llm,agreement,correctness,sigmoid,0,0.95,0.27793987279750226
lblsr0b,Arthur__vs__llm,agreement,correctness,sigmoid,0,0.95,0.2805638044985575
l94vp8y,Arthur__vs__llm,agreement,correctness,sigmoid,0,0.95,0.28057633948512306
lbcyx3n,Arthur__vs__llm,agreement,correctness,isotonic,0,1.0,0.2867647058823529
l9b1r7k,Arthur__vs__llm,agreement,correctness,isotonic,1,0.95,0.2867647058823529
l9nfu9z,Arthur__vs__llm,agreement,correctness,isotonic,0,0.95,0.28308823529411764
lbhwjs2,Arthur__vs__llm,agreement,correctness,isotonic,1,0.95,0.28308823529411764
laineeu,Arthur__vs__llm,agreement,correctness,isotonic,0,0.95,0.28308823529411764
l923179,Arthur__vs__llm,agreement,correctness,isotonic,0,0.95,0.28308823529411764
lbjwb52,Arthur__vs__llm,agreement,correctness,isotonic,0,0.95,0.2867647058823529
l9z5iy3,Arthur__vs__llm,agreement,correctness,isotonic,0,0.95,0.2867647058823529
l7z98qx,Arthur__vs__llm,agreement,correctness,isotonic,0,0.95,0.2867647058823529
laxa4t8,Arthur__vs__llm,agreement,correctness,isotonic,1,0.95,0.28308823529411764
l8ba67x,Arthur__vs__llm,agreement,correctness,isotonic,0,0.95,0.2867647058823529
l9ljx88,Arthur__vs__llm,agreement,correctness,isotonic,0,0.95,0.28308823529411764
l9rnibl,Arthur__vs__llm,agreement,correctness,isotonic,0,0.95,0.2867647058823529
l9fjlfi,Arthur__vs__llm,agreement,correctness,isotonic,0,0.95,0.2867647058823529
lalisq9,Arthur__vs__llm,agreement,correctness,isotonic,0,0.95,0.2867647058823529
la0bxuy,Arthur__vs__llm,agreement,correctness,isotonic,0,1.0,0.2867647058823529
l9inr0v,Arthur__vs__llm,agreement,correctness,isotonic,0,0.95,0.2867647058823529
l7yh6qg,Arthur__vs__llm,agreement,correctness,isotonic,0,1.0,0.28308823529411764
lag7ebe,Arthur__vs__llm,agreement,correctness,isotonic,0,0.95,0.2867647058823529
l9lwm2m,Arthur__vs__llm,agreement,correctness,isotonic,0,0.95,0.2867647058823529
l9eq96t,Arthur__vs__llm,agreement,correctness,isotonic,1,0.95,0.2867647058823529
l8gl5i9,Arthur__vs__llm,agreement,correctness,isotonic,0,0.95,0.28308823529411764
l9ne2u8,Arthur__vs__llm,agreement,correctness,isotonic,0,0.95,0.2867647058823529
lazn9pa,Arthur__vs__llm,agreement,correctness,isotonic,0,0.95,0.28308823529411764
lae34w9,Arthur__vs__llm,agreement,correctness,isotonic,0,1.0,0.2867647058823529
lax2gzs,Arthur__vs__llm,agreement,correctness,isotonic,0,0.95,0.28308823529411764
l9lnt1s,Arthur__vs__llm,agreement,correctness,isotonic,0,0.95,0.2867647058823529
lae0vng,Arthur__vs__llm,agreement,correctness,isotonic,0,0.95,0.28308823529411764
l886669,Arthur__vs__llm,agreement,correctness,isotonic,0,0.95,0.2867647058823529
l9gowa9,Arthur__vs__llm,agreement,correctness,isotonic,1,0.95,0.28308823529411764
l9aobkr,Arthur__vs__llm,agreement,correctness,isotonic,0,0.95,0.28308823529411764
l9yl3tw,Arthur__vs__llm,agreement,correctness,isotonic,1,0.95,0.2867647058823529
l9pj2n8,Arthur__vs__llm,agreement,correctness,isotonic,0,0.8,1e-06
l8knznf,Arthur__vs__llm,agreement,correctness,isotonic,1,0.95,0.2867647058823529
lagmpvf,Arthur__vs__llm,agreement,correctness,isotonic,1,0.95,0.2867647058823529
l9ls0sc,Arthur__vs__llm,agreement,correctness,isotonic,1,0.95,0.2867647058823529
l8rvj1h,Arthur__vs__llm,agreement,correctness,isotonic,1,0.95,0.2867647058823529
l86t1mv,Arthur__vs__llm,agreement,correctness,isotonic,1,0.95,0.2867647058823529
l9rbctp,Arthur__vs__llm,agreement,correctness,isotonic,0,0.95,0.28308823529411764
lal3dx3,Arthur__vs__llm,agreement,correctness,isotonic,0,1.0,0.28308823529411764
l88ucpt,Arthur__vs__llm,agreement,correctness,isotonic,0,1.0,0.2867647058823529
lam50or,Arthur__vs__llm,agreement,correctness,isotonic,0,0.95,0.2867647058823529
l96lqud,Arthur__vs__llm,agreement,correctness,isotonic,1,0.95,0.2867647058823529
l9oapl9,Arthur__vs__llm,agreement,correctness,isotonic,0,0.8,1e-06
l98ll5k,Arthur__vs__llm,agreement,correctness,isotonic,0,0.95,0.2867647058823529
l9blfe7,Arthur__vs__llm,agreement,correctness,isotonic,0,0.95,0.2867647058823529
l9o23yd,Arthur__vs__llm,agreement,correctness,isotonic,0,0.95,0.28308823529411764
l9ok0zv,Arthur__vs__llm,agreement,correctness,isotonic,1,0.95,0.2867647058823529
l9n3htm,Arthur__vs__llm,agreement,correctness,isotonic,0,0.95,0.2867647058823529
l91quzy,Arthur__vs__llm,agreement,correctness,isotonic,0,0.8,1e-06
l9ugy18,Arthur__vs__llm,agreement,correctness,isotonic,0,0.95,0.2867647058823529
l9i9acx,Arthur__vs__llm,agreement,correctness,isotonic,0,0.95,0.2867647058823529
l91eqfs,Arthur__vs__llm,agreement,correctness,isotonic,1,0.95,0.2867647058823529
l929z0f,Arthur__vs__llm,agreement,correctness,isotonic,0,0.95,0.2867647058823529
l9wqlfk,Arthur__vs__llm,agreement,correctness,isotonic,0,0.95,0.2867647058823529
l9ud3dv,Arthur__vs__llm,agreement,correctness,isotonic,0,0.95,0.28308823529411764
la4xvvf,Arthur__vs__llm,agreement,correctness,isotonic,0,0.95,0.2867647058823529
l958g2o,Arthur__vs__llm,agreement,correctness,isotonic,0,0.95,0.2867647058823529
l9nj4dq,Arthur__vs__llm,agreement,correctness,isotonic,0,0.95,0.2867647058823529
labtd52,Arthur__vs__llm,agreement,correctness,isotonic,0,0.95,0.28308823529411764
l9r5y4i,Arthur__vs__llm,agreement,correctness,isotonic,0,0.95,0.2867647058823529
l9j37bz,Arthur__vs__llm,agreement,correctness,isotonic,0,0.95,0.28308823529411764
l7zd8sv,Arthur__vs__llm,agreement,correctness,isotonic,0,0.95,0.2867647058823529
la4o8tp,Arthur__vs__llm,agreement,correctness,isotonic,1,0.95,0.28308823529411764
l9z7iji,Arthur__vs__llm,agreement,correctness,isotonic,1,0.95,0.2867647058823529
l9mo64d,Arthur__vs__llm,agreement,correctness,isotonic,1,0.95,0.2867647058823529
lbbacwk,Arthur__vs__llm,agreement,correctness,isotonic,0,0.95,0.28308823529411764
l852mv7,Arthur__vs__llm,agreement,correctness,isotonic,0,0.95,0.2867647058823529
lbc8weg,Arthur__vs__llm,agreement,correctness,isotonic,0,0.95,0.2867647058823529
l9enz5u,Arthur__vs__llm,agreement,correctness,isotonic,0,0.95,0.2867647058823529
la88e0d,Arthur__vs__llm,agreement,correctness,isotonic,0,1.0,0.2867647058823529
lb4f62l,Arthur__vs__llm,agreement,correctness,isotonic,0,0.95,0.2867647058823529
l8cc35d,Arthur__vs__llm,agreement,correctness,isotonic,0,0.95,0.28308823529411764
l8s749m,Arthur__vs__llm,agreement,correctness,isotonic,0,0.95,0.2867647058823529
l9l6lq8,Arthur__vs__llm,agreement,correctness,isotonic,0,0.95,0.2867647058823529
laeesl4,Arthur__vs__llm,agreement,correctness,isotonic,1,0.95,0.2867647058823529
lagn373,Arthur__vs__llm,agreement,correctness,isotonic,1,0.95,0.2867647058823529
la5g88p,Arthur__vs__llm,agreement,correctness,isotonic,0,1.0,0.2867647058823529
l921g4w,Arthur__vs__llm,agreement,correctness,isotonic,0,0.95,0.2867647058823529
lb0x5j6,Arthur__vs__llm,agreement,correctness,isotonic,0,0.8,1e-06
l9mo5vr,Arthur__vs__llm,agreement,correctness,isotonic,0,0.95,0.2867647058823529
l99jy55,Arthur__vs__llm,agreement,correctness,isotonic,1,0.95,0.2867647058823529
laiyyxz,Arthur__vs__llm,agreement,correctness,isotonic,0,0.95,0.2867647058823529
l9iz6ys,Arthur__vs__llm,agreement,correctness,isotonic,0,0.95,0.28308823529411764
laocd8d,Arthur__vs__llm,agreement,correctness,isotonic,1,0.95,0.28308823529411764
laduen4,Arthur__vs__llm,agreement,correctness,isotonic,0,0.95,0.2867647058823529
l8qfoy3,Arthur__vs__llm,agreement,correctness,isotonic,0,0.95,0.2867647058823529
l9cdn11,Arthur__vs__llm,agreement,correctness,isotonic,0,0.95,0.2867647058823529
lbm6akp,Arthur__vs__llm,agreement,correctness,isotonic,0,0.95,0.2867647058823529
lackr2s,Arthur__vs__llm,agreement,correctness,isotonic,0,0.95,0.2867647058823529
l9lzpbk,Arthur__vs__llm,agreement,correctness,isotonic,0,0.95,0.2867647058823529
l89s229,Arthur__vs__llm,agreement,correctness,isotonic,1,0.95,0.2867647058823529
l9lhgmk,Arthur__vs__llm,agreement,correctness,isotonic,1,0.95,0.28308823529411764
l87q6d4,Arthur__vs__llm,agreement,correctness,isotonic,1,0.95,0.2867647058823529
l99k57x,Arthur__vs__llm,agreement,correctness,isotonic,1,0.95,0.2867647058823529
lbipeiw,Arthur__vs__llm,agreement,correctness,isotonic,0,0.95,0.28308823529411764
ladoc4w,Arthur__vs__llm,agreement,correctness,isotonic,1,0.95,0.2867647058823529
la035bq,Arthur__vs__llm,agreement,correctness,isotonic,0,0.95,0.2867647058823529
l9kooj0,Arthur__vs__llm,agreement,correctness,isotonic,0,0.95,0.2867647058823529
l9n6d1s,Arthur__vs__llm,agreement,correctness,isotonic,0,1.0,0.28308823529411764
la2y5mq,Arthur__vs__llm,agreement,correctness,isotonic,0,0.95,0.2867647058823529
ladvrj9,Arthur__vs__llm,agreement,correctness,isotonic,0,0.95,0.28308823529411764
lagdq9c,Arthur__vs__llm,agreement,correctness,isotonic,0,0.95,0.28308823529411764
l9mjovr,Arthur__vs__llm,agreement,correctness,isotonic,1,0.95,0.2867647058823529
l9nsxmj,Arthur__vs__llm,agreement,correctness,isotonic,0,0.95,0.2867647058823529
lb04ydk,Arthur__vs__llm,agreement,correctness,isotonic,0,1.0,0.28308823529411764
lam9gor,Arthur__vs__llm,agreement,correctness,isotonic,0,0.95,0.28308823529411764
l9l6or5,Arthur__vs__llm,agreement,correctness,isotonic,0,0.95,0.28308823529411764
laz2tx3,Arthur__vs__llm,agreement,correctness,isotonic,0,0.95,0.28308823529411764
l95b4im,Arthur__vs__llm,agreement,correctness,isotonic,0,0.95,0.2867647058823529
l8y5s8g,Arthur__vs__llm,agreement,correctness,isotonic,1,0.95,0.28308823529411764
laggm72,Arthur__vs__llm,agreement,correctness,isotonic,1,0.95,0.2867647058823529
l8y3oft,Arthur__vs__llm,agreement,correctness,isotonic,1,0.95,0.28308823529411764
l815359,Arthur__vs__llm,agreement,correctness,isotonic,0,0.95,0.2867647058823529
l8cymda,Arthur__vs__llm,agreement,correctness,isotonic,1,0.95,0.2867647058823529
lbmadit,Arthur__vs__llm,agreement,correctness,isotonic,1,0.95,0.28308823529411764
l9jj223,Arthur__vs__llm,agreement,correctness,isotonic,0,1.0,0.2867647058823529
lbnrkxv,Arthur__vs__llm,agreement,correctness,isotonic,0,0.95,0.28308823529411764
l9ra8bu,Arthur__vs__llm,agreement,correctness,isotonic,0,0.95,0.2867647058823529
l8bst7l,Arthur__vs__llm,agreement,correctness,isotonic,0,0.95,0.2867647058823529
l9j1tr2,Arthur__vs__llm,agreement,correctness,isotonic,0,0.95,0.2867647058823529
l9mi4kc,Arthur__vs__llm,agreement,correctness,isotonic,1,0.95,0.28308823529411764
lahlnqd,Arthur__vs__llm,agreement,correctness,isotonic,0,0.95,0.2867647058823529
ladhuar,Arthur__vs__llm,agreement,correctness,isotonic,1,0.95,0.2867647058823529
l99m6yn,Arthur__vs__llm,agreement,correctness,isotonic,0,0.95,0.28308823529411764
l94my7l,Arthur__vs__llm,agreement,correctness,isotonic,1,0.95,0.28308823529411764
lado83d,Arthur__vs__llm,agreement,correctness,isotonic,1,0.95,0.2867647058823529
l97u9q3,Arthur__vs__llm,agreement,correctness,isotonic,0,0.95,0.28308823529411764
l9p7a2l,Arthur__vs__llm,agreement,correctness,isotonic,0,0.95,0.28308823529411764
la87lox,Arthur__vs__llm,agreement,correctness,isotonic,0,0.95,0.28308823529411764
lbg0fzq,Arthur__vs__llm,agreement,correctness,isotonic,0,0.95,0.28308823529411764
l9m6q26,Arthur__vs__llm,agreement,correctness,isotonic,0,0.95,0.2867647058823529
lbc9ztp,Arthur__vs__llm,agreement,correctness,isotonic,1,0.95,0.2867647058823529
l9dxpci,Arthur__vs__llm,agreement,correctness,isotonic,1,0.95,0.28308823529411764
lavm74r,Arthur__vs__llm,agreement,correctness,isotonic,0,0.95,0.28308823529411764
lafv6th,Arthur__vs__llm,agreement,correctness,isotonic,0,0.95,0.28308823529411764
lbgmc1v,Arthur__vs__llm,agreement,correctness,isotonic,0,0.95,0.2867647058823529
lbgupf7,Arthur__vs__llm,agreement,correctness,isotonic,0,1.0,0.2867647058823529
lal0e50,Arthur__vs__llm,agreement,correctness,isotonic,0,0.95,0.28308823529411764
laiabc5,Arthur__vs__llm,agreement,correctness,isotonic,1,0.95,0.2867647058823529
l9sraag,Arthur__vs__llm,agreement,correctness,isotonic,1,1.0,0.2867647058823529
lbc9ybp,Arthur__vs__llm,agreement,correctness,isotonic,1,0.95,0.28308823529411764
l82o91p,Arthur__vs__llm,agreement,correctness,isotonic,0,0.95,0.28308823529411764
l9kj0w5,Arthur__vs__llm,agreement,correctness,isotonic,0,0.95,0.2867647058823529
l9xpw08,Arthur__vs__llm,agreement,correctness,isotonic,0,0.95,0.2867647058823529
l85qgnp,Arthur__vs__llm,agreement,correctness,isotonic,0,0.95,0.28308823529411764
lb4eg7g,Arthur__vs__llm,agreement,correctness,isotonic,0,0.95,0.28308823529411764
la8zggn,Arthur__vs__llm,agreement,correctness,isotonic,1,0.95,0.2867647058823529
lb7hb5m,Arthur__vs__llm,agreement,correctness,isotonic,0,0.95,0.2867647058823529
l9hw9kq,Arthur__vs__llm,agreement,correctness,isotonic,1,0.95,0.28308823529411764
l9pobdn,Arthur__vs__llm,agreement,correctness,isotonic,0,0.95,0.2867647058823529
l8aceqo,Arthur__vs__llm,agreement,correctness,isotonic,0,0.95,0.28308823529411764
lbm8q3d,Arthur__vs__llm,agreement,correctness,isotonic,0,0.95,0.2867647058823529
lb5jfj3,Arthur__vs__llm,agreement,correctness,isotonic,0,1.0,0.28308823529411764
la3zobt,Arthur__vs__llm,agreement,correctness,isotonic,0,0.95,0.2867647058823529
lbc93br,Arthur__vs__llm,agreement,correctness,isotonic,0,0.95,0.2867647058823529
l84ewxa,Arthur__vs__llm,agreement,correctness,isotonic,0,0.95,0.2867647058823529
l95jgxs,Arthur__vs__llm,agreement,correctness,isotonic,0,0.95,0.2867647058823529
laf3322,Arthur__vs__llm,agreement,correctness,isotonic,0,0.95,0.28308823529411764
lbmgukc,Arthur__vs__llm,agreement,correctness,isotonic,0,0.95,0.28308823529411764
l9s2edv,Arthur__vs__llm,agreement,correctness,isotonic,0,1.0,0.28308823529411764
l98scdm,Arthur__vs__llm,agreement,correctness,isotonic,1,0.95,0.28308823529411764
l9co9nz,Arthur__vs__llm,agreement,correctness,isotonic,0,0.95,0.28308823529411764
lbcjpc9,Arthur__vs__llm,agreement,correctness,isotonic,0,1.0,0.2867647058823529
l9pxej9,Arthur__vs__llm,agreement,correctness,isotonic,0,0.95,0.2867647058823529
lbmiyxc,Arthur__vs__llm,agreement,correctness,isotonic,0,0.95,0.2867647058823529
lbdptwc,Arthur__vs__llm,agreement,correctness,isotonic,1,0.95,0.2867647058823529
lagsru7,Arthur__vs__llm,agreement,correctness,isotonic,1,0.95,0.28308823529411764
l9lqko7,Arthur__vs__llm,agreement,correctness,isotonic,1,0.95,0.2867647058823529
l94qfeu,Arthur__vs__llm,agreement,correctness,isotonic,0,0.95,0.2867647058823529
lb4ffvc,Arthur__vs__llm,agreement,correctness,isotonic,0,0.95,0.28308823529411764
lb7hlw8,Arthur__vs__llm,agreement,correctness,isotonic,1,0.95,0.2867647058823529
l9o4m6t,Arthur__vs__llm,agreement,correctness,isotonic,1,0.95,0.2867647058823529
ladjia1,Arthur__vs__llm,agreement,correctness,isotonic,1,0.95,0.2867647058823529
l8j4faa,Arthur__vs__llm,agreement,correctness,isotonic,1,0.95,0.2867647058823529
l9nldea,Arthur__vs__llm,agreement,correctness,isotonic,0,0.95,0.28308823529411764
l7whu3g,Arthur__vs__llm,agreement,correctness,isotonic,0,0.95,0.2867647058823529
lb3u7cv,Arthur__vs__llm,agreement,correctness,isotonic,1,0.95,0.2867647058823529
l8sd704,Arthur__vs__llm,agreement,correctness,isotonic,1,0.95,0.2867647058823529
l9i8eyp,Arthur__vs__llm,agreement,correctness,isotonic,0,0.8,1e-06
la7zmvh,Arthur__vs__llm,agreement,correctness,isotonic,0,0.95,0.28308823529411764
lb7t9ln,Arthur__vs__llm,agreement,correctness,isotonic,1,0.95,0.2867647058823529
lag2u2u,Arthur__vs__llm,agreement,correctness,isotonic,0,0.95,0.28308823529411764
lbgx156,Arthur__vs__llm,agreement,correctness,isotonic,0,0.95,0.28308823529411764
lbgvfbg,Arthur__vs__llm,agreement,correctness,isotonic,0,0.95,0.2867647058823529
l9mnxjh,Arthur__vs__llm,agreement,correctness,isotonic,0,0.95,0.2867647058823529
l9rlvrr,Arthur__vs__llm,agreement,correctness,isotonic,0,0.95,0.28308823529411764
lblwjs6,Arthur__vs__llm,agreement,correctness,isotonic,0,1.0,0.2867647058823529
l9gucuu,Arthur__vs__llm,agreement,correctness,isotonic,1,0.95,0.28308823529411764
l90fwdz,Arthur__vs__llm,agreement,correctness,isotonic,0,0.95,0.2867647058823529
l9ey7ss,Arthur__vs__llm,agreement,correctness,isotonic,1,0.95,0.28308823529411764
l9x07o6,Arthur__vs__llm,agreement,correctness,isotonic,1,1.0,0.2867647058823529
l9yrplw,Arthur__vs__llm,agreement,correctness,isotonic,0,0.95,0.28308823529411764
lb7jzoh,Arthur__vs__llm,agreement,correctness,isotonic,0,0.95,0.2867647058823529
l9j2dld,Arthur__vs__llm,agreement,correctness,isotonic,0,0.95,0.28308823529411764
lbcdaqm,Arthur__vs__llm,agreement,correctness,isotonic,0,0.95,0.2867647058823529
lac3nf6,Arthur__vs__llm,agreement,correctness,isotonic,1,1.0,0.2867647058823529
l9h1o8g,Arthur__vs__llm,agreement,correctness,isotonic,0,0.95,0.28308823529411764
lbhwgd2,Arthur__vs__llm,agreement,correctness,isotonic,0,1.0,0.2867647058823529
lakztne,Arthur__vs__llm,agreement,correctness,isotonic,0,0.95,0.2867647058823529
lakk0oc,Arthur__vs__llm,agreement,correctness,isotonic,0,0.95,0.2867647058823529
lauxvzo,Arthur__vs__llm,agreement,correctness,isotonic,0,0.95,0.28308823529411764
l8bjje6,Arthur__vs__llm,agreement,correctness,isotonic,0,0.95,0.2867647058823529
l9j2hie,Arthur__vs__llm,agreement,correctness,isotonic,0,0.95,0.2867647058823529
l98am7e,Arthur__vs__llm,agreement,correctness,isotonic,0,0.95,0.2867647058823529
l8byf87,Arthur__vs__llm,agreement,correctness,isotonic,0,0.95,0.2867647058823529
l93g2gp,Arthur__vs__llm,agreement,correctness,isotonic,0,0.95,0.28308823529411764
l925p2k,Arthur__vs__llm,agreement,correctness,isotonic,0,0.95,0.2867647058823529
lb7d5nn,Arthur__vs__llm,agreement,correctness,isotonic,0,0.95,0.28308823529411764
l8xu7ix,Arthur__vs__llm,agreement,correctness,isotonic,0,0.95,0.28308823529411764
l9m36ns,Arthur__vs__llm,agreement,correctness,isotonic,1,0.95,0.28308823529411764
lamdwg3,Arthur__vs__llm,agreement,correctness,isotonic,0,0.95,0.2867647058823529
lbnqk66,Arthur__vs__llm,agreement,correctness,isotonic,0,0.95,0.28308823529411764
l92ev0i,Arthur__vs__llm,agreement,correctness,isotonic,1,0.95,0.2867647058823529
l9kzp7k,Arthur__vs__llm,agreement,correctness,isotonic,0,0.95,0.2867647058823529
ladusqz,Arthur__vs__llm,agreement,correctness,isotonic,1,0.95,0.28308823529411764
l85iaai,Arthur__vs__llm,agreement,correctness,isotonic,0,0.95,0.2867647058823529
larzixe,Arthur__vs__llm,agreement,correctness,isotonic,0,0.95,0.28308823529411764
lakr4r0,Arthur__vs__llm,agreement,correctness,isotonic,0,0.95,0.2867647058823529
la3fh2d,Arthur__vs__llm,agreement,correctness,isotonic,0,0.95,0.2867647058823529
laackev,Arthur__vs__llm,agreement,correctness,isotonic,0,0.95,0.28308823529411764
lbl8edv,Arthur__vs__llm,agreement,correctness,isotonic,0,0.95,0.28308823529411764
l8alzsf,Arthur__vs__llm,agreement,correctness,isotonic,0,0.95,0.2867647058823529
l97ffzg,Arthur__vs__llm,agreement,correctness,isotonic,1,0.95,0.2867647058823529
laejxyi,Arthur__vs__llm,agreement,correctness,isotonic,1,0.95,0.2867647058823529
l9mb2io,Arthur__vs__llm,agreement,correctness,isotonic,0,0.95,0.28308823529411764
l9zoaz9,Arthur__vs__llm,agreement,correctness,isotonic,0,0.8,1e-06
laddsag,Arthur__vs__llm,agreement,correctness,isotonic,0,0.95,0.2867647058823529
l9pkzi5,Arthur__vs__llm,agreement,correctness,isotonic,0,0.95,0.2867647058823529
l9lo63k,Arthur__vs__llm,agreement,correctness,isotonic,1,0.95,0.2867647058823529
l9ithe4,Arthur__vs__llm,agreement,correctness,isotonic,0,0.95,0.28308823529411764
lbirrmt,Arthur__vs__llm,agreement,correctness,isotonic,0,0.8,1e-06
l9etsuw,Arthur__vs__llm,agreement,correctness,isotonic,0,0.95,0.2867647058823529
l7zqqv1,Arthur__vs__llm,agreement,correctness,isotonic,1,0.95,0.28308823529411764
l968z7u,Arthur__vs__llm,agreement,correctness,isotonic,1,0.95,0.28308823529411764
lata8x6,Arthur__vs__llm,agreement,correctness,isotonic,1,0.95,0.2867647058823529
lawus8i,Arthur__vs__llm,agreement,correctness,isotonic,0,0.95,0.28308823529411764
l947md5,Arthur__vs__llm,agreement,correctness,isotonic,0,0.95,0.2867647058823529
l8mxn3x,Arthur__vs__llm,agreement,correctness,isotonic,1,0.95,0.2867647058823529
l9mm30r,Arthur__vs__llm,agreement,correctness,isotonic,0,0.95,0.28308823529411764
l8r27kz,Arthur__vs__llm,agreement,correctness,isotonic,0,0.95,0.2867647058823529
lbkj34u,Arthur__vs__llm,agreement,correctness,isotonic,0,0.95,0.2867647058823529
l8xhaay,Arthur__vs__llm,agreement,correctness,isotonic,0,1.0,0.2867647058823529
l9k6wsu,Arthur__vs__llm,agreement,correctness,isotonic,1,1.0,0.2867647058823529
l9z6228,Arthur__vs__llm,agreement,correctness,isotonic,0,0.95,0.2867647058823529
lb4d0t7,Arthur__vs__llm,agreement,correctness,isotonic,1,0.95,0.28308823529411764
ladhiz5,Arthur__vs__llm,agreement,correctness,isotonic,1,0.95,0.28308823529411764
l9oq9jh,Arthur__vs__llm,agreement,correctness,isotonic,1,0.95,0.28308823529411764
l9g4laq,Arthur__vs__llm,agreement,correctness,isotonic,1,0.95,0.2867647058823529
l9lwe7h,Arthur__vs__llm,agreement,correctness,isotonic,0,0.95,0.28308823529411764
lb3e2s4,Arthur__vs__llm,agreement,correctness,isotonic,1,0.95,0.28308823529411764
la6lya2,Arthur__vs__llm,agreement,correctness,isotonic,0,0.95,0.2867647058823529
ladopo7,Arthur__vs__llm,agreement,correctness,isotonic,1,0.95,0.28308823529411764
l97xyqg,Arthur__vs__llm,agreement,correctness,isotonic,1,0.95,0.28308823529411764
l9t64uy,Arthur__vs__llm,agreement,correctness,isotonic,0,0.95,0.28308823529411764
la8p1yt,Arthur__vs__llm,agreement,correctness,isotonic,0,0.95,0.28308823529411764
l9n9txg,Arthur__vs__llm,agreement,correctness,isotonic,0,0.95,0.2867647058823529
l9p95z5,Arthur__vs__llm,agreement,correctness,isotonic,0,0.95,0.28308823529411764
l89b3id,Arthur__vs__llm,agreement,correctness,isotonic,0,0.95,0.2867647058823529
laxl99q,Arthur__vs__llm,agreement,correctness,isotonic,0,0.95,0.2867647058823529
la31xp1,Arthur__vs__llm,agreement,correctness,isotonic,0,0.95,0.28308823529411764
la6gvel,Arthur__vs__llm,agreement,correctness,isotonic,0,0.95,0.28308823529411764
lbk23vy,Arthur__vs__llm,agreement,correctness,isotonic,0,0.95,0.2867647058823529
l9pdksg,Arthur__vs__llm,agreement,correctness,isotonic,1,0.95,0.28308823529411764
lax3tkk,Arthur__vs__llm,agreement,correctness,isotonic,0,0.95,0.2867647058823529
l9kniso,Arthur__vs__llm,agreement,correctness,isotonic,0,0.95,0.28308823529411764
l8qg3ev,Arthur__vs__llm,agreement,correctness,isotonic,0,0.95,0.28308823529411764
l8xvus5,Arthur__vs__llm,agreement,correctness,isotonic,0,0.95,0.28308823529411764
lbg26yh,Arthur__vs__llm,agreement,correctness,isotonic,0,0.95,0.28308823529411764
l8rzo0j,Arthur__vs__llm,agreement,correctness,isotonic,0,0.95,0.2867647058823529
l8awua9,Arthur__vs__llm,agreement,correctness,isotonic,0,0.95,0.2867647058823529
l99lagq,Arthur__vs__llm,agreement,correctness,isotonic,0,0.95,0.28308823529411764
l8qheky,Arthur__vs__llm,agreement,correctness,isotonic,0,0.95,0.2867647058823529
l90lqvy,Arthur__vs__llm,agreement,correctness,isotonic,0,0.95,0.28308823529411764
l86v1rq,Arthur__vs__llm,agreement,correctness,isotonic,0,1.0,0.2867647058823529
l9narp9,Arthur__vs__llm,agreement,correctness,isotonic,0,0.95,0.2867647058823529
lakv7lf,Arthur__vs__llm,agreement,correctness,isotonic,1,0.95,0.2867647058823529
l9wcq11,Arthur__vs__llm,agreement,correctness,isotonic,0,0.95,0.2867647058823529
l9fhq5a,Arthur__vs__llm,agreement,correctness,isotonic,0,0.95,0.2867647058823529
lb7n7qo,Arthur__vs__llm,agreement,correctness,isotonic,0,0.95,0.28308823529411764
lbhxkkz,Arthur__vs__llm,agreement,correctness,isotonic,1,0.95,0.28308823529411764
l91x79i,Arthur__vs__llm,agreement,correctness,isotonic,0,0.95,0.28308823529411764
lb8ivrh,Arthur__vs__llm,agreement,correctness,isotonic,0,0.95,0.2867647058823529
lbihzb7,Arthur__vs__llm,agreement,correctness,isotonic,1,0.95,0.2867647058823529
larwml3,Arthur__vs__llm,agreement,correctness,isotonic,0,0.95,0.28308823529411764
l9g5enb,Arthur__vs__llm,agreement,correctness,isotonic,1,0.95,0.2867647058823529
l9ne5iw,Arthur__vs__llm,agreement,correctness,isotonic,0,0.95,0.2867647058823529
l8nw2ts,Arthur__vs__llm,agreement,correctness,isotonic,0,0.95,0.2867647058823529
lbg8gqk,Arthur__vs__llm,agreement,correctness,isotonic,0,0.95,0.2867647058823529
la63dhs,Arthur__vs__llm,agreement,correctness,isotonic,1,0.95,0.28308823529411764
l9o31o8,Arthur__vs__llm,agreement,correctness,isotonic,1,1.0,0.2867647058823529
la3bcqj,Arthur__vs__llm,agreement,correctness,isotonic,1,0.95,0.28308823529411764
lbjqq6a,Arthur__vs__llm,agreement,correctness,isotonic,1,0.95,0.28308823529411764
l9pet9y,Arthur__vs__llm,agreement,correctness,isotonic,1,0.95,0.2867647058823529
l9yw8ul,Arthur__vs__llm,agreement,correctness,isotonic,0,0.95,0.2867647058823529
l94psqu,Arthur__vs__llm,agreement,correctness,isotonic,0,0.95,0.2867647058823529
lao89vd,Arthur__vs__llm,agreement,correctness,isotonic,0,0.95,0.2867647058823529
lb4eob2,Arthur__vs__llm,agreement,correctness,isotonic,0,0.95,0.2867647058823529
l8hg49w,Arthur__vs__llm,agreement,correctness,isotonic,0,0.95,0.2867647058823529
lb4e4lq,Arthur__vs__llm,agreement,correctness,isotonic,0,0.95,0.28308823529411764
lalrik8,Arthur__vs__llm,agreement,correctness,isotonic,0,0.95,0.28308823529411764
l8kvpnt,Arthur__vs__llm,agreement,correctness,isotonic,0,0.95,0.28308823529411764
lae63qs,Arthur__vs__llm,agreement,correctness,isotonic,1,0.95,0.28308823529411764
l8l72hd,Arthur__vs__llm,agreement,correctness,isotonic,1,0.95,0.28308823529411764
l8aosij,Arthur__vs__llm,agreement,correctness,isotonic,1,0.95,0.2867647058823529
la8jqoe,Arthur__vs__llm,agreement,correctness,isotonic,0,0.95,0.28308823529411764
l9uheza,Arthur__vs__llm,agreement,correctness,isotonic,0,0.95,0.28308823529411764
lb8c54w,Arthur__vs__llm,agreement,correctness,isotonic,0,1.0,0.2867647058823529
la70o2m,Arthur__vs__llm,agreement,correctness,isotonic,0,0.95,0.2867647058823529
lbix7mc,Arthur__vs__llm,agreement,correctness,isotonic,1,0.95,0.2867647058823529
l9gzvi5,Arthur__vs__llm,agreement,correctness,isotonic,1,0.95,0.2867647058823529
lawpxc2,Arthur__vs__llm,agreement,correctness,isotonic,0,0.95,0.2867647058823529
lae4urb,Arthur__vs__llm,agreement,correctness,isotonic,0,0.95,0.2867647058823529
lbhtco2,Arthur__vs__llm,agreement,correctness,isotonic,0,0.95,0.2867647058823529
laf7s3e,Arthur__vs__llm,agreement,correctness,isotonic,0,0.95,0.2867647058823529
la1cgq1,Arthur__vs__llm,agreement,correctness,isotonic,1,0.95,0.28308823529411764
la9w5ur,Arthur__vs__llm,agreement,correctness,isotonic,0,0.95,0.28308823529411764
l9mynwi,Arthur__vs__llm,agreement,correctness,isotonic,0,0.95,0.2867647058823529
lb047lv,Arthur__vs__llm,agreement,correctness,isotonic,0,1.0,0.2867647058823529
lag1dto,Arthur__vs__llm,agreement,correctness,isotonic,0,0.95,0.28308823529411764
l8lrpme,Arthur__vs__llm,agreement,correctness,isotonic,1,0.95,0.28308823529411764
l9q15pl,Arthur__vs__llm,agreement,correctness,isotonic,0,0.95,0.28308823529411764
lac445k,Arthur__vs__llm,agreement,correctness,isotonic,0,0.95,0.2867647058823529
l9t6dk7,Arthur__vs__llm,agreement,correctness,isotonic,0,0.95,0.2867647058823529
l7x3qxm,Arthur__vs__llm,agreement,correctness,isotonic,0,0.95,0.2867647058823529
l89mf4q,Arthur__vs__llm,agreement,correctness,isotonic,1,0.95,0.2867647058823529
lbl2mxj,Arthur__vs__llm,agreement,correctness,isotonic,0,0.95,0.2867647058823529
l8b0jjc,Arthur__vs__llm,agreement,correctness,isotonic,0,0.95,0.28308823529411764
l8mwxqc,Arthur__vs__llm,agreement,correctness,isotonic,0,1.0,0.2867647058823529
l9p5x5n,Arthur__vs__llm,agreement,correctness,isotonic,0,0.95,0.28308823529411764
l7wbd3w,Arthur__vs__llm,agreement,correctness,isotonic,1,0.95,0.28308823529411764
l8a48iz,Arthur__vs__llm,agreement,correctness,isotonic,0,0.95,0.2867647058823529
l8s0n8l,Arthur__vs__llm,agreement,correctness,isotonic,0,0.95,0.28308823529411764
l8l6enl,Arthur__vs__llm,agreement,correctness,isotonic,0,0.95,0.2867647058823529
laf27da,Arthur__vs__llm,agreement,correctness,isotonic,1,0.95,0.28308823529411764
l9n2a6w,Arthur__vs__llm,agreement,correctness,isotonic,0,0.95,0.2867647058823529
l7z95u8,Arthur__vs__llm,agreement,correctness,isotonic,0,0.95,0.2867647058823529
l91o73m,Arthur__vs__llm,agreement,correctness,isotonic,0,0.95,0.2867647058823529
l7whtys,Arthur__vs__llm,agreement,correctness,isotonic,0,0.95,0.28308823529411764
lbikhto,Arthur__vs__llm,agreement,correctness,isotonic,0,0.95,0.2867647058823529
l9yt1eq,Arthur__vs__llm,agreement,correctness,isotonic,0,0.95,0.28308823529411764
ladkivx,Arthur__vs__llm,agreement,correctness,isotonic,0,0.95,0.2867647058823529
l87xcd4,Arthur__vs__llm,agreement,correctness,isotonic,0,0.95,0.28308823529411764
la6oicy,Arthur__vs__llm,agreement,correctness,isotonic,1,0.95,0.28308823529411764
l85xyvb,Arthur__vs__llm,agreement,correctness,isotonic,0,0.95,0.28308823529411764
lblsr0b,Arthur__vs__llm,agreement,correctness,isotonic,0,0.95,0.2867647058823529
l94vp8y,Arthur__vs__llm,agreement,correctness,isotonic,0,0.95,0.2867647058823529
lbcyx3n,Arthur__vs__llm,civility,correctness,sigmoid,1,1.0,0.5982404264954404
l9b1r7k,Arthur__vs__llm,civility,correctness,sigmoid,0,0.95,0.5894936487993974
l9nfu9z,Arthur__vs__llm,civility,correctness,sigmoid,1,0.9,0.5792387420124951
lbhwjs2,Arthur__vs__llm,civility,correctness,sigmoid,1,0.95,0.5894936487993974
laineeu,Arthur__vs__llm,civility,correctness,sigmoid,1,0.95,0.5869434771124304
l923179,Arthur__vs__llm,civility,correctness,sigmoid,0,0.95,0.591130514421129
lbjwb52,Arthur__vs__llm,civility,correctness,sigmoid,0,0.95,0.591130514421129
l9z5iy3,Arthur__vs__llm,civility,correctness,sigmoid,0,0.95,0.5894936487993974
l7z98qx,Arthur__vs__llm,civility,correctness,sigmoid,1,0.9,0.5839822767476407
laxa4t8,Arthur__vs__llm,civility,correctness,sigmoid,0,0.8,0.5567472193970886
l8ba67x,Arthur__vs__llm,civility,correctness,sigmoid,0,0.8,0.5612351707791312
l9ljx88,Arthur__vs__llm,civility,correctness,sigmoid,0,0.95,0.5940947803391833
l9rnibl,Arthur__vs__llm,civility,correctness,sigmoid,1,0.95,0.5881651811754999
l9fjlfi,Arthur__vs__llm,civility,correctness,sigmoid,0,0.8,0.5695821771929087
lalisq9,Arthur__vs__llm,civility,correctness,sigmoid,1,0.9,0.5810846548762066
la0bxuy,Arthur__vs__llm,civility,correctness,sigmoid,1,0.95,0.591130514421129
l9inr0v,Arthur__vs__llm,civility,correctness,sigmoid,0,0.85,0.5767985368367162
l7yh6qg,Arthur__vs__llm,civility,correctness,sigmoid,1,1.0,0.5970339903823871
lag7ebe,Arthur__vs__llm,civility,correctness,sigmoid,0,0.95,0.5881651811754999
l9lwm2m,Arthur__vs__llm,civility,correctness,sigmoid,1,0.9,0.5839822767476407
l9eq96t,Arthur__vs__llm,civility,correctness,sigmoid,1,0.95,0.5940947803391833
l8gl5i9,Arthur__vs__llm,civility,correctness,sigmoid,1,0.9,0.5792387420124951
l9ne2u8,Arthur__vs__llm,civility,correctness,sigmoid,0,0.95,0.5940947803391833
lazn9pa,Arthur__vs__llm,civility,correctness,sigmoid,1,0.9,0.5839822767476407
lae34w9,Arthur__vs__llm,civility,correctness,sigmoid,0,0.95,0.5881651811754999
lax2gzs,Arthur__vs__llm,civility,correctness,sigmoid,1,0.95,0.5940947803391833
l9lnt1s,Arthur__vs__llm,civility,correctness,sigmoid,0,0.95,0.5940947803391833
lae0vng,Arthur__vs__llm,civility,correctness,sigmoid,0,0.95,0.591130514421129
l886669,Arthur__vs__llm,civility,correctness,sigmoid,0,0.8,0.5695821771929087
l9gowa9,Arthur__vs__llm,civility,correctness,sigmoid,1,0.9,0.5810846548762066
l9aobkr,Arthur__vs__llm,civility,correctness,sigmoid,1,0.95,0.5940947803391833
l9yl3tw,Arthur__vs__llm,civility,correctness,sigmoid,0,0.95,0.5869434771124304
l9pj2n8,Arthur__vs__llm,civility,correctness,sigmoid,1,0.95,0.591130514421129
l8knznf,Arthur__vs__llm,civility,correctness,sigmoid,0,0.95,0.5940947803391833
lagmpvf,Arthur__vs__llm,civility,correctness,sigmoid,0,0.95,0.5894936487993974
l9ls0sc,Arthur__vs__llm,civility,correctness,sigmoid,1,0.9,0.5817439234873738
l8rvj1h,Arthur__vs__llm,civility,correctness,sigmoid,0,0.85,0.575202875273863
l86t1mv,Arthur__vs__llm,civility,correctness,sigmoid,1,0.9,0.5810846548762066
l9rbctp,Arthur__vs__llm,civility,correctness,sigmoid,0,0.95,0.5881651811754999
lal3dx3,Arthur__vs__llm,civility,correctness,sigmoid,1,0.9,0.5784601305426361
l88ucpt,Arthur__vs__llm,civility,correctness,sigmoid,1,0.9,0.5810846548762066
lam50or,Arthur__vs__llm,civility,correctness,sigmoid,0,0.95,0.5869434771124304
l96lqud,Arthur__vs__llm,civility,correctness,sigmoid,1,0.95,0.5940947803391833
l9oapl9,Arthur__vs__llm,civility,correctness,sigmoid,1,0.95,0.5869434771124304
l98ll5k,Arthur__vs__llm,civility,correctness,sigmoid,1,0.9,0.5810846548762066
l9blfe7,Arthur__vs__llm,civility,correctness,sigmoid,0,0.95,0.5894936487993974
l9o23yd,Arthur__vs__llm,civility,correctness,sigmoid,0,0.85,0.575202875273863
l9ok0zv,Arthur__vs__llm,civility,correctness,sigmoid,1,1.0,0.6004378526751719
l9n3htm,Arthur__vs__llm,civility,correctness,sigmoid,1,0.95,0.5881651811754999
l91quzy,Arthur__vs__llm,civility,correctness,sigmoid,1,1.0,0.5927777827210352
l9ugy18,Arthur__vs__llm,civility,correctness,sigmoid,0,0.95,0.5940947803391833
l9i9acx,Arthur__vs__llm,civility,correctness,sigmoid,0,0.95,0.5940947803391833
l91eqfs,Arthur__vs__llm,civility,correctness,sigmoid,1,0.9,0.5792387420124951
l929z0f,Arthur__vs__llm,civility,correctness,sigmoid,1,1.0,0.5982404264954404
l9wqlfk,Arthur__vs__llm,civility,correctness,sigmoid,0,0.95,0.591130514421129
l9ud3dv,Arthur__vs__llm,civility,correctness,sigmoid,0,0.95,0.591130514421129
la4xvvf,Arthur__vs__llm,civility,correctness,sigmoid,0,0.85,0.5692897132660483
l958g2o,Arthur__vs__llm,civility,correctness,sigmoid,0,0.95,0.5940947803391833
l9nj4dq,Arthur__vs__llm,civility,correctness,sigmoid,1,0.95,0.5940947803391833
labtd52,Arthur__vs__llm,civility,correctness,sigmoid,1,0.95,0.591130514421129
l9r5y4i,Arthur__vs__llm,civility,correctness,sigmoid,1,0.95,0.5894936487993974
l9j37bz,Arthur__vs__llm,civility,correctness,sigmoid,1,0.95,0.5894936487993974
l7zd8sv,Arthur__vs__llm,civility,correctness,sigmoid,0,0.95,0.5894936487993974
la4o8tp,Arthur__vs__llm,civility,correctness,sigmoid,1,0.9,0.5810846548762066
l9z7iji,Arthur__vs__llm,civility,correctness,sigmoid,1,0.8,0.5695821771929087
l9mo64d,Arthur__vs__llm,civility,correctness,sigmoid,1,0.95,0.5869434771124304
lbbacwk,Arthur__vs__llm,civility,correctness,sigmoid,1,0.95,0.591130514421129
l852mv7,Arthur__vs__llm,civility,correctness,sigmoid,0,0.95,0.5940947803391833
lbc8weg,Arthur__vs__llm,civility,correctness,sigmoid,0,0.85,0.5673477099935275
l9enz5u,Arthur__vs__llm,civility,correctness,sigmoid,0,0.85,0.5767985368367162
la88e0d,Arthur__vs__llm,civility,correctness,sigmoid,1,0.95,0.5940947803391833
lb4f62l,Arthur__vs__llm,civility,correctness,sigmoid,1,0.9,0.5784601305426361
l8cc35d,Arthur__vs__llm,civility,correctness,sigmoid,0,0.95,0.5940947803391833
l8s749m,Arthur__vs__llm,civility,correctness,sigmoid,0,0.85,0.575202875273863
l9l6lq8,Arthur__vs__llm,civility,correctness,sigmoid,1,0.95,0.5869434771124304
laeesl4,Arthur__vs__llm,civility,correctness,sigmoid,0,0.95,0.5881651811754999
lagn373,Arthur__vs__llm,civility,correctness,sigmoid,1,0.9,0.5784601305426361
la5g88p,Arthur__vs__llm,civility,correctness,sigmoid,0,0.95,0.5881651811754999
l921g4w,Arthur__vs__llm,civility,correctness,sigmoid,0,0.85,0.5767985368367162
l9dml7h,Arthur__vs__llm,civility,correctness,sigmoid,1,0.95,0.5940947803391833
lb0x5j6,Arthur__vs__llm,civility,correctness,sigmoid,0,0.95,0.591130514421129
l9mo5vr,Arthur__vs__llm,civility,correctness,sigmoid,0,0.95,0.5869434771124304
l99jy55,Arthur__vs__llm,civility,correctness,sigmoid,1,0.95,0.5869434771124304
laiyyxz,Arthur__vs__llm,civility,correctness,sigmoid,0,0.95,0.5869434771124304
l9iz6ys,Arthur__vs__llm,civility,correctness,sigmoid,1,0.95,0.5940947803391833
laocd8d,Arthur__vs__llm,civility,correctness,sigmoid,1,0.95,0.5894936487993974
laduen4,Arthur__vs__llm,civility,correctness,sigmoid,1,0.9,0.5784601305426361
l8qfoy3,Arthur__vs__llm,civility,correctness,sigmoid,0,0.95,0.5881651811754999
lb24ml0,Arthur__vs__llm,civility,correctness,sigmoid,1,0.9,0.5817439234873738
l9cdn11,Arthur__vs__llm,civility,correctness,sigmoid,0,0.95,0.591130514421129
lbm6akp,Arthur__vs__llm,civility,correctness,sigmoid,1,0.95,0.5940947803391833
lackr2s,Arthur__vs__llm,civility,correctness,sigmoid,1,0.9,0.5792387420124951
l9lzpbk,Arthur__vs__llm,civility,correctness,sigmoid,1,0.95,0.5881651811754999
l89s229,Arthur__vs__llm,civility,correctness,sigmoid,1,0.95,0.5894936487993974
l9lhgmk,Arthur__vs__llm,civility,correctness,sigmoid,1,0.95,0.5940947803391833
l87q6d4,Arthur__vs__llm,civility,correctness,sigmoid,1,0.95,0.5881651811754999
l99k57x,Arthur__vs__llm,civility,correctness,sigmoid,1,0.95,0.5881651811754999
lbipeiw,Arthur__vs__llm,civility,correctness,sigmoid,1,0.95,0.5894936487993974
ladoc4w,Arthur__vs__llm,civility,correctness,sigmoid,1,1.0,0.5927777827210352
la035bq,Arthur__vs__llm,civility,correctness,sigmoid,0,0.85,0.5702601883159418
l9kooj0,Arthur__vs__llm,civility,correctness,sigmoid,1,0.95,0.5940947803391833
l9n6d1s,Arthur__vs__llm,civility,correctness,sigmoid,1,1.0,0.5982404264954404
la2y5mq,Arthur__vs__llm,civility,correctness,sigmoid,1,0.9,0.5792387420124951
ladvrj9,Arthur__vs__llm,civility,correctness,sigmoid,1,0.9,0.5839822767476407
lagdq9c,Arthur__vs__llm,civility,correctness,sigmoid,1,0.9,0.5784601305426361
l9mjovr,Arthur__vs__llm,civility,correctness,sigmoid,1,0.95,0.591130514421129
l9nsxmj,Arthur__vs__llm,civility,correctness,sigmoid,0,0.95,0.5894936487993974
lb04ydk,Arthur__vs__llm,civility,correctness,sigmoid,1,1.0,0.5927777827210352
lam9gor,Arthur__vs__llm,civility,correctness,sigmoid,1,0.95,0.591130514421129
l9l6or5,Arthur__vs__llm,civility,correctness,sigmoid,0,0.85,0.5702601883159418
laz2tx3,Arthur__vs__llm,civility,correctness,sigmoid,0,0.8,0.5695821771929087
l95b4im,Arthur__vs__llm,civility,correctness,sigmoid,0,0.95,0.5869434771124304
l8y5s8g,Arthur__vs__llm,civility,correctness,sigmoid,1,0.95,0.5869434771124304
laggm72,Arthur__vs__llm,civility,correctness,sigmoid,0,0.85,0.575202875273863
l8y3oft,Arthur__vs__llm,civility,correctness,sigmoid,1,0.9,0.5817439234873738
l815359,Arthur__vs__llm,civility,correctness,sigmoid,0,0.95,0.5894936487993974
l8cymda,Arthur__vs__llm,civility,correctness,sigmoid,1,0.9,0.5792387420124951
lbmadit,Arthur__vs__llm,civility,correctness,sigmoid,1,0.8,0.5612351707791312
l9jj223,Arthur__vs__llm,civility,correctness,sigmoid,1,1.0,0.5970339903823871
lbnrkxv,Arthur__vs__llm,civility,correctness,sigmoid,0,0.95,0.5940947803391833
l9ra8bu,Arthur__vs__llm,civility,correctness,sigmoid,0,0.95,0.5881651811754999
l8zf2fq,Arthur__vs__llm,civility,correctness,sigmoid,1,0.95,0.5881651811754999
l8bst7l,Arthur__vs__llm,civility,correctness,sigmoid,1,1.0,0.6004378526751719
l9j1tr2,Arthur__vs__llm,civility,correctness,sigmoid,0,0.95,0.5869434771124304
l9mi4kc,Arthur__vs__llm,civility,correctness,sigmoid,0,0.95,0.5869434771124304
lahlnqd,Arthur__vs__llm,civility,correctness,sigmoid,1,0.9,0.5784601305426361
ladhuar,Arthur__vs__llm,civility,correctness,sigmoid,1,0.95,0.5869434771124304
l99m6yn,Arthur__vs__llm,civility,correctness,sigmoid,1,0.85,0.5767985368367162
l94my7l,Arthur__vs__llm,civility,correctness,sigmoid,1,0.95,0.5894936487993974
lado83d,Arthur__vs__llm,civility,correctness,sigmoid,1,0.9,0.5810846548762066
l97u9q3,Arthur__vs__llm,civility,correctness,sigmoid,1,0.95,0.5940947803391833
l9p7a2l,Arthur__vs__llm,civility,correctness,sigmoid,0,0.95,0.5869434771124304
la87lox,Arthur__vs__llm,civility,correctness,sigmoid,1,0.9,0.5784601305426361
lbg0fzq,Arthur__vs__llm,civility,correctness,sigmoid,1,0.9,0.5792387420124951
l9m6q26,Arthur__vs__llm,civility,correctness,sigmoid,0,0.95,0.5894936487993974
lbc9ztp,Arthur__vs__llm,civility,correctness,sigmoid,1,0.8,0.5695821771929087
l9dxpci,Arthur__vs__llm,civility,correctness,sigmoid,1,0.95,0.5894936487993974
lavm74r,Arthur__vs__llm,civility,correctness,sigmoid,1,0.9,0.5817439234873738
lafv6th,Arthur__vs__llm,civility,correctness,sigmoid,0,0.95,0.5894936487993974
lbgmc1v,Arthur__vs__llm,civility,correctness,sigmoid,0,0.95,0.5940947803391833
lbgupf7,Arthur__vs__llm,civility,correctness,sigmoid,1,0.95,0.5881651811754999
lal0e50,Arthur__vs__llm,civility,correctness,sigmoid,0,0.95,0.5894936487993974
laiabc5,Arthur__vs__llm,civility,correctness,sigmoid,0,0.8,0.5561671123950155
l9sraag,Arthur__vs__llm,civility,correctness,sigmoid,1,0.95,0.591130514421129
lbc9ybp,Arthur__vs__llm,civility,correctness,sigmoid,1,0.9,0.5810846548762066
l82o91p,Arthur__vs__llm,civility,correctness,sigmoid,0,0.95,0.5869434771124304
l9kj0w5,Arthur__vs__llm,civility,correctness,sigmoid,1,0.9,0.5817439234873738
l9xpw08,Arthur__vs__llm,civility,correctness,sigmoid,1,0.9,0.5792387420124951
l85qgnp,Arthur__vs__llm,civility,correctness,sigmoid,1,1.0,0.6004378526751719
lb4eg7g,Arthur__vs__llm,civility,correctness,sigmoid,1,0.85,0.5673477099935275
la8zggn,Arthur__vs__llm,civility,correctness,sigmoid,1,0.95,0.591130514421129
lb7hb5m,Arthur__vs__llm,civility,correctness,sigmoid,0,0.95,0.5894936487993974
l9hw9kq,Arthur__vs__llm,civility,correctness,sigmoid,0,0.95,0.5881651811754999
l9pobdn,Arthur__vs__llm,civility,correctness,sigmoid,0,0.95,0.5894936487993974
l8aceqo,Arthur__vs__llm,civility,correctness,sigmoid,1,0.9,0.5810846548762066
lbm8q3d,Arthur__vs__llm,civility,correctness,sigmoid,1,0.9,0.5810846548762066
lb5jfj3,Arthur__vs__llm,civility,correctness,sigmoid,1,1.0,0.5927777827210352
la3zobt,Arthur__vs__llm,civility,correctness,sigmoid,1,0.95,0.591130514421129
lbc93br,Arthur__vs__llm,civility,correctness,sigmoid,0,0.95,0.5869434771124304
l84ewxa,Arthur__vs__llm,civility,correctness,sigmoid,1,0.9,0.5792387420124951
l95jgxs,Arthur__vs__llm,civility,correctness,sigmoid,0,0.85,0.575202875273863
laf3322,Arthur__vs__llm,civility,correctness,sigmoid,0,0.8,0.5692997232100904
lbmgukc,Arthur__vs__llm,civility,correctness,sigmoid,0,0.95,0.5881651811754999
l9s2edv,Arthur__vs__llm,civility,correctness,sigmoid,1,1.0,0.5927777827210352
l98scdm,Arthur__vs__llm,civility,correctness,sigmoid,1,0.95,0.5894936487993974
l9co9nz,Arthur__vs__llm,civility,correctness,sigmoid,0,0.95,0.5869434771124304
lbcjpc9,Arthur__vs__llm,civility,correctness,sigmoid,1,0.9,0.5792387420124951
l7zkr3u,Arthur__vs__llm,civility,correctness,sigmoid,1,0.9,0.5839822767476407
l9pxej9,Arthur__vs__llm,civility,correctness,sigmoid,1,1.0,0.5982404264954404
lbmiyxc,Arthur__vs__llm,civility,correctness,sigmoid,1,0.9,0.5792387420124951
lbdptwc,Arthur__vs__llm,civility,correctness,sigmoid,0,0.95,0.591130514421129
lagsru7,Arthur__vs__llm,civility,correctness,sigmoid,1,0.95,0.5881651811754999
l9lqko7,Arthur__vs__llm,civility,correctness,sigmoid,1,0.95,0.5940947803391833
l94qfeu,Arthur__vs__llm,civility,correctness,sigmoid,0,0.95,0.5881651811754999
lb4ffvc,Arthur__vs__llm,civility,correctness,sigmoid,1,0.95,0.591130514421129
lb7hlw8,Arthur__vs__llm,civility,correctness,sigmoid,1,0.9,0.5792387420124951
l9o4m6t,Arthur__vs__llm,civility,correctness,sigmoid,0,0.95,0.5940947803391833
ladjia1,Arthur__vs__llm,civility,correctness,sigmoid,0,0.8,0.5695821771929087
l8j4faa,Arthur__vs__llm,civility,correctness,sigmoid,1,0.95,0.5881651811754999
l9nldea,Arthur__vs__llm,civility,correctness,sigmoid,0,0.95,0.5881651811754999
l7whu3g,Arthur__vs__llm,civility,correctness,sigmoid,0,0.95,0.5881651811754999
lb3u7cv,Arthur__vs__llm,civility,correctness,sigmoid,1,1.0,0.5982404264954404
l8sd704,Arthur__vs__llm,civility,correctness,sigmoid,1,0.95,0.5940947803391833
l9n2v2x,Arthur__vs__llm,civility,correctness,sigmoid,1,0.9,0.5839822767476407
l9i8eyp,Arthur__vs__llm,civility,correctness,sigmoid,1,0.9,0.5792387420124951
la7zmvh,Arthur__vs__llm,civility,correctness,sigmoid,1,0.9,0.5792387420124951
lb7t9ln,Arthur__vs__llm,civility,correctness,sigmoid,0,0.8,0.5692997232100904
lag2u2u,Arthur__vs__llm,civility,correctness,sigmoid,0,0.95,0.5940947803391833
lbgx156,Arthur__vs__llm,civility,correctness,sigmoid,0,0.95,0.5940947803391833
lbgvfbg,Arthur__vs__llm,civility,correctness,sigmoid,0,0.95,0.5894936487993974
l9mnxjh,Arthur__vs__llm,civility,correctness,sigmoid,1,0.95,0.5869434771124304
l9rlvrr,Arthur__vs__llm,civility,correctness,sigmoid,0,0.85,0.575202875273863
lblwjs6,Arthur__vs__llm,civility,correctness,sigmoid,1,0.95,0.5940947803391833
l9gucuu,Arthur__vs__llm,civility,correctness,sigmoid,1,0.95,0.5869434771124304
l90fwdz,Arthur__vs__llm,civility,correctness,sigmoid,1,1.0,0.5982404264954404
l9ey7ss,Arthur__vs__llm,civility,correctness,sigmoid,1,0.95,0.5869434771124304
l9x07o6,Arthur__vs__llm,civility,correctness,sigmoid,1,1.0,0.5970339903823871
l9yrplw,Arthur__vs__llm,civility,correctness,sigmoid,1,0.95,0.5894936487993974
lb7jzoh,Arthur__vs__llm,civility,correctness,sigmoid,1,0.95,0.5869434771124304
l9j2dld,Arthur__vs__llm,civility,correctness,sigmoid,1,0.9,0.5839822767476407
lbcdaqm,Arthur__vs__llm,civility,correctness,sigmoid,0,0.95,0.591130514421129
lac3nf6,Arthur__vs__llm,civility,correctness,sigmoid,1,1.0,0.6063277291557847
l9h1o8g,Arthur__vs__llm,civility,correctness,sigmoid,0,0.95,0.5894936487993974
lbhwgd2,Arthur__vs__llm,civility,correctness,sigmoid,1,0.95,0.5881651811754999
lakztne,Arthur__vs__llm,civility,correctness,sigmoid,1,0.95,0.5940947803391833
lakk0oc,Arthur__vs__llm,civility,correctness,sigmoid,0,0.95,0.591130514421129
lauxvzo,Arthur__vs__llm,civility,correctness,sigmoid,1,0.95,0.591130514421129
l8bjje6,Arthur__vs__llm,civility,correctness,sigmoid,0,0.95,0.5869434771124304
l9j2hie,Arthur__vs__llm,civility,correctness,sigmoid,0,0.95,0.5940947803391833
l98am7e,Arthur__vs__llm,civility,correctness,sigmoid,0,0.95,0.5881651811754999
l8byf87,Arthur__vs__llm,civility,correctness,sigmoid,1,0.9,0.5784601305426361
l93g2gp,Arthur__vs__llm,civility,correctness,sigmoid,1,0.95,0.591130514421129
l925p2k,Arthur__vs__llm,civility,correctness,sigmoid,1,0.9,0.5784601305426361
lb7d5nn,Arthur__vs__llm,civility,correctness,sigmoid,0,0.85,0.5702601883159418
l8xu7ix,Arthur__vs__llm,civility,correctness,sigmoid,1,0.9,0.5784601305426361
l9m36ns,Arthur__vs__llm,civility,correctness,sigmoid,0,0.85,0.575202875273863
lamdwg3,Arthur__vs__llm,civility,correctness,sigmoid,0,0.95,0.5940947803391833
lbnqk66,Arthur__vs__llm,civility,correctness,sigmoid,0,0.95,0.5894936487993974
l92ev0i,Arthur__vs__llm,civility,correctness,sigmoid,1,0.95,0.591130514421129
l9kzp7k,Arthur__vs__llm,civility,correctness,sigmoid,1,0.9,0.5792387420124951
ladusqz,Arthur__vs__llm,civility,correctness,sigmoid,1,0.95,0.5869434771124304
l85iaai,Arthur__vs__llm,civility,correctness,sigmoid,1,0.95,0.5881651811754999
larzixe,Arthur__vs__llm,civility,correctness,sigmoid,0,0.8,0.5692997232100904
lakr4r0,Arthur__vs__llm,civility,correctness,sigmoid,1,0.9,0.5817439234873738
la3fh2d,Arthur__vs__llm,civility,correctness,sigmoid,0,0.95,0.5869434771124304
laackev,Arthur__vs__llm,civility,correctness,sigmoid,0,0.95,0.5940947803391833
lbl8edv,Arthur__vs__llm,civility,correctness,sigmoid,1,0.9,0.5839822767476407
l8alzsf,Arthur__vs__llm,civility,correctness,sigmoid,0,0.95,0.5894936487993974
l97ffzg,Arthur__vs__llm,civility,correctness,sigmoid,1,0.9,0.5784601305426361
laejxyi,Arthur__vs__llm,civility,correctness,sigmoid,1,0.95,0.5881651811754999
l9mb2io,Arthur__vs__llm,civility,correctness,sigmoid,0,0.95,0.5894936487993974
l9zoaz9,Arthur__vs__llm,civility,correctness,sigmoid,0,0.95,0.5940947803391833
laddsag,Arthur__vs__llm,civility,correctness,sigmoid,1,0.9,0.5817439234873738
l9pkzi5,Arthur__vs__llm,civility,correctness,sigmoid,0,0.95,0.5881651811754999
l9lo63k,Arthur__vs__llm,civility,correctness,sigmoid,1,0.95,0.5894936487993974
l9ithe4,Arthur__vs__llm,civility,correctness,sigmoid,1,0.95,0.5869434771124304
lbirrmt,Arthur__vs__llm,civility,correctness,sigmoid,1,0.95,0.5940947803391833
l9etsuw,Arthur__vs__llm,civility,correctness,sigmoid,1,0.9,0.5784601305426361
l7zqqv1,Arthur__vs__llm,civility,correctness,sigmoid,1,0.95,0.591130514421129
l968z7u,Arthur__vs__llm,civility,correctness,sigmoid,1,0.95,0.5881651811754999
lata8x6,Arthur__vs__llm,civility,correctness,sigmoid,1,0.9,0.5810846548762066
lawus8i,Arthur__vs__llm,civility,correctness,sigmoid,1,0.95,0.5894936487993974
l947md5,Arthur__vs__llm,civility,correctness,sigmoid,0,0.95,0.5940947803391833
l8mxn3x,Arthur__vs__llm,civility,correctness,sigmoid,0,0.95,0.5869434771124304
l9mm30r,Arthur__vs__llm,civility,correctness,sigmoid,0,0.95,0.591130514421129
l8r27kz,Arthur__vs__llm,civility,correctness,sigmoid,1,0.9,0.5839822767476407
lbkj34u,Arthur__vs__llm,civility,correctness,sigmoid,0,0.95,0.5881651811754999
l8xhaay,Arthur__vs__llm,civility,correctness,sigmoid,1,1.0,0.6063277291557847
l9k6wsu,Arthur__vs__llm,civility,correctness,sigmoid,1,1.0,0.5982404264954404
l9z6228,Arthur__vs__llm,civility,correctness,sigmoid,0,0.95,0.5940947803391833
lb4d0t7,Arthur__vs__llm,civility,correctness,sigmoid,0,0.85,0.5702601883159418
ladhiz5,Arthur__vs__llm,civility,correctness,sigmoid,1,0.95,0.5940947803391833
l9oq9jh,Arthur__vs__llm,civility,correctness,sigmoid,1,0.95,0.5894936487993974
lbdqz6b,Arthur__vs__llm,civility,correctness,sigmoid,1,1.0,0.6004378526751719
l9g4laq,Arthur__vs__llm,civility,correctness,sigmoid,1,0.95,0.5881651811754999
l9lwe7h,Arthur__vs__llm,civility,correctness,sigmoid,0,0.95,0.5894936487993974
lb3e2s4,Arthur__vs__llm,civility,correctness,sigmoid,1,0.9,0.5792387420124951
la6lya2,Arthur__vs__llm,civility,correctness,sigmoid,1,0.95,0.5869434771124304
ladopo7,Arthur__vs__llm,civility,correctness,sigmoid,1,0.95,0.5869434771124304
l97xyqg,Arthur__vs__llm,civility,correctness,sigmoid,1,1.0,0.6004378526751719
l9t64uy,Arthur__vs__llm,civility,correctness,sigmoid,0,0.85,0.5673477099935275
la8p1yt,Arthur__vs__llm,civility,correctness,sigmoid,0,0.95,0.5940947803391833
l9n9txg,Arthur__vs__llm,civility,correctness,sigmoid,1,0.95,0.5940947803391833
l9p95z5,Arthur__vs__llm,civility,correctness,sigmoid,0,0.95,0.5881651811754999
l89b3id,Arthur__vs__llm,civility,correctness,sigmoid,1,0.95,0.5940947803391833
laxl99q,Arthur__vs__llm,civility,correctness,sigmoid,1,0.95,0.5869434771124304
la31xp1,Arthur__vs__llm,civility,correctness,sigmoid,1,0.95,0.5881651811754999
la6gvel,Arthur__vs__llm,civility,correctness,sigmoid,0,0.95,0.5894936487993974
lbk23vy,Arthur__vs__llm,civility,correctness,sigmoid,0,0.95,0.5940947803391833
l9pdksg,Arthur__vs__llm,civility,correctness,sigmoid,1,0.9,0.5792387420124951
lax3tkk,Arthur__vs__llm,civility,correctness,sigmoid,0,0.95,0.5881651811754999
l9kniso,Arthur__vs__llm,civility,correctness,sigmoid,1,0.95,0.5894936487993974
l8qg3ev,Arthur__vs__llm,civility,correctness,sigmoid,1,0.9,0.5817439234873738
l8xvus5,Arthur__vs__llm,civility,correctness,sigmoid,1,1.0,0.5982404264954404
lbg26yh,Arthur__vs__llm,civility,correctness,sigmoid,0,0.8,0.5692997232100904
l8rzo0j,Arthur__vs__llm,civility,correctness,sigmoid,1,0.9,0.5792387420124951
l8awua9,Arthur__vs__llm,civility,correctness,sigmoid,1,0.95,0.5894936487993974
l99lagq,Arthur__vs__llm,civility,correctness,sigmoid,1,0.95,0.5940947803391833
l8qheky,Arthur__vs__llm,civility,correctness,sigmoid,0,0.95,0.591130514421129
l90lqvy,Arthur__vs__llm,civility,correctness,sigmoid,0,0.95,0.5940947803391833
l86v1rq,Arthur__vs__llm,civility,correctness,sigmoid,1,0.95,0.591130514421129
l9narp9,Arthur__vs__llm,civility,correctness,sigmoid,1,0.9,0.5817439234873738
lakv7lf,Arthur__vs__llm,civility,correctness,sigmoid,1,0.9,0.5817439234873738
l9wcq11,Arthur__vs__llm,civility,correctness,sigmoid,1,0.85,0.5673477099935275
l9fhq5a,Arthur__vs__llm,civility,correctness,sigmoid,0,0.95,0.5881651811754999
lb7n7qo,Arthur__vs__llm,civility,correctness,sigmoid,0,0.95,0.5881651811754999
lbhxkkz,Arthur__vs__llm,civility,correctness,sigmoid,0,0.95,0.591130514421129
l91x79i,Arthur__vs__llm,civility,correctness,sigmoid,0,0.95,0.5894936487993974
lb8ivrh,Arthur__vs__llm,civility,correctness,sigmoid,1,0.9,0.5784601305426361
lbihzb7,Arthur__vs__llm,civility,correctness,sigmoid,1,0.8,0.5692997232100904
larwml3,Arthur__vs__llm,civility,correctness,sigmoid,1,0.95,0.5894936487993974
l9g5enb,Arthur__vs__llm,civility,correctness,sigmoid,0,0.85,0.5767985368367162
l9ne5iw,Arthur__vs__llm,civility,correctness,sigmoid,1,0.9,0.5817439234873738
l8nw2ts,Arthur__vs__llm,civility,correctness,sigmoid,1,0.95,0.5940947803391833
lbg8gqk,Arthur__vs__llm,civility,correctness,sigmoid,0,0.8,0.5561671123950155
la63dhs,Arthur__vs__llm,civility,correctness,sigmoid,1,0.9,0.5817439234873738
l9o31o8,Arthur__vs__llm,civility,correctness,sigmoid,1,0.95,0.5894936487993974
la3bcqj,Arthur__vs__llm,civility,correctness,sigmoid,0,0.85,0.5702601883159418
lbjqq6a,Arthur__vs__llm,civility,correctness,sigmoid,1,0.9,0.5784601305426361
l9pet9y,Arthur__vs__llm,civility,correctness,sigmoid,0,0.85,0.5673477099935275
l9yw8ul,Arthur__vs__llm,civility,correctness,sigmoid,1,0.95,0.5869434771124304
l94psqu,Arthur__vs__llm,civility,correctness,sigmoid,0,0.85,0.5767985368367162
lao89vd,Arthur__vs__llm,civility,correctness,sigmoid,1,0.9,0.5792387420124951
lb4eob2,Arthur__vs__llm,civility,correctness,sigmoid,0,0.95,0.5894936487993974
l8hg49w,Arthur__vs__llm,civility,correctness,sigmoid,1,0.9,0.5784601305426361
lb4e4lq,Arthur__vs__llm,civility,correctness,sigmoid,0,0.95,0.591130514421129
lalrik8,Arthur__vs__llm,civility,correctness,sigmoid,0,0.8,0.5612351707791312
l8kvpnt,Arthur__vs__llm,civility,correctness,sigmoid,0,0.8,0.5612351707791312
lae63qs,Arthur__vs__llm,civility,correctness,sigmoid,1,0.9,0.5839822767476407
l8l72hd,Arthur__vs__llm,civility,correctness,sigmoid,1,0.9,0.5817439234873738
l8aosij,Arthur__vs__llm,civility,correctness,sigmoid,1,0.9,0.5839822767476407
la8jqoe,Arthur__vs__llm,civility,correctness,sigmoid,1,0.95,0.5881651811754999
l9uheza,Arthur__vs__llm,civility,correctness,sigmoid,0,0.95,0.591130514421129
lb8c54w,Arthur__vs__llm,civility,correctness,sigmoid,1,0.95,0.591130514421129
la70o2m,Arthur__vs__llm,civility,correctness,sigmoid,0,0.95,0.5869434771124304
lbix7mc,Arthur__vs__llm,civility,correctness,sigmoid,0,0.95,0.5894936487993974
l9gzvi5,Arthur__vs__llm,civility,correctness,sigmoid,1,0.95,0.5940947803391833
lawpxc2,Arthur__vs__llm,civility,correctness,sigmoid,1,0.95,0.5881651811754999
lae4urb,Arthur__vs__llm,civility,correctness,sigmoid,0,0.95,0.5940947803391833
lbhtco2,Arthur__vs__llm,civility,correctness,sigmoid,0,0.95,0.5894936487993974
laf7s3e,Arthur__vs__llm,civility,correctness,sigmoid,0,0.95,0.591130514421129
la1cgq1,Arthur__vs__llm,civility,correctness,sigmoid,0,0.95,0.591130514421129
la9w5ur,Arthur__vs__llm,civility,correctness,sigmoid,1,0.95,0.5894936487993974
l9mynwi,Arthur__vs__llm,civility,correctness,sigmoid,0,0.95,0.5881651811754999
lb047lv,Arthur__vs__llm,civility,correctness,sigmoid,1,1.0,0.5982404264954404
lag1dto,Arthur__vs__llm,civility,correctness,sigmoid,0,0.95,0.591130514421129
l8lrpme,Arthur__vs__llm,civility,correctness,sigmoid,1,0.9,0.5839822767476407
l9q15pl,Arthur__vs__llm,civility,correctness,sigmoid,0,0.95,0.5869434771124304
lac445k,Arthur__vs__llm,civility,correctness,sigmoid,1,0.95,0.591130514421129
l9t6dk7,Arthur__vs__llm,civility,correctness,sigmoid,0,0.95,0.5940947803391833
l7x3qxm,Arthur__vs__llm,civility,correctness,sigmoid,1,0.95,0.5869434771124304
l89mf4q,Arthur__vs__llm,civility,correctness,sigmoid,1,0.9,0.5810846548762066
lbl2mxj,Arthur__vs__llm,civility,correctness,sigmoid,0,0.95,0.591130514421129
l8b0jjc,Arthur__vs__llm,civility,correctness,sigmoid,1,0.95,0.5869434771124304
l8mwxqc,Arthur__vs__llm,civility,correctness,sigmoid,1,0.95,0.5869434771124304
l9p5x5n,Arthur__vs__llm,civility,correctness,sigmoid,1,1.0,0.6004378526751719
l7wbd3w,Arthur__vs__llm,civility,correctness,sigmoid,1,0.9,0.5810846548762066
l8a48iz,Arthur__vs__llm,civility,correctness,sigmoid,1,0.9,0.5817439234873738
l8s0n8l,Arthur__vs__llm,civility,correctness,sigmoid,0,0.95,0.5940947803391833
l8l6enl,Arthur__vs__llm,civility,correctness,sigmoid,1,0.95,0.5881651811754999
laf27da,Arthur__vs__llm,civility,correctness,sigmoid,0,0.95,0.591130514421129
l9n2a6w,Arthur__vs__llm,civility,correctness,sigmoid,0,0.95,0.591130514421129
l7z95u8,Arthur__vs__llm,civility,correctness,sigmoid,0,0.95,0.5869434771124304
lbnqeon,Arthur__vs__llm,civility,correctness,sigmoid,0,0.85,0.5702601883159418
l91o73m,Arthur__vs__llm,civility,correctness,sigmoid,1,0.95,0.5940947803391833
l7whtys,Arthur__vs__llm,civility,correctness,sigmoid,1,0.8,0.5561671123950155
lbikhto,Arthur__vs__llm,civility,correctness,sigmoid,0,0.95,0.5894936487993974
l9yt1eq,Arthur__vs__llm,civility,correctness,sigmoid,0,0.95,0.5940947803391833
ladkivx,Arthur__vs__llm,civility,correctness,sigmoid,1,0.95,0.5869434771124304
l87xcd4,Arthur__vs__llm,civility,correctness,sigmoid,1,0.95,0.5881651811754999
la6oicy,Arthur__vs__llm,civility,correctness,sigmoid,0,0.95,0.5940947803391833
l85xyvb,Arthur__vs__llm,civility,correctness,sigmoid,0,0.95,0.5869434771124304
lblsr0b,Arthur__vs__llm,civility,correctness,sigmoid,1,0.9,0.5810846548762066
l94vp8y,Arthur__vs__llm,civility,correctness,sigmoid,1,0.95,0.5940947803391833
lb7wfmu,Arthur__vs__llm,civility,correctness,sigmoid,1,0.95,0.5869434771124304
lbcyx3n,Arthur__vs__llm,civility,correctness,isotonic,1,1.0,0.999999
l9b1r7k,Arthur__vs__llm,civility,correctness,isotonic,0,0.95,0.6200873362445415
l9nfu9z,Arthur__vs__llm,civility,correctness,isotonic,1,0.9,0.6008771929824561
lbhwjs2,Arthur__vs__llm,civility,correctness,isotonic,1,0.95,0.6200873362445415
laineeu,Arthur__vs__llm,civility,correctness,isotonic,1,0.95,0.5991379310344828
l923179,Arthur__vs__llm,civility,correctness,isotonic,0,0.95,0.6186440677966102
lbjwb52,Arthur__vs__llm,civility,correctness,isotonic,0,0.95,0.6186440677966102
l9z5iy3,Arthur__vs__llm,civility,correctness,isotonic,0,0.95,0.6200873362445415
l7z98qx,Arthur__vs__llm,civility,correctness,isotonic,1,0.9,0.6186440677966102
laxa4t8,Arthur__vs__llm,civility,correctness,isotonic,0,0.8,0.19047619047619047
l8ba67x,Arthur__vs__llm,civility,correctness,isotonic,0,0.8,0.20588235294117646
l9ljx88,Arthur__vs__llm,civility,correctness,isotonic,0,0.95,0.6210045662100456
l9rnibl,Arthur__vs__llm,civility,correctness,isotonic,1,0.95,0.6008771929824561
l9fjlfi,Arthur__vs__llm,civility,correctness,isotonic,0,0.8,0.15625
lalisq9,Arthur__vs__llm,civility,correctness,isotonic,1,0.9,0.5991379310344828
la0bxuy,Arthur__vs__llm,civility,correctness,isotonic,1,0.95,0.6186440677966102
l9inr0v,Arthur__vs__llm,civility,correctness,isotonic,0,0.85,0.15625
l7yh6qg,Arthur__vs__llm,civility,correctness,isotonic,1,1.0,0.999999
lag7ebe,Arthur__vs__llm,civility,correctness,isotonic,0,0.95,0.6008771929824561
l9lwm2m,Arthur__vs__llm,civility,correctness,isotonic,1,0.9,0.6186440677966102
l9eq96t,Arthur__vs__llm,civility,correctness,isotonic,1,0.95,0.6210045662100456
l8gl5i9,Arthur__vs__llm,civility,correctness,isotonic,1,0.9,0.6008771929824561
l9ne2u8,Arthur__vs__llm,civility,correctness,isotonic,0,0.95,0.6210045662100456
lazn9pa,Arthur__vs__llm,civility,correctness,isotonic,1,0.9,0.6186440677966102
lae34w9,Arthur__vs__llm,civility,correctness,isotonic,0,0.95,0.6008771929824561
lax2gzs,Arthur__vs__llm,civility,correctness,isotonic,1,0.95,0.6210045662100456
l9lnt1s,Arthur__vs__llm,civility,correctness,isotonic,0,0.95,0.6210045662100456
lae0vng,Arthur__vs__llm,civility,correctness,isotonic,0,0.95,0.6186440677966102
l886669,Arthur__vs__llm,civility,correctness,isotonic,0,0.8,0.15625
l9gowa9,Arthur__vs__llm,civility,correctness,isotonic,1,0.9,0.5991379310344828
l9aobkr,Arthur__vs__llm,civility,correctness,isotonic,1,0.95,0.6210045662100456
l9yl3tw,Arthur__vs__llm,civility,correctness,isotonic,0,0.95,0.5991379310344828
l9pj2n8,Arthur__vs__llm,civility,correctness,isotonic,1,0.95,0.6186440677966102
l8knznf,Arthur__vs__llm,civility,correctness,isotonic,0,0.95,0.6210045662100456
lagmpvf,Arthur__vs__llm,civility,correctness,isotonic,0,0.95,0.6200873362445415
l9ls0sc,Arthur__vs__llm,civility,correctness,isotonic,1,0.9,0.6210045662100456
l8rvj1h,Arthur__vs__llm,civility,correctness,isotonic,0,0.85,0.21875
l86t1mv,Arthur__vs__llm,civility,correctness,isotonic,1,0.9,0.5991379310344828
l9rbctp,Arthur__vs__llm,civility,correctness,isotonic,0,0.95,0.6008771929824561
lal3dx3,Arthur__vs__llm,civility,correctness,isotonic,1,0.9,0.6200873362445415
l88ucpt,Arthur__vs__llm,civility,correctness,isotonic,1,0.9,0.5991379310344828
lam50or,Arthur__vs__llm,civility,correctness,isotonic,0,0.95,0.5991379310344828
l96lqud,Arthur__vs__llm,civility,correctness,isotonic,1,0.95,0.6210045662100456
l9oapl9,Arthur__vs__llm,civility,correctness,isotonic,1,0.95,0.5991379310344828
l98ll5k,Arthur__vs__llm,civility,correctness,isotonic,1,0.9,0.5991379310344828
l9blfe7,Arthur__vs__llm,civility,correctness,isotonic,0,0.95,0.6200873362445415
l9o23yd,Arthur__vs__llm,civility,correctness,isotonic,0,0.85,0.21875
l9ok0zv,Arthur__vs__llm,civility,correctness,isotonic,1,1.0,0.999999
l9n3htm,Arthur__vs__llm,civility,correctness,isotonic,1,0.95,0.6008771929824561
l91quzy,Arthur__vs__llm,civility,correctness,isotonic,1,1.0,0.999999
l9ugy18,Arthur__vs__llm,civility,correctness,isotonic,0,0.95,0.6210045662100456
l9i9acx,Arthur__vs__llm,civility,correctness,isotonic,0,0.95,0.6210045662100456
l91eqfs,Arthur__vs__llm,civility,correctness,isotonic,1,0.9,0.6008771929824561
l929z0f,Arthur__vs__llm,civility,correctness,isotonic,1,1.0,0.999999
l9wqlfk,Arthur__vs__llm,civility,correctness,isotonic,0,0.95,0.6186440677966102
l9ud3dv,Arthur__vs__llm,civility,correctness,isotonic,0,0.95,0.6186440677966102
la4xvvf,Arthur__vs__llm,civility,correctness,isotonic,0,0.85,0.19047619047619047
l958g2o,Arthur__vs__llm,civility,correctness,isotonic,0,0.95,0.6210045662100456
l9nj4dq,Arthur__vs__llm,civility,correctness,isotonic,1,0.95,0.6210045662100456
labtd52,Arthur__vs__llm,civility,correctness,isotonic,1,0.95,0.6186440677966102
l9r5y4i,Arthur__vs__llm,civility,correctness,isotonic,1,0.95,0.6200873362445415
l9j37bz,Arthur__vs__llm,civility,correctness,isotonic,1,0.95,0.6200873362445415
l7zd8sv,Arthur__vs__llm,civility,correctness,isotonic,0,0.95,0.6200873362445415
la4o8tp,Arthur__vs__llm,civility,correctness,isotonic,1,0.9,0.5991379310344828
l9z7iji,Arthur__vs__llm,civility,correctness,isotonic,1,0.8,0.15625
l9mo64d,Arthur__vs__llm,civility,correctness,isotonic,1,0.95,0.5991379310344828
lbbacwk,Arthur__vs__llm,civility,correctness,isotonic,1,0.95,0.6186440677966102
l852mv7,Arthur__vs__llm,civility,correctness,isotonic,0,0.95,0.6210045662100456
lbc8weg,Arthur__vs__llm,civility,correctness,isotonic,0,0.85,0.1388888888888889
l9enz5u,Arthur__vs__llm,civility,correctness,isotonic,0,0.85,0.15625
la88e0d,Arthur__vs__llm,civility,correctness,isotonic,1,0.95,0.6210045662100456
lb4f62l,Arthur__vs__llm,civility,correctness,isotonic,1,0.9,0.6200873362445415
l8cc35d,Arthur__vs__llm,civility,correctness,isotonic,0,0.95,0.6210045662100456
l8s749m,Arthur__vs__llm,civility,correctness,isotonic,0,0.85,0.21875
l9l6lq8,Arthur__vs__llm,civility,correctness,isotonic,1,0.95,0.5991379310344828
laeesl4,Arthur__vs__llm,civility,correctness,isotonic,0,0.95,0.6008771929824561
lagn373,Arthur__vs__llm,civility,correctness,isotonic,1,0.9,0.6200873362445415
la5g88p,Arthur__vs__llm,civility,correctness,isotonic,0,0.95,0.6008771929824561
l921g4w,Arthur__vs__llm,civility,correctness,isotonic,0,0.85,0.15625
l9dml7h,Arthur__vs__llm,civility,correctness,isotonic,1,0.95,0.6210045662100456
lb0x5j6,Arthur__vs__llm,civility,correctness,isotonic,0,0.95,0.6186440677966102
l9mo5vr,Arthur__vs__llm,civility,correctness,isotonic,0,0.95,0.5991379310344828
l99jy55,Arthur__vs__llm,civility,correctness,isotonic,1,0.95,0.5991379310344828
laiyyxz,Arthur__vs__llm,civility,correctness,isotonic,0,0.95,0.5991379310344828
l9iz6ys,Arthur__vs__llm,civility,correctness,isotonic,1,0.95,0.6210045662100456
laocd8d,Arthur__vs__llm,civility,correctness,isotonic,1,0.95,0.6200873362445415
laduen4,Arthur__vs__llm,civility,correctness,isotonic,1,0.9,0.6200873362445415
l8qfoy3,Arthur__vs__llm,civility,correctness,isotonic,0,0.95,0.6008771929824561
lb24ml0,Arthur__vs__llm,civility,correctness,isotonic,1,0.9,0.6210045662100456
l9cdn11,Arthur__vs__llm,civility,correctness,isotonic,0,0.95,0.6186440677966102
lbm6akp,Arthur__vs__llm,civility,correctness,isotonic,1,0.95,0.6210045662100456
lackr2s,Arthur__vs__llm,civility,correctness,isotonic,1,0.9,0.6008771929824561
l9lzpbk,Arthur__vs__llm,civility,correctness,isotonic,1,0.95,0.6008771929824561
l89s229,Arthur__vs__llm,civility,correctness,isotonic,1,0.95,0.6200873362445415
l9lhgmk,Arthur__vs__llm,civility,correctness,isotonic,1,0.95,0.6210045662100456
l87q6d4,Arthur__vs__llm,civility,correctness,isotonic,1,0.95,0.6008771929824561
l99k57x,Arthur__vs__llm,civility,correctness,isotonic,1,0.95,0.6008771929824561
lbipeiw,Arthur__vs__llm,civility,correctness,isotonic,1,0.95,0.6200873362445415
ladoc4w,Arthur__vs__llm,civility,correctness,isotonic,1,1.0,0.999999
la035bq,Arthur__vs__llm,civility,correctness,isotonic,0,0.85,0.20588235294117646
l9kooj0,Arthur__vs__llm,civility,correctness,isotonic,1,0.95,0.6210045662100456
l9n6d1s,Arthur__vs__llm,civility,correctness,isotonic,1,1.0,0.999999
la2y5mq,Arthur__vs__llm,civility,correctness,isotonic,1,0.9,0.6008771929824561
ladvrj9,Arthur__vs__llm,civility,correctness,isotonic,1,0.9,0.6186440677966102
lagdq9c,Arthur__vs__llm,civility,correctness,isotonic,1,0.9,0.6200873362445415
l9mjovr,Arthur__vs__llm,civility,correctness,isotonic,1,0.95,0.6186440677966102
l9nsxmj,Arthur__vs__llm,civility,correctness,isotonic,0,0.95,0.6200873362445415
lb04ydk,Arthur__vs__llm,civility,correctness,isotonic,1,1.0,0.999999
lam9gor,Arthur__vs__llm,civility,correctness,isotonic,1,0.95,0.6186440677966102
l9l6or5,Arthur__vs__llm,civility,correctness,isotonic,0,0.85,0.20588235294117646
laz2tx3,Arthur__vs__llm,civility,correctness,isotonic,0,0.8,0.15625
l95b4im,Arthur__vs__llm,civility,correctness,isotonic,0,0.95,0.5991379310344828
l8y5s8g,Arthur__vs__llm,civility,correctness,isotonic,1,0.95,0.5991379310344828
laggm72,Arthur__vs__llm,civility,correctness,isotonic,0,0.85,0.21875
l8y3oft,Arthur__vs__llm,civility,correctness,isotonic,1,0.9,0.6210045662100456
l815359,Arthur__vs__llm,civility,correctness,isotonic,0,0.95,0.6200873362445415
l8cymda,Arthur__vs__llm,civility,correctness,isotonic,1,0.9,0.6008771929824561
lbmadit,Arthur__vs__llm,civility,correctness,isotonic,1,0.8,0.20588235294117646
l9jj223,Arthur__vs__llm,civility,correctness,isotonic,1,1.0,0.999999
lbnrkxv,Arthur__vs__llm,civility,correctness,isotonic,0,0.95,0.6210045662100456
l9ra8bu,Arthur__vs__llm,civility,correctness,isotonic,0,0.95,0.6008771929824561
l8zf2fq,Arthur__vs__llm,civility,correctness,isotonic,1,0.95,0.6008771929824561
l8bst7l,Arthur__vs__llm,civility,correctness,isotonic,1,1.0,0.999999
l9j1tr2,Arthur__vs__llm,civility,correctness,isotonic,0,0.95,0.5991379310344828
l9mi4kc,Arthur__vs__llm,civility,correctness,isotonic,0,0.95,0.5991379310344828
lahlnqd,Arthur__vs__llm,civility,correctness,isotonic,1,0.9,0.6200873362445415
ladhuar,Arthur__vs__llm,civility,correctness,isotonic,1,0.95,0.5991379310344828
l99m6yn,Arthur__vs__llm,civility,correctness,isotonic,1,0.85,0.15625
l94my7l,Arthur__vs__llm,civility,correctness,isotonic,1,0.95,0.6200873362445415
lado83d,Arthur__vs__llm,civility,correctness,isotonic,1,0.9,0.5991379310344828
l97u9q3,Arthur__vs__llm,civility,correctness,isotonic,1,0.95,0.6210045662100456
l9p7a2l,Arthur__vs__llm,civility,correctness,isotonic,0,0.95,0.5991379310344828
la87lox,Arthur__vs__llm,civility,correctness,isotonic,1,0.9,0.6200873362445415
lbg0fzq,Arthur__vs__llm,civility,correctness,isotonic,1,0.9,0.6008771929824561
l9m6q26,Arthur__vs__llm,civility,correctness,isotonic,0,0.95,0.6200873362445415
lbc9ztp,Arthur__vs__llm,civility,correctness,isotonic,1,0.8,0.15625
l9dxpci,Arthur__vs__llm,civility,correctness,isotonic,1,0.95,0.6200873362445415
lavm74r,Arthur__vs__llm,civility,correctness,isotonic,1,0.9,0.6210045662100456
lafv6th,Arthur__vs__llm,civility,correctness,isotonic,0,0.95,0.6200873362445415
lbgmc1v,Arthur__vs__llm,civility,correctness,isotonic,0,0.95,0.6210045662100456
lbgupf7,Arthur__vs__llm,civility,correctness,isotonic,1,0.95,0.6008771929824561
lal0e50,Arthur__vs__llm,civility,correctness,isotonic,0,0.95,0.6200873362445415
laiabc5,Arthur__vs__llm,civility,correctness,isotonic,0,0.8,0.1388888888888889
l9sraag,Arthur__vs__llm,civility,correctness,isotonic,1,0.95,0.6186440677966102
lbc9ybp,Arthur__vs__llm,civility,correctness,isotonic,1,0.9,0.5991379310344828
l82o91p,Arthur__vs__llm,civility,correctness,isotonic,0,0.95,0.5991379310344828
l9kj0w5,Arthur__vs__llm,civility,correctness,isotonic,1,0.9,0.6210045662100456
l9xpw08,Arthur__vs__llm,civility,correctness,isotonic,1,0.9,0.6008771929824561
l85qgnp,Arthur__vs__llm,civility,correctness,isotonic,1,1.0,0.999999
lb4eg7g,Arthur__vs__llm,civility,correctness,isotonic,1,0.85,0.1388888888888889
la8zggn,Arthur__vs__llm,civility,correctness,isotonic,1,0.95,0.6186440677966102
lb7hb5m,Arthur__vs__llm,civility,correctness,isotonic,0,0.95,0.6200873362445415
l9hw9kq,Arthur__vs__llm,civility,correctness,isotonic,0,0.95,0.6008771929824561
l9pobdn,Arthur__vs__llm,civility,correctness,isotonic,0,0.95,0.6200873362445415
l8aceqo,Arthur__vs__llm,civility,correctness,isotonic,1,0.9,0.5991379310344828
lbm8q3d,Arthur__vs__llm,civility,correctness,isotonic,1,0.9,0.5991379310344828
lb5jfj3,Arthur__vs__llm,civility,correctness,isotonic,1,1.0,0.999999
la3zobt,Arthur__vs__llm,civility,correctness,isotonic,1,0.95,0.6186440677966102
lbc93br,Arthur__vs__llm,civility,correctness,isotonic,0,0.95,0.5991379310344828
l84ewxa,Arthur__vs__llm,civility,correctness,isotonic,1,0.9,0.6008771929824561
l95jgxs,Arthur__vs__llm,civility,correctness,isotonic,0,0.85,0.21875
laf3322,Arthur__vs__llm,civility,correctness,isotonic,0,0.8,0.21875
lbmgukc,Arthur__vs__llm,civility,correctness,isotonic,0,0.95,0.6008771929824561
l9s2edv,Arthur__vs__llm,civility,correctness,isotonic,1,1.0,0.999999
l98scdm,Arthur__vs__llm,civility,correctness,isotonic,1,0.95,0.6200873362445415
l9co9nz,Arthur__vs__llm,civility,correctness,isotonic,0,0.95,0.5991379310344828
lbcjpc9,Arthur__vs__llm,civility,correctness,isotonic,1,0.9,0.6008771929824561
l7zkr3u,Arthur__vs__llm,civility,correctness,isotonic,1,0.9,0.6186440677966102
l9pxej9,Arthur__vs__llm,civility,correctness,isotonic,1,1.0,0.999999
lbmiyxc,Arthur__vs__llm,civility,correctness,isotonic,1,0.9,0.6008771929824561
lbdptwc,Arthur__vs__llm,civility,correctness,isotonic,0,0.95,0.6186440677966102
lagsru7,Arthur__vs__llm,civility,correctness,isotonic,1,0.95,0.6008771929824561
l9lqko7,Arthur__vs__llm,civility,correctness,isotonic,1,0.95,0.6210045662100456
l94qfeu,Arthur__vs__llm,civility,correctness,isotonic,0,0.95,0.6008771929824561
lb4ffvc,Arthur__vs__llm,civility,correctness,isotonic,1,0.95,0.6186440677966102
lb7hlw8,Arthur__vs__llm,civility,correctness,isotonic,1,0.9,0.6008771929824561
l9o4m6t,Arthur__vs__llm,civility,correctness,isotonic,0,0.95,0.6210045662100456
ladjia1,Arthur__vs__llm,civility,correctness,isotonic,0,0.8,0.15625
l8j4faa,Arthur__vs__llm,civility,correctness,isotonic,1,0.95,0.6008771929824561
l9nldea,Arthur__vs__llm,civility,correctness,isotonic,0,0.95,0.6008771929824561
l7whu3g,Arthur__vs__llm,civility,correctness,isotonic,0,0.95,0.6008771929824561
lb3u7cv,Arthur__vs__llm,civility,correctness,isotonic,1,1.0,0.999999
l8sd704,Arthur__vs__llm,civility,correctness,isotonic,1,0.95,0.6210045662100456
l9n2v2x,Arthur__vs__llm,civility,correctness,isotonic,1,0.9,0.6186440677966102
l9i8eyp,Arthur__vs__llm,civility,correctness,isotonic,1,0.9,0.6008771929824561
la7zmvh,Arthur__vs__llm,civility,correctness,isotonic,1,0.9,0.6008771929824561
lb7t9ln,Arthur__vs__llm,civility,correctness,isotonic,0,0.8,0.21875
lag2u2u,Arthur__vs__llm,civility,correctness,isotonic,0,0.95,0.6210045662100456
lbgx156,Arthur__vs__llm,civility,correctness,isotonic,0,0.95,0.6210045662100456
lbgvfbg,Arthur__vs__llm,civility,correctness,isotonic,0,0.95,0.6200873362445415
l9mnxjh,Arthur__vs__llm,civility,correctness,isotonic,1,0.95,0.5991379310344828
l9rlvrr,Arthur__vs__llm,civility,correctness,isotonic,0,0.85,0.21875
lblwjs6,Arthur__vs__llm,civility,correctness,isotonic,1,0.95,0.6210045662100456
l9gucuu,Arthur__vs__llm,civility,correctness,isotonic,1,0.95,0.5991379310344828
l90fwdz,Arthur__vs__llm,civility,correctness,isotonic,1,1.0,0.999999
l9ey7ss,Arthur__vs__llm,civility,correctness,isotonic,1,0.95,0.5991379310344828
l9x07o6,Arthur__vs__llm,civility,correctness,isotonic,1,1.0,0.999999
l9yrplw,Arthur__vs__llm,civility,correctness,isotonic,1,0.95,0.6200873362445415
lb7jzoh,Arthur__vs__llm,civility,correctness,isotonic,1,0.95,0.5991379310344828
l9j2dld,Arthur__vs__llm,civility,correctness,isotonic,1,0.9,0.6186440677966102
lbcdaqm,Arthur__vs__llm,civility,correctness,isotonic,0,0.95,0.6186440677966102
lac3nf6,Arthur__vs__llm,civility,correctness,isotonic,1,1.0,0.999999
l9h1o8g,Arthur__vs__llm,civility,correctness,isotonic,0,0.95,0.6200873362445415
lbhwgd2,Arthur__vs__llm,civility,correctness,isotonic,1,0.95,0.6008771929824561
lakztne,Arthur__vs__llm,civility,correctness,isotonic,1,0.95,0.6210045662100456
lakk0oc,Arthur__vs__llm,civility,correctness,isotonic,0,0.95,0.6186440677966102
lauxvzo,Arthur__vs__llm,civility,correctness,isotonic,1,0.95,0.6186440677966102
l8bjje6,Arthur__vs__llm,civility,correctness,isotonic,0,0.95,0.5991379310344828
l9j2hie,Arthur__vs__llm,civility,correctness,isotonic,0,0.95,0.6210045662100456
l98am7e,Arthur__vs__llm,civility,correctness,isotonic,0,0.95,0.6008771929824561
l8byf87,Arthur__vs__llm,civility,correctness,isotonic,1,0.9,0.6200873362445415
l93g2gp,Arthur__vs__llm,civility,correctness,isotonic,1,0.95,0.6186440677966102
l925p2k,Arthur__vs__llm,civility,correctness,isotonic,1,0.9,0.6200873362445415
lb7d5nn,Arthur__vs__llm,civility,correctness,isotonic,0,0.85,0.20588235294117646
l8xu7ix,Arthur__vs__llm,civility,correctness,isotonic,1,0.9,0.6200873362445415
l9m36ns,Arthur__vs__llm,civility,correctness,isotonic,0,0.85,0.21875
lamdwg3,Arthur__vs__llm,civility,correctness,isotonic,0,0.95,0.6210045662100456
lbnqk66,Arthur__vs__llm,civility,correctness,isotonic,0,0.95,0.6200873362445415
l92ev0i,Arthur__vs__llm,civility,correctness,isotonic,1,0.95,0.6186440677966102
l9kzp7k,Arthur__vs__llm,civility,correctness,isotonic,1,0.9,0.6008771929824561
ladusqz,Arthur__vs__llm,civility,correctness,isotonic,1,0.95,0.5991379310344828
l85iaai,Arthur__vs__llm,civility,correctness,isotonic,1,0.95,0.6008771929824561
larzixe,Arthur__vs__llm,civility,correctness,isotonic,0,0.8,0.21875
lakr4r0,Arthur__vs__llm,civility,correctness,isotonic,1,0.9,0.6210045662100456
la3fh2d,Arthur__vs__llm,civility,correctness,isotonic,0,0.95,0.5991379310344828
laackev,Arthur__vs__llm,civility,correctness,isotonic,0,0.95,0.6210045662100456
lbl8edv,Arthur__vs__llm,civility,correctness,isotonic,1,0.9,0.6186440677966102
l8alzsf,Arthur__vs__llm,civility,correctness,isotonic,0,0.95,0.6200873362445415
l97ffzg,Arthur__vs__llm,civility,correctness,isotonic,1,0.9,0.6200873362445415
laejxyi,Arthur__vs__llm,civility,correctness,isotonic,1,0.95,0.6008771929824561
l9mb2io,Arthur__vs__llm,civility,correctness,isotonic,0,0.95,0.6200873362445415
l9zoaz9,Arthur__vs__llm,civility,correctness,isotonic,0,0.95,0.6210045662100456
laddsag,Arthur__vs__llm,civility,correctness,isotonic,1,0.9,0.6210045662100456
l9pkzi5,Arthur__vs__llm,civility,correctness,isotonic,0,0.95,0.6008771929824561
l9lo63k,Arthur__vs__llm,civility,correctness,isotonic,1,0.95,0.6200873362445415
l9ithe4,Arthur__vs__llm,civility,correctness,isotonic,1,0.95,0.5991379310344828
lbirrmt,Arthur__vs__llm,civility,correctness,isotonic,1,0.95,0.6210045662100456
l9etsuw,Arthur__vs__llm,civility,correctness,isotonic,1,0.9,0.6200873362445415
l7zqqv1,Arthur__vs__llm,civility,correctness,isotonic,1,0.95,0.6186440677966102
l968z7u,Arthur__vs__llm,civility,correctness,isotonic,1,0.95,0.6008771929824561
lata8x6,Arthur__vs__llm,civility,correctness,isotonic,1,0.9,0.5991379310344828
lawus8i,Arthur__vs__llm,civility,correctness,isotonic,1,0.95,0.6200873362445415
l947md5,Arthur__vs__llm,civility,correctness,isotonic,0,0.95,0.6210045662100456
l8mxn3x,Arthur__vs__llm,civility,correctness,isotonic,0,0.95,0.5991379310344828
l9mm30r,Arthur__vs__llm,civility,correctness,isotonic,0,0.95,0.6186440677966102
l8r27kz,Arthur__vs__llm,civility,correctness,isotonic,1,0.9,0.6186440677966102
lbkj34u,Arthur__vs__llm,civility,correctness,isotonic,0,0.95,0.6008771929824561
l8xhaay,Arthur__vs__llm,civility,correctness,isotonic,1,1.0,0.999999
l9k6wsu,Arthur__vs__llm,civility,correctness,isotonic,1,1.0,0.999999
l9z6228,Arthur__vs__llm,civility,correctness,isotonic,0,0.95,0.6210045662100456
lb4d0t7,Arthur__vs__llm,civility,correctness,isotonic,0,0.85,0.20588235294117646
ladhiz5,Arthur__vs__llm,civility,correctness,isotonic,1,0.95,0.6210045662100456
l9oq9jh,Arthur__vs__llm,civility,correctness,isotonic,1,0.95,0.6200873362445415
lbdqz6b,Arthur__vs__llm,civility,correctness,isotonic,1,1.0,0.999999
l9g4laq,Arthur__vs__llm,civility,correctness,isotonic,1,0.95,0.6008771929824561
l9lwe7h,Arthur__vs__llm,civility,correctness,isotonic,0,0.95,0.6200873362445415
lb3e2s4,Arthur__vs__llm,civility,correctness,isotonic,1,0.9,0.6008771929824561
la6lya2,Arthur__vs__llm,civility,correctness,isotonic,1,0.95,0.5991379310344828
ladopo7,Arthur__vs__llm,civility,correctness,isotonic,1,0.95,0.5991379310344828
l97xyqg,Arthur__vs__llm,civility,correctness,isotonic,1,1.0,0.999999
l9t64uy,Arthur__vs__llm,civility,correctness,isotonic,0,0.85,0.1388888888888889
la8p1yt,Arthur__vs__llm,civility,correctness,isotonic,0,0.95,0.6210045662100456
l9n9txg,Arthur__vs__llm,civility,correctness,isotonic,1,0.95,0.6210045662100456
l9p95z5,Arthur__vs__llm,civility,correctness,isotonic,0,0.95,0.6008771929824561
l89b3id,Arthur__vs__llm,civility,correctness,isotonic,1,0.95,0.6210045662100456
laxl99q,Arthur__vs__llm,civility,correctness,isotonic,1,0.95,0.5991379310344828
la31xp1,Arthur__vs__llm,civility,correctness,isotonic,1,0.95,0.6008771929824561
la6gvel,Arthur__vs__llm,civility,correctness,isotonic,0,0.95,0.6200873362445415
lbk23vy,Arthur__vs__llm,civility,correctness,isotonic,0,0.95,0.6210045662100456
l9pdksg,Arthur__vs__llm,civility,correctness,isotonic,1,0.9,0.6008771929824561
lax3tkk,Arthur__vs__llm,civility,correctness,isotonic,0,0.95,0.6008771929824561
l9kniso,Arthur__vs__llm,civility,correctness,isotonic,1,0.95,0.6200873362445415
l8qg3ev,Arthur__vs__llm,civility,correctness,isotonic,1,0.9,0.6210045662100456
l8xvus5,Arthur__vs__llm,civility,correctness,isotonic,1,1.0,0.999999
lbg26yh,Arthur__vs__llm,civility,correctness,isotonic,0,0.8,0.21875
l8rzo0j,Arthur__vs__llm,civility,correctness,isotonic,1,0.9,0.6008771929824561
l8awua9,Arthur__vs__llm,civility,correctness,isotonic,1,0.95,0.6200873362445415
l99lagq,Arthur__vs__llm,civility,correctness,isotonic,1,0.95,0.6210045662100456
l8qheky,Arthur__vs__llm,civility,correctness,isotonic,0,0.95,0.6186440677966102
l90lqvy,Arthur__vs__llm,civility,correctness,isotonic,0,0.95,0.6210045662100456
l86v1rq,Arthur__vs__llm,civility,correctness,isotonic,1,0.95,0.6186440677966102
l9narp9,Arthur__vs__llm,civility,correctness,isotonic,1,0.9,0.6210045662100456
lakv7lf,Arthur__vs__llm,civility,correctness,isotonic,1,0.9,0.6210045662100456
l9wcq11,Arthur__vs__llm,civility,correctness,isotonic,1,0.85,0.1388888888888889
l9fhq5a,Arthur__vs__llm,civility,correctness,isotonic,0,0.95,0.6008771929824561
lb7n7qo,Arthur__vs__llm,civility,correctness,isotonic,0,0.95,0.6008771929824561
lbhxkkz,Arthur__vs__llm,civility,correctness,isotonic,0,0.95,0.6186440677966102
l91x79i,Arthur__vs__llm,civility,correctness,isotonic,0,0.95,0.6200873362445415
lb8ivrh,Arthur__vs__llm,civility,correctness,isotonic,1,0.9,0.6200873362445415
lbihzb7,Arthur__vs__llm,civility,correctness,isotonic,1,0.8,0.21875
larwml3,Arthur__vs__llm,civility,correctness,isotonic,1,0.95,0.6200873362445415
l9g5enb,Arthur__vs__llm,civility,correctness,isotonic,0,0.85,0.15625
l9ne5iw,Arthur__vs__llm,civility,correctness,isotonic,1,0.9,0.6210045662100456
l8nw2ts,Arthur__vs__llm,civility,correctness,isotonic,1,0.95,0.6210045662100456
lbg8gqk,Arthur__vs__llm,civility,correctness,isotonic,0,0.8,0.1388888888888889
la63dhs,Arthur__vs__llm,civility,correctness,isotonic,1,0.9,0.6210045662100456
l9o31o8,Arthur__vs__llm,civility,correctness,isotonic,1,0.95,0.6200873362445415
la3bcqj,Arthur__vs__llm,civility,correctness,isotonic,0,0.85,0.20588235294117646
lbjqq6a,Arthur__vs__llm,civility,correctness,isotonic,1,0.9,0.6200873362445415
l9pet9y,Arthur__vs__llm,civility,correctness,isotonic,0,0.85,0.1388888888888889
l9yw8ul,Arthur__vs__llm,civility,correctness,isotonic,1,0.95,0.5991379310344828
l94psqu,Arthur__vs__llm,civility,correctness,isotonic,0,0.85,0.15625
lao89vd,Arthur__vs__llm,civility,correctness,isotonic,1,0.9,0.6008771929824561
lb4eob2,Arthur__vs__llm,civility,correctness,isotonic,0,0.95,0.6200873362445415
l8hg49w,Arthur__vs__llm,civility,correctness,isotonic,1,0.9,0.6200873362445415
lb4e4lq,Arthur__vs__llm,civility,correctness,isotonic,0,0.95,0.6186440677966102
lalrik8,Arthur__vs__llm,civility,correctness,isotonic,0,0.8,0.20588235294117646
l8kvpnt,Arthur__vs__llm,civility,correctness,isotonic,0,0.8,0.20588235294117646
lae63qs,Arthur__vs__llm,civility,correctness,isotonic,1,0.9,0.6186440677966102
l8l72hd,Arthur__vs__llm,civility,correctness,isotonic,1,0.9,0.6210045662100456
l8aosij,Arthur__vs__llm,civility,correctness,isotonic,1,0.9,0.6186440677966102
la8jqoe,Arthur__vs__llm,civility,correctness,isotonic,1,0.95,0.6008771929824561
l9uheza,Arthur__vs__llm,civility,correctness,isotonic,0,0.95,0.6186440677966102
lb8c54w,Arthur__vs__llm,civility,correctness,isotonic,1,0.95,0.6186440677966102
la70o2m,Arthur__vs__llm,civility,correctness,isotonic,0,0.95,0.5991379310344828
lbix7mc,Arthur__vs__llm,civility,correctness,isotonic,0,0.95,0.6200873362445415
l9gzvi5,Arthur__vs__llm,civility,correctness,isotonic,1,0.95,0.6210045662100456
lawpxc2,Arthur__vs__llm,civility,correctness,isotonic,1,0.95,0.6008771929824561
lae4urb,Arthur__vs__llm,civility,correctness,isotonic,0,0.95,0.6210045662100456
lbhtco2,Arthur__vs__llm,civility,correctness,isotonic,0,0.95,0.6200873362445415
laf7s3e,Arthur__vs__llm,civility,correctness,isotonic,0,0.95,0.6186440677966102
la1cgq1,Arthur__vs__llm,civility,correctness,isotonic,0,0.95,0.6186440677966102
la9w5ur,Arthur__vs__llm,civility,correctness,isotonic,1,0.95,0.6200873362445415
l9mynwi,Arthur__vs__llm,civility,correctness,isotonic,0,0.95,0.6008771929824561
lb047lv,Arthur__vs__llm,civility,correctness,isotonic,1,1.0,0.999999
lag1dto,Arthur__vs__llm,civility,correctness,isotonic,0,0.95,0.6186440677966102
l8lrpme,Arthur__vs__llm,civility,correctness,isotonic,1,0.9,0.6186440677966102
l9q15pl,Arthur__vs__llm,civility,correctness,isotonic,0,0.95,0.5991379310344828
lac445k,Arthur__vs__llm,civility,correctness,isotonic,1,0.95,0.6186440677966102
l9t6dk7,Arthur__vs__llm,civility,correctness,isotonic,0,0.95,0.6210045662100456
l7x3qxm,Arthur__vs__llm,civility,correctness,isotonic,1,0.95,0.5991379310344828
l89mf4q,Arthur__vs__llm,civility,correctness,isotonic,1,0.9,0.5991379310344828
lbl2mxj,Arthur__vs__llm,civility,correctness,isotonic,0,0.95,0.6186440677966102
l8b0jjc,Arthur__vs__llm,civility,correctness,isotonic,1,0.95,0.5991379310344828
l8mwxqc,Arthur__vs__llm,civility,correctness,isotonic,1,0.95,0.5991379310344828
l9p5x5n,Arthur__vs__llm,civility,correctness,isotonic,1,1.0,0.999999
l7wbd3w,Arthur__vs__llm,civility,correctness,isotonic,1,0.9,0.5991379310344828
l8a48iz,Arthur__vs__llm,civility,correctness,isotonic,1,0.9,0.6210045662100456
l8s0n8l,Arthur__vs__llm,civility,correctness,isotonic,0,0.95,0.6210045662100456
l8l6enl,Arthur__vs__llm,civility,correctness,isotonic,1,0.95,0.6008771929824561
laf27da,Arthur__vs__llm,civility,correctness,isotonic,0,0.95,0.6186440677966102
l9n2a6w,Arthur__vs__llm,civility,correctness,isotonic,0,0.95,0.6186440677966102
l7z95u8,Arthur__vs__llm,civility,correctness,isotonic,0,0.95,0.5991379310344828
lbnqeon,Arthur__vs__llm,civility,correctness,isotonic,0,0.85,0.20588235294117646
l91o73m,Arthur__vs__llm,civility,correctness,isotonic,1,0.95,0.6210045662100456
l7whtys,Arthur__vs__llm,civility,correctness,isotonic,1,0.8,0.1388888888888889
lbikhto,Arthur__vs__llm,civility,correctness,isotonic,0,0.95,0.6200873362445415
l9yt1eq,Arthur__vs__llm,civility,correctness,isotonic,0,0.95,0.6210045662100456
ladkivx,Arthur__vs__llm,civility,correctness,isotonic,1,0.95,0.5991379310344828
l87xcd4,Arthur__vs__llm,civility,correctness,isotonic,1,0.95,0.6008771929824561
la6oicy,Arthur__vs__llm,civility,correctness,isotonic,0,0.95,0.6210045662100456
l85xyvb,Arthur__vs__llm,civility,correctness,isotonic,0,0.95,0.5991379310344828
lblsr0b,Arthur__vs__llm,civility,correctness,isotonic,1,0.9,0.5991379310344828
l94vp8y,Arthur__vs__llm,civility,correctness,isotonic,1,0.95,0.6210045662100456
lb7wfmu,Arthur__vs__llm,civility,correctness,isotonic,1,0.95,0.5991379310344828
lbcyx3n,Arthur__vs__llm,sarcasm,correctness,sigmoid,1,1.0,0.7739553621171175
l9b1r7k,Arthur__vs__llm,sarcasm,correctness,sigmoid,1,0.95,0.7625891318083257
l9nfu9z,Arthur__vs__llm,sarcasm,correctness,sigmoid,1,0.95,0.7625891318083257
lbhwjs2,Arthur__vs__llm,sarcasm,correctness,sigmoid,0,0.8,0.7252122836135284
laineeu,Arthur__vs__llm,sarcasm,correctness,sigmoid,1,0.95,0.7625888439206493
l923179,Arthur__vs__llm,sarcasm,correctness,sigmoid,1,0.95,0.7627154201039152
lbjwb52,Arthur__vs__llm,sarcasm,correctness,sigmoid,0,0.95,0.7627154201039152
l9z5iy3,Arthur__vs__llm,sarcasm,correctness,sigmoid,0,0.95,0.7625888439206493
l7z98qx,Arthur__vs__llm,sarcasm,correctness,sigmoid,1,0.95,0.7627154201039152
laxa4t8,Arthur__vs__llm,sarcasm,correctness,sigmoid,1,0.95,0.7621658352826673
l8ba67x,Arthur__vs__llm,sarcasm,correctness,sigmoid,0,0.95,0.7621658352826673
l9ljx88,Arthur__vs__llm,sarcasm,correctness,sigmoid,1,0.95,0.7662551487386017
l9rnibl,Arthur__vs__llm,sarcasm,correctness,sigmoid,1,0.95,0.7627154201039152
l9fjlfi,Arthur__vs__llm,sarcasm,correctness,sigmoid,0,0.9,0.7538986871896257
lalisq9,Arthur__vs__llm,sarcasm,correctness,sigmoid,1,0.95,0.7662551487386017
la0bxuy,Arthur__vs__llm,sarcasm,correctness,sigmoid,1,0.95,0.7625888439206493
l9inr0v,Arthur__vs__llm,sarcasm,correctness,sigmoid,0,0.95,0.7662551487386017
l7yh6qg,Arthur__vs__llm,sarcasm,correctness,sigmoid,1,0.95,0.7625891318083257
lag7ebe,Arthur__vs__llm,sarcasm,correctness,sigmoid,0,0.95,0.7625888439206493
l9lwm2m,Arthur__vs__llm,sarcasm,correctness,sigmoid,1,0.95,0.7662551487386017
l9eq96t,Arthur__vs__llm,sarcasm,correctness,sigmoid,0,0.8,0.7262886554148352
l8gl5i9,Arthur__vs__llm,sarcasm,correctness,sigmoid,1,0.95,0.7625888439206493
l9ne2u8,Arthur__vs__llm,sarcasm,correctness,sigmoid,1,0.95,0.7625891318083257
lazn9pa,Arthur__vs__llm,sarcasm,correctness,sigmoid,1,0.95,0.7627154201039152
lae34w9,Arthur__vs__llm,sarcasm,correctness,sigmoid,1,1.0,0.7739256163838231
lax2gzs,Arthur__vs__llm,sarcasm,correctness,sigmoid,1,0.95,0.7625891318083257
l9lnt1s,Arthur__vs__llm,sarcasm,correctness,sigmoid,0,0.9,0.751908475249195
lae0vng,Arthur__vs__llm,sarcasm,correctness,sigmoid,0,0.8,0.7261859837346151
l886669,Arthur__vs__llm,sarcasm,correctness,sigmoid,1,0.95,0.7625888439206493
l9gowa9,Arthur__vs__llm,sarcasm,correctness,sigmoid,1,0.95,0.7625888439206493
l9aobkr,Arthur__vs__llm,sarcasm,correctness,sigmoid,1,0.95,0.7625891318083257
l9yl3tw,Arthur__vs__llm,sarcasm,correctness,sigmoid,1,0.95,0.7621658352826673
l9pj2n8,Arthur__vs__llm,sarcasm,correctness,sigmoid,1,0.95,0.7621658352826673
l8knznf,Arthur__vs__llm,sarcasm,correctness,sigmoid,0,0.95,0.7625888439206493
lagmpvf,Arthur__vs__llm,sarcasm,correctness,sigmoid,0,0.95,0.7625891318083257
l9ls0sc,Arthur__vs__llm,sarcasm,correctness,sigmoid,1,0.95,0.7621658352826673
l8rvj1h,Arthur__vs__llm,sarcasm,correctness,sigmoid,1,0.95,0.7621658352826673
l86t1mv,Arthur__vs__llm,sarcasm,correctness,sigmoid,0,0.95,0.7625888439206493
l9rbctp,Arthur__vs__llm,sarcasm,correctness,sigmoid,1,0.95,0.7625891318083257
lal3dx3,Arthur__vs__llm,sarcasm,correctness,sigmoid,1,0.95,0.7627154201039152
l88ucpt,Arthur__vs__llm,sarcasm,correctness,sigmoid,1,0.95,0.7662551487386017
lam50or,Arthur__vs__llm,sarcasm,correctness,sigmoid,0,0.95,0.7627154201039152
l96lqud,Arthur__vs__llm,sarcasm,correctness,sigmoid,0,0.95,0.7621658352826673
l9oapl9,Arthur__vs__llm,sarcasm,correctness,sigmoid,1,0.95,0.7662551487386017
l98ll5k,Arthur__vs__llm,sarcasm,correctness,sigmoid,1,0.95,0.7627154201039152
l9blfe7,Arthur__vs__llm,sarcasm,correctness,sigmoid,1,0.95,0.7625891318083257
l9o23yd,Arthur__vs__llm,sarcasm,correctness,sigmoid,1,0.95,0.7627154201039152
l9n3htm,Arthur__vs__llm,sarcasm,correctness,sigmoid,1,0.95,0.7625888439206493
l91quzy,Arthur__vs__llm,sarcasm,correctness,sigmoid,1,0.95,0.7621658352826673
l9ugy18,Arthur__vs__llm,sarcasm,correctness,sigmoid,1,0.95,0.7625891318083257
l9i9acx,Arthur__vs__llm,sarcasm,correctness,sigmoid,1,0.95,0.7627154201039152
l91eqfs,Arthur__vs__llm,sarcasm,correctness,sigmoid,1,0.95,0.7625888439206493
l929z0f,Arthur__vs__llm,sarcasm,correctness,sigmoid,1,1.0,0.7744034137532002
l9wqlfk,Arthur__vs__llm,sarcasm,correctness,sigmoid,1,0.95,0.7625888439206493
l9ud3dv,Arthur__vs__llm,sarcasm,correctness,sigmoid,1,0.95,0.7625891318083257
la4xvvf,Arthur__vs__llm,sarcasm,correctness,sigmoid,1,0.95,0.7625888439206493
l958g2o,Arthur__vs__llm,sarcasm,correctness,sigmoid,1,0.95,0.7625891318083257
l9nj4dq,Arthur__vs__llm,sarcasm,correctness,sigmoid,1,0.95,0.7627154201039152
labtd52,Arthur__vs__llm,sarcasm,correctness,sigmoid,1,0.95,0.7662551487386017
l9r5y4i,Arthur__vs__llm,sarcasm,correctness,sigmoid,1,0.95,0.7621658352826673
l9j37bz,Arthur__vs__llm,sarcasm,correctness,sigmoid,1,0.95,0.7621658352826673
l7zd8sv,Arthur__vs__llm,sarcasm,correctness,sigmoid,1,0.95,0.7662551487386017
la4o8tp,Arthur__vs__llm,sarcasm,correctness,sigmoid,1,0.95,0.7621658352826673
l9mo64d,Arthur__vs__llm,sarcasm,correctness,sigmoid,1,0.95,0.7621658352826673
lbbacwk,Arthur__vs__llm,sarcasm,correctness,sigmoid,1,0.95,0.7625888439206493
l852mv7,Arthur__vs__llm,sarcasm,correctness,sigmoid,1,0.95,0.7621658352826673
lbc8weg,Arthur__vs__llm,sarcasm,correctness,sigmoid,1,0.95,0.7625891318083257
l9enz5u,Arthur__vs__llm,sarcasm,correctness,sigmoid,1,0.95,0.7662551487386017
la88e0d,Arthur__vs__llm,sarcasm,correctness,sigmoid,1,0.95,0.7627154201039152
lb4f62l,Arthur__vs__llm,sarcasm,correctness,sigmoid,1,0.95,0.7627154201039152
l8cc35d,Arthur__vs__llm,sarcasm,correctness,sigmoid,1,0.95,0.7625888439206493
l8s749m,Arthur__vs__llm,sarcasm,correctness,sigmoid,1,0.95,0.7621658352826673
l9l6lq8,Arthur__vs__llm,sarcasm,correctness,sigmoid,1,0.95,0.7625891318083257
laeesl4,Arthur__vs__llm,sarcasm,correctness,sigmoid,0,0.95,0.7625891318083257
lagn373,Arthur__vs__llm,sarcasm,correctness,sigmoid,1,0.95,0.7627154201039152
la5g88p,Arthur__vs__llm,sarcasm,correctness,sigmoid,1,0.95,0.7662551487386017
l921g4w,Arthur__vs__llm,sarcasm,correctness,sigmoid,1,0.95,0.7662551487386017
lb0x5j6,Arthur__vs__llm,sarcasm,correctness,sigmoid,1,0.95,0.7662551487386017
l9mo5vr,Arthur__vs__llm,sarcasm,correctness,sigmoid,0,0.95,0.7627154201039152
l99jy55,Arthur__vs__llm,sarcasm,correctness,sigmoid,0,0.8,0.7278960266552441
laiyyxz,Arthur__vs__llm,sarcasm,correctness,sigmoid,0,0.95,0.7625891318083257
l9iz6ys,Arthur__vs__llm,sarcasm,correctness,sigmoid,1,0.95,0.7625888439206493
laocd8d,Arthur__vs__llm,sarcasm,correctness,sigmoid,0,0.9,0.7506168857277391
laduen4,Arthur__vs__llm,sarcasm,correctness,sigmoid,0,0.95,0.7625891318083257
l8qfoy3,Arthur__vs__llm,sarcasm,correctness,sigmoid,0,0.95,0.7621658352826673
l9cdn11,Arthur__vs__llm,sarcasm,correctness,sigmoid,0,0.95,0.7621658352826673
lbm6akp,Arthur__vs__llm,sarcasm,correctness,sigmoid,1,0.95,0.7662551487386017
lackr2s,Arthur__vs__llm,sarcasm,correctness,sigmoid,1,0.95,0.7627154201039152
l9lzpbk,Arthur__vs__llm,sarcasm,correctness,sigmoid,1,0.95,0.7662551487386017
l89s229,Arthur__vs__llm,sarcasm,correctness,sigmoid,1,0.95,0.7625888439206493
l9lhgmk,Arthur__vs__llm,sarcasm,correctness,sigmoid,1,0.95,0.7621658352826673
l87q6d4,Arthur__vs__llm,sarcasm,correctness,sigmoid,1,0.95,0.7625888439206493
l99k57x,Arthur__vs__llm,sarcasm,correctness,sigmoid,0,0.9,0.7508347733130679
lbipeiw,Arthur__vs__llm,sarcasm,correctness,sigmoid,1,0.95,0.7662551487386017
ladoc4w,Arthur__vs__llm,sarcasm,correctness,sigmoid,1,0.95,0.7627154201039152
la035bq,Arthur__vs__llm,sarcasm,correctness,sigmoid,1,0.95,0.7662551487386017
l9kooj0,Arthur__vs__llm,sarcasm,correctness,sigmoid,1,0.95,0.7621658352826673
l9n6d1s,Arthur__vs__llm,sarcasm,correctness,sigmoid,1,0.95,0.7625888439206493
la2y5mq,Arthur__vs__llm,sarcasm,correctness,sigmoid,1,0.95,0.7627154201039152
ladvrj9,Arthur__vs__llm,sarcasm,correctness,sigmoid,1,0.95,0.7625888439206493
lagdq9c,Arthur__vs__llm,sarcasm,correctness,sigmoid,1,0.95,0.7625891318083257
l9mjovr,Arthur__vs__llm,sarcasm,correctness,sigmoid,1,0.95,0.7627154201039152
l9nsxmj,Arthur__vs__llm,sarcasm,correctness,sigmoid,1,0.95,0.7621658352826673
lb04ydk,Arthur__vs__llm,sarcasm,correctness,sigmoid,1,0.95,0.7621658352826673
lam9gor,Arthur__vs__llm,sarcasm,correctness,sigmoid,1,0.95,0.7621658352826673
l9l6or5,Arthur__vs__llm,sarcasm,correctness,sigmoid,1,0.95,0.7625888439206493
laz2tx3,Arthur__vs__llm,sarcasm,correctness,sigmoid,1,0.95,0.7662551487386017
l95b4im,Arthur__vs__llm,sarcasm,correctness,sigmoid,0,0.95,0.7625888439206493
l8y5s8g,Arthur__vs__llm,sarcasm,correctness,sigmoid,1,0.95,0.7621658352826673
laggm72,Arthur__vs__llm,sarcasm,correctness,sigmoid,0,0.95,0.7662551487386017
l8y3oft,Arthur__vs__llm,sarcasm,correctness,sigmoid,1,0.95,0.7625891318083257
l815359,Arthur__vs__llm,sarcasm,correctness,sigmoid,0,0.95,0.7662551487386017
l8cymda,Arthur__vs__llm,sarcasm,correctness,sigmoid,1,0.95,0.7621658352826673
l9jj223,Arthur__vs__llm,sarcasm,correctness,sigmoid,1,0.95,0.7662551487386017
lbnrkxv,Arthur__vs__llm,sarcasm,correctness,sigmoid,0,0.95,0.7662551487386017
l9ra8bu,Arthur__vs__llm,sarcasm,correctness,sigmoid,1,0.95,0.7662551487386017
l8bst7l,Arthur__vs__llm,sarcasm,correctness,sigmoid,1,0.95,0.7621658352826673
l9j1tr2,Arthur__vs__llm,sarcasm,correctness,sigmoid,0,0.9,0.7538986871896257
l9mi4kc,Arthur__vs__llm,sarcasm,correctness,sigmoid,1,0.95,0.7625891318083257
lahlnqd,Arthur__vs__llm,sarcasm,correctness,sigmoid,1,0.95,0.7625888439206493
l99m6yn,Arthur__vs__llm,sarcasm,correctness,sigmoid,1,0.95,0.7627154201039152
l94my7l,Arthur__vs__llm,sarcasm,correctness,sigmoid,1,0.95,0.7621658352826673
lado83d,Arthur__vs__llm,sarcasm,correctness,sigmoid,1,0.95,0.7627154201039152
l97u9q3,Arthur__vs__llm,sarcasm,correctness,sigmoid,1,0.95,0.7625888439206493
l9p7a2l,Arthur__vs__llm,sarcasm,correctness,sigmoid,1,0.95,0.7627154201039152
la87lox,Arthur__vs__llm,sarcasm,correctness,sigmoid,1,0.95,0.7625888439206493
lbg0fzq,Arthur__vs__llm,sarcasm,correctness,sigmoid,1,0.95,0.7662551487386017
l9m6q26,Arthur__vs__llm,sarcasm,correctness,sigmoid,0,0.95,0.7625888439206493
lbc9ztp,Arthur__vs__llm,sarcasm,correctness,sigmoid,1,0.95,0.7627154201039152
l9dxpci,Arthur__vs__llm,sarcasm,correctness,sigmoid,0,0.85,0.7411097186054787
lavm74r,Arthur__vs__llm,sarcasm,correctness,sigmoid,1,0.95,0.7625891318083257
lafv6th,Arthur__vs__llm,sarcasm,correctness,sigmoid,1,0.95,0.7625891318083257
lbgmc1v,Arthur__vs__llm,sarcasm,correctness,sigmoid,1,0.95,0.7625891318083257
lbgupf7,Arthur__vs__llm,sarcasm,correctness,sigmoid,1,0.95,0.7625891318083257
lal0e50,Arthur__vs__llm,sarcasm,correctness,sigmoid,0,0.95,0.7662551487386017
laiabc5,Arthur__vs__llm,sarcasm,correctness,sigmoid,0,0.95,0.7621658352826673
l9sraag,Arthur__vs__llm,sarcasm,correctness,sigmoid,1,0.95,0.7625891318083257
lbc9ybp,Arthur__vs__llm,sarcasm,correctness,sigmoid,1,0.95,0.7627154201039152
l82o91p,Arthur__vs__llm,sarcasm,correctness,sigmoid,1,0.95,0.7627154201039152
l9kj0w5,Arthur__vs__llm,sarcasm,correctness,sigmoid,1,0.95,0.7625891318083257
l9xpw08,Arthur__vs__llm,sarcasm,correctness,sigmoid,0,0.95,0.7621658352826673
l85qgnp,Arthur__vs__llm,sarcasm,correctness,sigmoid,1,0.95,0.7621658352826673
lb4eg7g,Arthur__vs__llm,sarcasm,correctness,sigmoid,1,0.95,0.7625888439206493
la8zggn,Arthur__vs__llm,sarcasm,correctness,sigmoid,1,0.95,0.7621658352826673
lb7hb5m,Arthur__vs__llm,sarcasm,correctness,sigmoid,0,0.95,0.7625888439206493
l9hw9kq,Arthur__vs__llm,sarcasm,correctness,sigmoid,1,0.95,0.7627154201039152
l9pobdn,Arthur__vs__llm,sarcasm,correctness,sigmoid,1,0.95,0.7625891318083257
l8aceqo,Arthur__vs__llm,sarcasm,correctness,sigmoid,1,0.95,0.7627154201039152
lbm8q3d,Arthur__vs__llm,sarcasm,correctness,sigmoid,1,0.95,0.7627154201039152
lb5jfj3,Arthur__vs__llm,sarcasm,correctness,sigmoid,1,0.95,0.7625888439206493
la3zobt,Arthur__vs__llm,sarcasm,correctness,sigmoid,1,0.95,0.7627154201039152
lbc93br,Arthur__vs__llm,sarcasm,correctness,sigmoid,1,0.95,0.7662551487386017
l84ewxa,Arthur__vs__llm,sarcasm,correctness,sigmoid,1,0.95,0.7625888439206493
l95jgxs,Arthur__vs__llm,sarcasm,correctness,sigmoid,1,0.95,0.7625891318083257
laf3322,Arthur__vs__llm,sarcasm,correctness,sigmoid,0,0.9,0.7508671741244479
lbmgukc,Arthur__vs__llm,sarcasm,correctness,sigmoid,1,0.95,0.7627154201039152
l9s2edv,Arthur__vs__llm,sarcasm,correctness,sigmoid,1,0.95,0.7621658352826673
l98scdm,Arthur__vs__llm,sarcasm,correctness,sigmoid,1,0.95,0.7625888439206493
l9co9nz,Arthur__vs__llm,sarcasm,correctness,sigmoid,0,0.95,0.7627154201039152
lbcjpc9,Arthur__vs__llm,sarcasm,correctness,sigmoid,1,0.95,0.7627154201039152
l9pxej9,Arthur__vs__llm,sarcasm,correctness,sigmoid,1,0.95,0.7625891318083257
lbmiyxc,Arthur__vs__llm,sarcasm,correctness,sigmoid,1,0.95,0.7662551487386017
lbdptwc,Arthur__vs__llm,sarcasm,correctness,sigmoid,1,0.95,0.7621658352826673
lagsru7,Arthur__vs__llm,sarcasm,correctness,sigmoid,1,0.95,0.7627154201039152
l9lqko7,Arthur__vs__llm,sarcasm,correctness,sigmoid,1,0.95,0.7621658352826673
l94qfeu,Arthur__vs__llm,sarcasm,correctness,sigmoid,1,0.95,0.7627154201039152
lb4ffvc,Arthur__vs__llm,sarcasm,correctness,sigmoid,0,0.95,0.7625891318083257
lb7hlw8,Arthur__vs__llm,sarcasm,correctness,sigmoid,1,0.95,0.7625891318083257
l9o4m6t,Arthur__vs__llm,sarcasm,correctness,sigmoid,0,0.95,0.7621658352826673
ladjia1,Arthur__vs__llm,sarcasm,correctness,sigmoid,1,0.95,0.7662551487386017
l8j4faa,Arthur__vs__llm,sarcasm,correctness,sigmoid,0,0.8,0.7305214101384867
l9nldea,Arthur__vs__llm,sarcasm,correctness,sigmoid,0,0.95,0.7627154201039152
l7whu3g,Arthur__vs__llm,sarcasm,correctness,sigmoid,1,0.95,0.7625888439206493
lb3u7cv,Arthur__vs__llm,sarcasm,correctness,sigmoid,1,0.95,0.7662551487386017
l8sd704,Arthur__vs__llm,sarcasm,correctness,sigmoid,1,0.95,0.7621658352826673
l9i8eyp,Arthur__vs__llm,sarcasm,correctness,sigmoid,1,0.95,0.7625888439206493
la7zmvh,Arthur__vs__llm,sarcasm,correctness,sigmoid,1,0.95,0.7625891318083257
lb7t9ln,Arthur__vs__llm,sarcasm,correctness,sigmoid,1,0.95,0.7625888439206493
lag2u2u,Arthur__vs__llm,sarcasm,correctness,sigmoid,1,0.95,0.7621658352826673
lbgx156,Arthur__vs__llm,sarcasm,correctness,sigmoid,0,0.95,0.7662551487386017
lbgvfbg,Arthur__vs__llm,sarcasm,correctness,sigmoid,1,0.95,0.7627154201039152
l9mnxjh,Arthur__vs__llm,sarcasm,correctness,sigmoid,0,0.95,0.7621658352826673
l9rlvrr,Arthur__vs__llm,sarcasm,correctness,sigmoid,1,0.95,0.7625891318083257
lblwjs6,Arthur__vs__llm,sarcasm,correctness,sigmoid,1,0.95,0.7662551487386017
l9gucuu,Arthur__vs__llm,sarcasm,correctness,sigmoid,1,0.95,0.7662551487386017
l90fwdz,Arthur__vs__llm,sarcasm,correctness,sigmoid,1,0.95,0.7625891318083257
l9ey7ss,Arthur__vs__llm,sarcasm,correctness,sigmoid,1,0.95,0.7621658352826673
l9x07o6,Arthur__vs__llm,sarcasm,correctness,sigmoid,1,0.95,0.7625891318083257
l9yrplw,Arthur__vs__llm,sarcasm,correctness,sigmoid,1,0.95,0.7627154201039152
lb7jzoh,Arthur__vs__llm,sarcasm,correctness,sigmoid,1,0.95,0.7625891318083257
l9j2dld,Arthur__vs__llm,sarcasm,correctness,sigmoid,1,0.95,0.7662551487386017
lbcdaqm,Arthur__vs__llm,sarcasm,correctness,sigmoid,1,0.95,0.7621658352826673
l9h1o8g,Arthur__vs__llm,sarcasm,correctness,sigmoid,1,0.95,0.7627154201039152
lbhwgd2,Arthur__vs__llm,sarcasm,correctness,sigmoid,0,0.95,0.7662551487386017
lakztne,Arthur__vs__llm,sarcasm,correctness,sigmoid,1,0.95,0.7625888439206493
lakk0oc,Arthur__vs__llm,sarcasm,correctness,sigmoid,0,0.95,0.7627154201039152
lauxvzo,Arthur__vs__llm,sarcasm,correctness,sigmoid,1,0.95,0.7627154201039152
l8bjje6,Arthur__vs__llm,sarcasm,correctness,sigmoid,1,0.95,0.7627154201039152
l9j2hie,Arthur__vs__llm,sarcasm,correctness,sigmoid,1,0.95,0.7662551487386017
l98am7e,Arthur__vs__llm,sarcasm,correctness,sigmoid,1,0.95,0.7621658352826673
l8byf87,Arthur__vs__llm,sarcasm,correctness,sigmoid,1,0.95,0.7625888439206493
l93g2gp,Arthur__vs__llm,sarcasm,correctness,sigmoid,1,0.95,0.7621658352826673
l925p2k,Arthur__vs__llm,sarcasm,correctness,sigmoid,1,0.95,0.7625888439206493
lb7d5nn,Arthur__vs__llm,sarcasm,correctness,sigmoid,0,0.95,0.7625888439206493
l8xu7ix,Arthur__vs__llm,sarcasm,correctness,sigmoid,1,0.95,0.7625891318083257
l9m36ns,Arthur__vs__llm,sarcasm,correctness,sigmoid,1,0.95,0.7662551487386017
lamdwg3,Arthur__vs__llm,sarcasm,correctness,sigmoid,1,0.95,0.7621658352826673
lbnqk66,Arthur__vs__llm,sarcasm,correctness,sigmoid,0,0.95,0.7625888439206493
l92ev0i,Arthur__vs__llm,sarcasm,correctness,sigmoid,1,0.95,0.7625891318083257
l9kzp7k,Arthur__vs__llm,sarcasm,correctness,sigmoid,1,0.95,0.7627154201039152
ladusqz,Arthur__vs__llm,sarcasm,correctness,sigmoid,1,0.95,0.7627154201039152
l85iaai,Arthur__vs__llm,sarcasm,correctness,sigmoid,1,0.95,0.7625891318083257
larzixe,Arthur__vs__llm,sarcasm,correctness,sigmoid,0,0.8,0.7305214101384867
lakr4r0,Arthur__vs__llm,sarcasm,correctness,sigmoid,1,0.95,0.7621658352826673
la3fh2d,Arthur__vs__llm,sarcasm,correctness,sigmoid,1,0.95,0.7621658352826673
laackev,Arthur__vs__llm,sarcasm,correctness,sigmoid,0,0.95,0.7662551487386017
lbl8edv,Arthur__vs__llm,sarcasm,correctness,sigmoid,1,0.95,0.7625888439206493
l8alzsf,Arthur__vs__llm,sarcasm,correctness,sigmoid,1,0.95,0.7625891318083257
l97ffzg,Arthur__vs__llm,sarcasm,correctness,sigmoid,1,0.95,0.7662551487386017
laejxyi,Arthur__vs__llm,sarcasm,correctness,sigmoid,1,0.95,0.7625891318083257
l9mb2io,Arthur__vs__llm,sarcasm,correctness,sigmoid,1,0.95,0.7625888439206493
l9zoaz9,Arthur__vs__llm,sarcasm,correctness,sigmoid,1,0.95,0.7621658352826673
laddsag,Arthur__vs__llm,sarcasm,correctness,sigmoid,0,0.95,0.7625888439206493
l9pkzi5,Arthur__vs__llm,sarcasm,correctness,sigmoid,1,0.95,0.7621658352826673
l9ithe4,Arthur__vs__llm,sarcasm,correctness,sigmoid,0,0.95,0.7662551487386017
lbirrmt,Arthur__vs__llm,sarcasm,correctness,sigmoid,1,0.95,0.7625891318083257
l9etsuw,Arthur__vs__llm,sarcasm,correctness,sigmoid,1,0.95,0.7627154201039152
l7zqqv1,Arthur__vs__llm,sarcasm,correctness,sigmoid,1,0.95,0.7621658352826673
l968z7u,Arthur__vs__llm,sarcasm,correctness,sigmoid,1,0.95,0.7625891318083257
lata8x6,Arthur__vs__llm,sarcasm,correctness,sigmoid,0,0.95,0.7627154201039152
lawus8i,Arthur__vs__llm,sarcasm,correctness,sigmoid,1,0.95,0.7627154201039152
l947md5,Arthur__vs__llm,sarcasm,correctness,sigmoid,1,0.95,0.7625888439206493
l8mxn3x,Arthur__vs__llm,sarcasm,correctness,sigmoid,0,0.95,0.7662551487386017
l9mm30r,Arthur__vs__llm,sarcasm,correctness,sigmoid,0,0.95,0.7627154201039152
l8r27kz,Arthur__vs__llm,sarcasm,correctness,sigmoid,1,0.95,0.7627154201039152
lbkj34u,Arthur__vs__llm,sarcasm,correctness,sigmoid,1,0.95,0.7662551487386017
l8xhaay,Arthur__vs__llm,sarcasm,correctness,sigmoid,1,0.95,0.7662551487386017
l9k6wsu,Arthur__vs__llm,sarcasm,correctness,sigmoid,1,1.0,0.7781737534950346
l9z6228,Arthur__vs__llm,sarcasm,correctness,sigmoid,0,0.95,0.7627154201039152
lb4d0t7,Arthur__vs__llm,sarcasm,correctness,sigmoid,1,0.95,0.7625891318083257
ladhiz5,Arthur__vs__llm,sarcasm,correctness,sigmoid,1,0.95,0.7621658352826673
l9oq9jh,Arthur__vs__llm,sarcasm,correctness,sigmoid,1,0.95,0.7625888439206493
l9g4laq,Arthur__vs__llm,sarcasm,correctness,sigmoid,1,0.95,0.7625891318083257
l9lwe7h,Arthur__vs__llm,sarcasm,correctness,sigmoid,1,0.95,0.7662551487386017
lb3e2s4,Arthur__vs__llm,sarcasm,correctness,sigmoid,1,0.95,0.7625891318083257
la6lya2,Arthur__vs__llm,sarcasm,correctness,sigmoid,1,0.95,0.7621658352826673
ladopo7,Arthur__vs__llm,sarcasm,correctness,sigmoid,1,0.8,0.7278960266552441
l97xyqg,Arthur__vs__llm,sarcasm,correctness,sigmoid,1,0.95,0.7627154201039152
l9t64uy,Arthur__vs__llm,sarcasm,correctness,sigmoid,1,0.95,0.7625888439206493
la8p1yt,Arthur__vs__llm,sarcasm,correctness,sigmoid,1,0.95,0.7625888439206493
l9n9txg,Arthur__vs__llm,sarcasm,correctness,sigmoid,1,0.95,0.7662551487386017
l9p95z5,Arthur__vs__llm,sarcasm,correctness,sigmoid,0,0.95,0.7627154201039152
l89b3id,Arthur__vs__llm,sarcasm,correctness,sigmoid,1,0.95,0.7662551487386017
laxl99q,Arthur__vs__llm,sarcasm,correctness,sigmoid,1,0.95,0.7625888439206493
la31xp1,Arthur__vs__llm,sarcasm,correctness,sigmoid,1,0.95,0.7625891318083257
la6gvel,Arthur__vs__llm,sarcasm,correctness,sigmoid,1,0.95,0.7625891318083257
lbk23vy,Arthur__vs__llm,sarcasm,correctness,sigmoid,0,0.95,0.7625891318083257
l9pdksg,Arthur__vs__llm,sarcasm,correctness,sigmoid,1,0.95,0.7625888439206493
lax3tkk,Arthur__vs__llm,sarcasm,correctness,sigmoid,0,0.95,0.7621658352826673
l9kniso,Arthur__vs__llm,sarcasm,correctness,sigmoid,1,0.95,0.7662551487386017
l8qg3ev,Arthur__vs__llm,sarcasm,correctness,sigmoid,1,0.95,0.7627154201039152
l8xvus5,Arthur__vs__llm,sarcasm,correctness,sigmoid,1,0.95,0.7625891318083257
lbg26yh,Arthur__vs__llm,sarcasm,correctness,sigmoid,0,0.95,0.7625891318083257
l8rzo0j,Arthur__vs__llm,sarcasm,correctness,sigmoid,1,0.95,0.7621658352826673
l8awua9,Arthur__vs__llm,sarcasm,correctness,sigmoid,1,0.95,0.7625888439206493
l99lagq,Arthur__vs__llm,sarcasm,correctness,sigmoid,1,0.95,0.7662551487386017
l8qheky,Arthur__vs__llm,sarcasm,correctness,sigmoid,0,0.95,0.7621658352826673
l90lqvy,Arthur__vs__llm,sarcasm,correctness,sigmoid,1,0.95,0.7627154201039152
l86v1rq,Arthur__vs__llm,sarcasm,correctness,sigmoid,1,0.95,0.7662551487386017
l9narp9,Arthur__vs__llm,sarcasm,correctness,sigmoid,1,0.95,0.7662551487386017
lakv7lf,Arthur__vs__llm,sarcasm,correctness,sigmoid,1,0.95,0.7625888439206493
l9wcq11,Arthur__vs__llm,sarcasm,correctness,sigmoid,0,0.95,0.7662551487386017
l9fhq5a,Arthur__vs__llm,sarcasm,correctness,sigmoid,1,0.95,0.7625888439206493
lb7n7qo,Arthur__vs__llm,sarcasm,correctness,sigmoid,0,0.95,0.7627154201039152
lbhxkkz,Arthur__vs__llm,sarcasm,correctness,sigmoid,0,0.8,0.7305214101384867
l91x79i,Arthur__vs__llm,sarcasm,correctness,sigmoid,1,0.95,0.7627154201039152
lb8ivrh,Arthur__vs__llm,sarcasm,correctness,sigmoid,1,0.95,0.7625891318083257
larwml3,Arthur__vs__llm,sarcasm,correctness,sigmoid,1,0.95,0.7662551487386017
l9g5enb,Arthur__vs__llm,sarcasm,correctness,sigmoid,1,0.95,0.7621658352826673
l9ne5iw,Arthur__vs__llm,sarcasm,correctness,sigmoid,1,0.95,0.7662551487386017
l8nw2ts,Arthur__vs__llm,sarcasm,correctness,sigmoid,1,0.95,0.7621658352826673
lbg8gqk,Arthur__vs__llm,sarcasm,correctness,sigmoid,1,0.95,0.7625891318083257
la63dhs,Arthur__vs__llm,sarcasm,correctness,sigmoid,1,0.95,0.7621658352826673
l9o31o8,Arthur__vs__llm,sarcasm,correctness,sigmoid,1,0.95,0.7662551487386017
la3bcqj,Arthur__vs__llm,sarcasm,correctness,sigmoid,1,0.95,0.7662551487386017
lbjqq6a,Arthur__vs__llm,sarcasm,correctness,sigmoid,1,0.95,0.7621658352826673
l9pet9y,Arthur__vs__llm,sarcasm,correctness,sigmoid,1,0.95,0.7625888439206493
l9yw8ul,Arthur__vs__llm,sarcasm,correctness,sigmoid,1,0.95,0.7662551487386017
l94psqu,Arthur__vs__llm,sarcasm,correctness,sigmoid,1,0.95,0.7625891318083257
lao89vd,Arthur__vs__llm,sarcasm,correctness,sigmoid,1,0.95,0.7625888439206493
lb4eob2,Arthur__vs__llm,sarcasm,correctness,sigmoid,0,0.95,0.7621658352826673
l8hg49w,Arthur__vs__llm,sarcasm,correctness,sigmoid,1,0.95,0.7625891318083257
lb4e4lq,Arthur__vs__llm,sarcasm,correctness,sigmoid,0,0.95,0.7625888439206493
lalrik8,Arthur__vs__llm,sarcasm,correctness,sigmoid,0,0.8,0.7261859837346151
l8kvpnt,Arthur__vs__llm,sarcasm,correctness,sigmoid,0,0.9,0.7508671741244479
lae63qs,Arthur__vs__llm,sarcasm,correctness,sigmoid,1,0.95,0.7625888439206493
l8l72hd,Arthur__vs__llm,sarcasm,correctness,sigmoid,1,0.95,0.7621658352826673
l8aosij,Arthur__vs__llm,sarcasm,correctness,sigmoid,1,0.95,0.7621658352826673
la8jqoe,Arthur__vs__llm,sarcasm,correctness,sigmoid,1,0.95,0.7662551487386017
l9uheza,Arthur__vs__llm,sarcasm,correctness,sigmoid,0,0.95,0.7662551487386017
lb8c54w,Arthur__vs__llm,sarcasm,correctness,sigmoid,1,0.95,0.7621658352826673
la70o2m,Arthur__vs__llm,sarcasm,correctness,sigmoid,1,0.95,0.7621658352826673
lbix7mc,Arthur__vs__llm,sarcasm,correctness,sigmoid,0,0.95,0.7625888439206493
l9gzvi5,Arthur__vs__llm,sarcasm,correctness,sigmoid,1,0.95,0.7627154201039152
lawpxc2,Arthur__vs__llm,sarcasm,correctness,sigmoid,1,0.95,0.7625891318083257
lae4urb,Arthur__vs__llm,sarcasm,correctness,sigmoid,0,0.95,0.7625891318083257
lbhtco2,Arthur__vs__llm,sarcasm,correctness,sigmoid,0,0.9,0.7508347733130679
laf7s3e,Arthur__vs__llm,sarcasm,correctness,sigmoid,0,0.95,0.7627154201039152
la1cgq1,Arthur__vs__llm,sarcasm,correctness,sigmoid,1,0.95,0.7621658352826673
la9w5ur,Arthur__vs__llm,sarcasm,correctness,sigmoid,1,0.95,0.7662551487386017
l9mynwi,Arthur__vs__llm,sarcasm,correctness,sigmoid,1,0.95,0.7662551487386017
lb047lv,Arthur__vs__llm,sarcasm,correctness,sigmoid,1,0.95,0.7625891318083257
lag1dto,Arthur__vs__llm,sarcasm,correctness,sigmoid,1,0.95,0.7625888439206493
l8lrpme,Arthur__vs__llm,sarcasm,correctness,sigmoid,1,0.95,0.7627154201039152
l9q15pl,Arthur__vs__llm,sarcasm,correctness,sigmoid,1,0.95,0.7627154201039152
lac445k,Arthur__vs__llm,sarcasm,correctness,sigmoid,1,0.95,0.7627154201039152
l9t6dk7,Arthur__vs__llm,sarcasm,correctness,sigmoid,1,0.95,0.7625888439206493
l7x3qxm,Arthur__vs__llm,sarcasm,correctness,sigmoid,1,0.95,0.7625888439206493
l89mf4q,Arthur__vs__llm,sarcasm,correctness,sigmoid,1,0.95,0.7627154201039152
lbl2mxj,Arthur__vs__llm,sarcasm,correctness,sigmoid,0,0.95,0.7662551487386017
l8b0jjc,Arthur__vs__llm,sarcasm,correctness,sigmoid,1,0.95,0.7625888439206493
l8mwxqc,Arthur__vs__llm,sarcasm,correctness,sigmoid,0,0.9,0.7508671741244479
l9p5x5n,Arthur__vs__llm,sarcasm,correctness,sigmoid,1,0.95,0.7621658352826673
l7wbd3w,Arthur__vs__llm,sarcasm,correctness,sigmoid,0,0.8,0.7252122836135284
l8a48iz,Arthur__vs__llm,sarcasm,correctness,sigmoid,1,0.95,0.7625888439206493
l8s0n8l,Arthur__vs__llm,sarcasm,correctness,sigmoid,1,0.95,0.7662551487386017
l8l6enl,Arthur__vs__llm,sarcasm,correctness,sigmoid,0,0.9,0.7508671741244479
laf27da,Arthur__vs__llm,sarcasm,correctness,sigmoid,1,0.95,0.7662551487386017
l9n2a6w,Arthur__vs__llm,sarcasm,correctness,sigmoid,1,0.95,0.7627154201039152
l7z95u8,Arthur__vs__llm,sarcasm,correctness,sigmoid,1,0.95,0.7662551487386017
l91o73m,Arthur__vs__llm,sarcasm,correctness,sigmoid,0,0.95,0.7625891318083257
l7whtys,Arthur__vs__llm,sarcasm,correctness,sigmoid,1,0.95,0.7625891318083257
lbikhto,Arthur__vs__llm,sarcasm,correctness,sigmoid,1,0.95,0.7621658352826673
l9yt1eq,Arthur__vs__llm,sarcasm,correctness,sigmoid,0,0.8,0.7305214101384867
ladkivx,Arthur__vs__llm,sarcasm,correctness,sigmoid,0,0.95,0.7625891318083257
l87xcd4,Arthur__vs__llm,sarcasm,correctness,sigmoid,1,0.95,0.7625888439206493
la6oicy,Arthur__vs__llm,sarcasm,correctness,sigmoid,1,0.95,0.7627154201039152
l85xyvb,Arthur__vs__llm,sarcasm,correctness,sigmoid,0,0.9,0.7508671741244479
lblsr0b,Arthur__vs__llm,sarcasm,correctness,sigmoid,1,0.95,0.7625888439206493
l94vp8y,Arthur__vs__llm,sarcasm,correctness,sigmoid,0,0.95,0.7627154201039152
lbcyx3n,Arthur__vs__llm,sarcasm,correctness,isotonic,1,1.0,0.999999
l9b1r7k,Arthur__vs__llm,sarcasm,correctness,isotonic,1,0.95,0.8055555555555556
l9nfu9z,Arthur__vs__llm,sarcasm,correctness,isotonic,1,0.95,0.8055555555555556
lbhwjs2,Arthur__vs__llm,sarcasm,correctness,isotonic,0,0.8,0.05
laineeu,Arthur__vs__llm,sarcasm,correctness,isotonic,1,0.95,0.812
l923179,Arthur__vs__llm,sarcasm,correctness,isotonic,1,0.95,0.8152610441767069
lbjwb52,Arthur__vs__llm,sarcasm,correctness,isotonic,0,0.95,0.8152610441767069
l9z5iy3,Arthur__vs__llm,sarcasm,correctness,isotonic,0,0.95,0.812
l7z98qx,Arthur__vs__llm,sarcasm,correctness,isotonic,1,0.95,0.8152610441767069
laxa4t8,Arthur__vs__llm,sarcasm,correctness,isotonic,1,0.95,0.808
l8ba67x,Arthur__vs__llm,sarcasm,correctness,isotonic,0,0.95,0.808
l9ljx88,Arthur__vs__llm,sarcasm,correctness,isotonic,1,0.95,0.8167330677290837
l9rnibl,Arthur__vs__llm,sarcasm,correctness,isotonic,1,0.95,0.8152610441767069
l9fjlfi,Arthur__vs__llm,sarcasm,correctness,isotonic,0,0.9,1e-06
lalisq9,Arthur__vs__llm,sarcasm,correctness,isotonic,1,0.95,0.8167330677290837
la0bxuy,Arthur__vs__llm,sarcasm,correctness,isotonic,1,0.95,0.812
l9inr0v,Arthur__vs__llm,sarcasm,correctness,isotonic,0,0.95,0.8167330677290837
l7yh6qg,Arthur__vs__llm,sarcasm,correctness,isotonic,1,0.95,0.8055555555555556
lag7ebe,Arthur__vs__llm,sarcasm,correctness,isotonic,0,0.95,0.812
l9lwm2m,Arthur__vs__llm,sarcasm,correctness,isotonic,1,0.95,0.8167330677290837
l9eq96t,Arthur__vs__llm,sarcasm,correctness,isotonic,0,0.8,0.058823529411764705
l8gl5i9,Arthur__vs__llm,sarcasm,correctness,isotonic,1,0.95,0.812
l9ne2u8,Arthur__vs__llm,sarcasm,correctness,isotonic,1,0.95,0.8055555555555556
lazn9pa,Arthur__vs__llm,sarcasm,correctness,isotonic,1,0.95,0.8152610441767069
lae34w9,Arthur__vs__llm,sarcasm,correctness,isotonic,1,1.0,0.999999
lax2gzs,Arthur__vs__llm,sarcasm,correctness,isotonic,1,0.95,0.8055555555555556
l9lnt1s,Arthur__vs__llm,sarcasm,correctness,isotonic,0,0.9,0.05555555555555555
lae0vng,Arthur__vs__llm,sarcasm,correctness,isotonic,0,0.8,0.05263157894736842
l886669,Arthur__vs__llm,sarcasm,correctness,isotonic,1,0.95,0.812
l9gowa9,Arthur__vs__llm,sarcasm,correctness,isotonic,1,0.95,0.812
l9aobkr,Arthur__vs__llm,sarcasm,correctness,isotonic,1,0.95,0.8055555555555556
l9yl3tw,Arthur__vs__llm,sarcasm,correctness,isotonic,1,0.95,0.808
l9pj2n8,Arthur__vs__llm,sarcasm,correctness,isotonic,1,0.95,0.808
l8knznf,Arthur__vs__llm,sarcasm,correctness,isotonic,0,0.95,0.812
lagmpvf,Arthur__vs__llm,sarcasm,correctness,isotonic,0,0.95,0.8055555555555556
l9ls0sc,Arthur__vs__llm,sarcasm,correctness,isotonic,1,0.95,0.808
l8rvj1h,Arthur__vs__llm,sarcasm,correctness,isotonic,1,0.95,0.808
l86t1mv,Arthur__vs__llm,sarcasm,correctness,isotonic,0,0.95,0.812
l9rbctp,Arthur__vs__llm,sarcasm,correctness,isotonic,1,0.95,0.8055555555555556
lal3dx3,Arthur__vs__llm,sarcasm,correctness,isotonic,1,0.95,0.8152610441767069
l88ucpt,Arthur__vs__llm,sarcasm,correctness,isotonic,1,0.95,0.8167330677290837
lam50or,Arthur__vs__llm,sarcasm,correctness,isotonic,0,0.95,0.8152610441767069
l96lqud,Arthur__vs__llm,sarcasm,correctness,isotonic,0,0.95,0.808
l9oapl9,Arthur__vs__llm,sarcasm,correctness,isotonic,1,0.95,0.8167330677290837
l98ll5k,Arthur__vs__llm,sarcasm,correctness,isotonic,1,0.95,0.8152610441767069
l9blfe7,Arthur__vs__llm,sarcasm,correctness,isotonic,1,0.95,0.8055555555555556
l9o23yd,Arthur__vs__llm,sarcasm,correctness,isotonic,1,0.95,0.8152610441767069
l9n3htm,Arthur__vs__llm,sarcasm,correctness,isotonic,1,0.95,0.812
l91quzy,Arthur__vs__llm,sarcasm,correctness,isotonic,1,0.95,0.808
l9ugy18,Arthur__vs__llm,sarcasm,correctness,isotonic,1,0.95,0.8055555555555556
l9i9acx,Arthur__vs__llm,sarcasm,correctness,isotonic,1,0.95,0.8152610441767069
l91eqfs,Arthur__vs__llm,sarcasm,correctness,isotonic,1,0.95,0.812
l929z0f,Arthur__vs__llm,sarcasm,correctness,isotonic,1,1.0,0.999999
l9wqlfk,Arthur__vs__llm,sarcasm,correctness,isotonic,1,0.95,0.812
l9ud3dv,Arthur__vs__llm,sarcasm,correctness,isotonic,1,0.95,0.8055555555555556
la4xvvf,Arthur__vs__llm,sarcasm,correctness,isotonic,1,0.95,0.812
l958g2o,Arthur__vs__llm,sarcasm,correctness,isotonic,1,0.95,0.8055555555555556
l9nj4dq,Arthur__vs__llm,sarcasm,correctness,isotonic,1,0.95,0.8152610441767069
labtd52,Arthur__vs__llm,sarcasm,correctness,isotonic,1,0.95,0.8167330677290837
l9r5y4i,Arthur__vs__llm,sarcasm,correctness,isotonic,1,0.95,0.808
l9j37bz,Arthur__vs__llm,sarcasm,correctness,isotonic,1,0.95,0.808
l7zd8sv,Arthur__vs__llm,sarcasm,correctness,isotonic,1,0.95,0.8167330677290837
la4o8tp,Arthur__vs__llm,sarcasm,correctness,isotonic,1,0.95,0.808
l9mo64d,Arthur__vs__llm,sarcasm,correctness,isotonic,1,0.95,0.808
lbbacwk,Arthur__vs__llm,sarcasm,correctness,isotonic,1,0.95,0.812
l852mv7,Arthur__vs__llm,sarcasm,correctness,isotonic,1,0.95,0.808
lbc8weg,Arthur__vs__llm,sarcasm,correctness,isotonic,1,0.95,0.8055555555555556
l9enz5u,Arthur__vs__llm,sarcasm,correctness,isotonic,1,0.95,0.8167330677290837
la88e0d,Arthur__vs__llm,sarcasm,correctness,isotonic,1,0.95,0.8152610441767069
lb4f62l,Arthur__vs__llm,sarcasm,correctness,isotonic,1,0.95,0.8152610441767069
l8cc35d,Arthur__vs__llm,sarcasm,correctness,isotonic,1,0.95,0.812
l8s749m,Arthur__vs__llm,sarcasm,correctness,isotonic,1,0.95,0.808
l9l6lq8,Arthur__vs__llm,sarcasm,correctness,isotonic,1,0.95,0.8055555555555556
laeesl4,Arthur__vs__llm,sarcasm,correctness,isotonic,0,0.95,0.8055555555555556
lagn373,Arthur__vs__llm,sarcasm,correctness,isotonic,1,0.95,0.8152610441767069
la5g88p,Arthur__vs__llm,sarcasm,correctness,isotonic,1,0.95,0.8167330677290837
l921g4w,Arthur__vs__llm,sarcasm,correctness,isotonic,1,0.95,0.8167330677290837
lb0x5j6,Arthur__vs__llm,sarcasm,correctness,isotonic,1,0.95,0.8167330677290837
l9mo5vr,Arthur__vs__llm,sarcasm,correctness,isotonic,0,0.95,0.8152610441767069
l99jy55,Arthur__vs__llm,sarcasm,correctness,isotonic,0,0.8,1e-06
laiyyxz,Arthur__vs__llm,sarcasm,correctness,isotonic,0,0.95,0.8055555555555556
l9iz6ys,Arthur__vs__llm,sarcasm,correctness,isotonic,1,0.95,0.812
laocd8d,Arthur__vs__llm,sarcasm,correctness,isotonic,0,0.9,0.05
laduen4,Arthur__vs__llm,sarcasm,correctness,isotonic,0,0.95,0.8055555555555556
l8qfoy3,Arthur__vs__llm,sarcasm,correctness,isotonic,0,0.95,0.808
l9cdn11,Arthur__vs__llm,sarcasm,correctness,isotonic,0,0.95,0.808
lbm6akp,Arthur__vs__llm,sarcasm,correctness,isotonic,1,0.95,0.8167330677290837
lackr2s,Arthur__vs__llm,sarcasm,correctness,isotonic,1,0.95,0.8152610441767069
l9lzpbk,Arthur__vs__llm,sarcasm,correctness,isotonic,1,0.95,0.8167330677290837
l89s229,Arthur__vs__llm,sarcasm,correctness,isotonic,1,0.95,0.812
l9lhgmk,Arthur__vs__llm,sarcasm,correctness,isotonic,1,0.95,0.808
l87q6d4,Arthur__vs__llm,sarcasm,correctness,isotonic,1,0.95,0.812
l99k57x,Arthur__vs__llm,sarcasm,correctness,isotonic,0,0.9,0.05263157894736842
lbipeiw,Arthur__vs__llm,sarcasm,correctness,isotonic,1,0.95,0.8167330677290837
ladoc4w,Arthur__vs__llm,sarcasm,correctness,isotonic,1,0.95,0.8152610441767069
la035bq,Arthur__vs__llm,sarcasm,correctness,isotonic,1,0.95,0.8167330677290837
l9kooj0,Arthur__vs__llm,sarcasm,correctness,isotonic,1,0.95,0.808
l9n6d1s,Arthur__vs__llm,sarcasm,correctness,isotonic,1,0.95,0.812
la2y5mq,Arthur__vs__llm,sarcasm,correctness,isotonic,1,0.95,0.8152610441767069
ladvrj9,Arthur__vs__llm,sarcasm,correctness,isotonic,1,0.95,0.812
lagdq9c,Arthur__vs__llm,sarcasm,correctness,isotonic,1,0.95,0.8055555555555556
l9mjovr,Arthur__vs__llm,sarcasm,correctness,isotonic,1,0.95,0.8152610441767069
l9nsxmj,Arthur__vs__llm,sarcasm,correctness,isotonic,1,0.95,0.808
lb04ydk,Arthur__vs__llm,sarcasm,correctness,isotonic,1,0.95,0.808
lam9gor,Arthur__vs__llm,sarcasm,correctness,isotonic,1,0.95,0.808
l9l6or5,Arthur__vs__llm,sarcasm,correctness,isotonic,1,0.95,0.812
laz2tx3,Arthur__vs__llm,sarcasm,correctness,isotonic,1,0.95,0.8167330677290837
l95b4im,Arthur__vs__llm,sarcasm,correctness,isotonic,0,0.95,0.812
l8y5s8g,Arthur__vs__llm,sarcasm,correctness,isotonic,1,0.95,0.808
laggm72,Arthur__vs__llm,sarcasm,correctness,isotonic,0,0.95,0.8167330677290837
l8y3oft,Arthur__vs__llm,sarcasm,correctness,isotonic,1,0.95,0.8055555555555556
l815359,Arthur__vs__llm,sarcasm,correctness,isotonic,0,0.95,0.8167330677290837
l8cymda,Arthur__vs__llm,sarcasm,correctness,isotonic,1,0.95,0.808
l9jj223,Arthur__vs__llm,sarcasm,correctness,isotonic,1,0.95,0.8167330677290837
lbnrkxv,Arthur__vs__llm,sarcasm,correctness,isotonic,0,0.95,0.8167330677290837
l9ra8bu,Arthur__vs__llm,sarcasm,correctness,isotonic,1,0.95,0.8167330677290837
l8bst7l,Arthur__vs__llm,sarcasm,correctness,isotonic,1,0.95,0.808
l9j1tr2,Arthur__vs__llm,sarcasm,correctness,isotonic,0,0.9,1e-06
l9mi4kc,Arthur__vs__llm,sarcasm,correctness,isotonic,1,0.95,0.8055555555555556
lahlnqd,Arthur__vs__llm,sarcasm,correctness,isotonic,1,0.95,0.812
l99m6yn,Arthur__vs__llm,sarcasm,correctness,isotonic,1,0.95,0.8152610441767069
l94my7l,Arthur__vs__llm,sarcasm,correctness,isotonic,1,0.95,0.808
lado83d,Arthur__vs__llm,sarcasm,correctness,isotonic,1,0.95,0.8152610441767069
l97u9q3,Arthur__vs__llm,sarcasm,correctness,isotonic,1,0.95,0.812
l9p7a2l,Arthur__vs__llm,sarcasm,correctness,isotonic,1,0.95,0.8152610441767069
la87lox,Arthur__vs__llm,sarcasm,correctness,isotonic,1,0.95,0.812
lbg0fzq,Arthur__vs__llm,sarcasm,correctness,isotonic,1,0.95,0.8167330677290837
l9m6q26,Arthur__vs__llm,sarcasm,correctness,isotonic,0,0.95,0.812
lbc9ztp,Arthur__vs__llm,sarcasm,correctness,isotonic,1,0.95,0.8152610441767069
l9dxpci,Arthur__vs__llm,sarcasm,correctness,isotonic,0,0.85,1e-06
lavm74r,Arthur__vs__llm,sarcasm,correctness,isotonic,1,0.95,0.8055555555555556
lafv6th,Arthur__vs__llm,sarcasm,correctness,isotonic,1,0.95,0.8055555555555556
lbgmc1v,Arthur__vs__llm,sarcasm,correctness,isotonic,1,0.95,0.8055555555555556
lbgupf7,Arthur__vs__llm,sarcasm,correctness,isotonic,1,0.95,0.8055555555555556
lal0e50,Arthur__vs__llm,sarcasm,correctness,isotonic,0,0.95,0.8167330677290837
laiabc5,Arthur__vs__llm,sarcasm,correctness,isotonic,0,0.95,0.808
l9sraag,Arthur__vs__llm,sarcasm,correctness,isotonic,1,0.95,0.8055555555555556
lbc9ybp,Arthur__vs__llm,sarcasm,correctness,isotonic,1,0.95,0.8152610441767069
l82o91p,Arthur__vs__llm,sarcasm,correctness,isotonic,1,0.95,0.8152610441767069
l9kj0w5,Arthur__vs__llm,sarcasm,correctness,isotonic,1,0.95,0.8055555555555556
l9xpw08,Arthur__vs__llm,sarcasm,correctness,isotonic,0,0.95,0.808
l85qgnp,Arthur__vs__llm,sarcasm,correctness,isotonic,1,0.95,0.808
lb4eg7g,Arthur__vs__llm,sarcasm,correctness,isotonic,1,0.95,0.812
la8zggn,Arthur__vs__llm,sarcasm,correctness,isotonic,1,0.95,0.808
lb7hb5m,Arthur__vs__llm,sarcasm,correctness,isotonic,0,0.95,0.812
l9hw9kq,Arthur__vs__llm,sarcasm,correctness,isotonic,1,0.95,0.8152610441767069
l9pobdn,Arthur__vs__llm,sarcasm,correctness,isotonic,1,0.95,0.8055555555555556
l8aceqo,Arthur__vs__llm,sarcasm,correctness,isotonic,1,0.95,0.8152610441767069
lbm8q3d,Arthur__vs__llm,sarcasm,correctness,isotonic,1,0.95,0.8152610441767069
lb5jfj3,Arthur__vs__llm,sarcasm,correctness,isotonic,1,0.95,0.812
la3zobt,Arthur__vs__llm,sarcasm,correctness,isotonic,1,0.95,0.8152610441767069
lbc93br,Arthur__vs__llm,sarcasm,correctness,isotonic,1,0.95,0.8167330677290837
l84ewxa,Arthur__vs__llm,sarcasm,correctness,isotonic,1,0.95,0.812
l95jgxs,Arthur__vs__llm,sarcasm,correctness,isotonic,1,0.95,0.8055555555555556
laf3322,Arthur__vs__llm,sarcasm,correctness,isotonic,0,0.9,0.058823529411764705
lbmgukc,Arthur__vs__llm,sarcasm,correctness,isotonic,1,0.95,0.8152610441767069
l9s2edv,Arthur__vs__llm,sarcasm,correctness,isotonic,1,0.95,0.808
l98scdm,Arthur__vs__llm,sarcasm,correctness,isotonic,1,0.95,0.812
l9co9nz,Arthur__vs__llm,sarcasm,correctness,isotonic,0,0.95,0.8152610441767069
lbcjpc9,Arthur__vs__llm,sarcasm,correctness,isotonic,1,0.95,0.8152610441767069
l9pxej9,Arthur__vs__llm,sarcasm,correctness,isotonic,1,0.95,0.8055555555555556
lbmiyxc,Arthur__vs__llm,sarcasm,correctness,isotonic,1,0.95,0.8167330677290837
lbdptwc,Arthur__vs__llm,sarcasm,correctness,isotonic,1,0.95,0.808
lagsru7,Arthur__vs__llm,sarcasm,correctness,isotonic,1,0.95,0.8152610441767069
l9lqko7,Arthur__vs__llm,sarcasm,correctness,isotonic,1,0.95,0.808
l94qfeu,Arthur__vs__llm,sarcasm,correctness,isotonic,1,0.95,0.8152610441767069
lb4ffvc,Arthur__vs__llm,sarcasm,correctness,isotonic,0,0.95,0.8055555555555556
lb7hlw8,Arthur__vs__llm,sarcasm,correctness,isotonic,1,0.95,0.8055555555555556
l9o4m6t,Arthur__vs__llm,sarcasm,correctness,isotonic,0,0.95,0.808
ladjia1,Arthur__vs__llm,sarcasm,correctness,isotonic,1,0.95,0.8167330677290837
l8j4faa,Arthur__vs__llm,sarcasm,correctness,isotonic,0,0.8,0.05555555555555555
l9nldea,Arthur__vs__llm,sarcasm,correctness,isotonic,0,0.95,0.8152610441767069
l7whu3g,Arthur__vs__llm,sarcasm,correctness,isotonic,1,0.95,0.812
lb3u7cv,Arthur__vs__llm,sarcasm,correctness,isotonic,1,0.95,0.8167330677290837
l8sd704,Arthur__vs__llm,sarcasm,correctness,isotonic,1,0.95,0.808
l9i8eyp,Arthur__vs__llm,sarcasm,correctness,isotonic,1,0.95,0.812
la7zmvh,Arthur__vs__llm,sarcasm,correctness,isotonic,1,0.95,0.8055555555555556
lb7t9ln,Arthur__vs__llm,sarcasm,correctness,isotonic,1,0.95,0.812
lag2u2u,Arthur__vs__llm,sarcasm,correctness,isotonic,1,0.95,0.808
lbgx156,Arthur__vs__llm,sarcasm,correctness,isotonic,0,0.95,0.8167330677290837
lbgvfbg,Arthur__vs__llm,sarcasm,correctness,isotonic,1,0.95,0.8152610441767069
l9mnxjh,Arthur__vs__llm,sarcasm,correctness,isotonic,0,0.95,0.808
l9rlvrr,Arthur__vs__llm,sarcasm,correctness,isotonic,1,0.95,0.8055555555555556
lblwjs6,Arthur__vs__llm,sarcasm,correctness,isotonic,1,0.95,0.8167330677290837
l9gucuu,Arthur__vs__llm,sarcasm,correctness,isotonic,1,0.95,0.8167330677290837
l90fwdz,Arthur__vs__llm,sarcasm,correctness,isotonic,1,0.95,0.8055555555555556
l9ey7ss,Arthur__vs__llm,sarcasm,correctness,isotonic,1,0.95,0.808
l9x07o6,Arthur__vs__llm,sarcasm,correctness,isotonic,1,0.95,0.8055555555555556
l9yrplw,Arthur__vs__llm,sarcasm,correctness,isotonic,1,0.95,0.8152610441767069
lb7jzoh,Arthur__vs__llm,sarcasm,correctness,isotonic,1,0.95,0.8055555555555556
l9j2dld,Arthur__vs__llm,sarcasm,correctness,isotonic,1,0.95,0.8167330677290837
lbcdaqm,Arthur__vs__llm,sarcasm,correctness,isotonic,1,0.95,0.808
l9h1o8g,Arthur__vs__llm,sarcasm,correctness,isotonic,1,0.95,0.8152610441767069
lbhwgd2,Arthur__vs__llm,sarcasm,correctness,isotonic,0,0.95,0.8167330677290837
lakztne,Arthur__vs__llm,sarcasm,correctness,isotonic,1,0.95,0.812
lakk0oc,Arthur__vs__llm,sarcasm,correctness,isotonic,0,0.95,0.8152610441767069
lauxvzo,Arthur__vs__llm,sarcasm,correctness,isotonic,1,0.95,0.8152610441767069
l8bjje6,Arthur__vs__llm,sarcasm,correctness,isotonic,1,0.95,0.8152610441767069
l9j2hie,Arthur__vs__llm,sarcasm,correctness,isotonic,1,0.95,0.8167330677290837
l98am7e,Arthur__vs__llm,sarcasm,correctness,isotonic,1,0.95,0.808
l8byf87,Arthur__vs__llm,sarcasm,correctness,isotonic,1,0.95,0.812
l93g2gp,Arthur__vs__llm,sarcasm,correctness,isotonic,1,0.95,0.808
l925p2k,Arthur__vs__llm,sarcasm,correctness,isotonic,1,0.95,0.812
lb7d5nn,Arthur__vs__llm,sarcasm,correctness,isotonic,0,0.95,0.812
l8xu7ix,Arthur__vs__llm,sarcasm,correctness,isotonic,1,0.95,0.8055555555555556
l9m36ns,Arthur__vs__llm,sarcasm,correctness,isotonic,1,0.95,0.8167330677290837
lamdwg3,Arthur__vs__llm,sarcasm,correctness,isotonic,1,0.95,0.808
lbnqk66,Arthur__vs__llm,sarcasm,correctness,isotonic,0,0.95,0.812
l92ev0i,Arthur__vs__llm,sarcasm,correctness,isotonic,1,0.95,0.8055555555555556
l9kzp7k,Arthur__vs__llm,sarcasm,correctness,isotonic,1,0.95,0.8152610441767069
ladusqz,Arthur__vs__llm,sarcasm,correctness,isotonic,1,0.95,0.8152610441767069
l85iaai,Arthur__vs__llm,sarcasm,correctness,isotonic,1,0.95,0.8055555555555556
larzixe,Arthur__vs__llm,sarcasm,correctness,isotonic,0,0.8,0.05555555555555555
lakr4r0,Arthur__vs__llm,sarcasm,correctness,isotonic,1,0.95,0.808
la3fh2d,Arthur__vs__llm,sarcasm,correctness,isotonic,1,0.95,0.808
laackev,Arthur__vs__llm,sarcasm,correctness,isotonic,0,0.95,0.8167330677290837
lbl8edv,Arthur__vs__llm,sarcasm,correctness,isotonic,1,0.95,0.812
l8alzsf,Arthur__vs__llm,sarcasm,correctness,isotonic,1,0.95,0.8055555555555556
l97ffzg,Arthur__vs__llm,sarcasm,correctness,isotonic,1,0.95,0.8167330677290837
laejxyi,Arthur__vs__llm,sarcasm,correctness,isotonic,1,0.95,0.8055555555555556
l9mb2io,Arthur__vs__llm,sarcasm,correctness,isotonic,1,0.95,0.812
l9zoaz9,Arthur__vs__llm,sarcasm,correctness,isotonic,1,0.95,0.808
laddsag,Arthur__vs__llm,sarcasm,correctness,isotonic,0,0.95,0.812
l9pkzi5,Arthur__vs__llm,sarcasm,correctness,isotonic,1,0.95,0.808
l9ithe4,Arthur__vs__llm,sarcasm,correctness,isotonic,0,0.95,0.8167330677290837
lbirrmt,Arthur__vs__llm,sarcasm,correctness,isotonic,1,0.95,0.8055555555555556
l9etsuw,Arthur__vs__llm,sarcasm,correctness,isotonic,1,0.95,0.8152610441767069
l7zqqv1,Arthur__vs__llm,sarcasm,correctness,isotonic,1,0.95,0.808
l968z7u,Arthur__vs__llm,sarcasm,correctness,isotonic,1,0.95,0.8055555555555556
lata8x6,Arthur__vs__llm,sarcasm,correctness,isotonic,0,0.95,0.8152610441767069
lawus8i,Arthur__vs__llm,sarcasm,correctness,isotonic,1,0.95,0.8152610441767069
l947md5,Arthur__vs__llm,sarcasm,correctness,isotonic,1,0.95,0.812
l8mxn3x,Arthur__vs__llm,sarcasm,correctness,isotonic,0,0.95,0.8167330677290837
l9mm30r,Arthur__vs__llm,sarcasm,correctness,isotonic,0,0.95,0.8152610441767069
l8r27kz,Arthur__vs__llm,sarcasm,correctness,isotonic,1,0.95,0.8152610441767069
lbkj34u,Arthur__vs__llm,sarcasm,correctness,isotonic,1,0.95,0.8167330677290837
l8xhaay,Arthur__vs__llm,sarcasm,correctness,isotonic,1,0.95,0.8167330677290837
l9k6wsu,Arthur__vs__llm,sarcasm,correctness,isotonic,1,1.0,0.999999
l9z6228,Arthur__vs__llm,sarcasm,correctness,isotonic,0,0.95,0.8152610441767069
lb4d0t7,Arthur__vs__llm,sarcasm,correctness,isotonic,1,0.95,0.8055555555555556
ladhiz5,Arthur__vs__llm,sarcasm,correctness,isotonic,1,0.95,0.808
l9oq9jh,Arthur__vs__llm,sarcasm,correctness,isotonic,1,0.95,0.812
l9g4laq,Arthur__vs__llm,sarcasm,correctness,isotonic,1,0.95,0.8055555555555556
l9lwe7h,Arthur__vs__llm,sarcasm,correctness,isotonic,1,0.95,0.8167330677290837
lb3e2s4,Arthur__vs__llm,sarcasm,correctness,isotonic,1,0.95,0.8055555555555556
la6lya2,Arthur__vs__llm,sarcasm,correctness,isotonic,1,0.95,0.808
ladopo7,Arthur__vs__llm,sarcasm,correctness,isotonic,1,0.8,1e-06
l97xyqg,Arthur__vs__llm,sarcasm,correctness,isotonic,1,0.95,0.8152610441767069
l9t64uy,Arthur__vs__llm,sarcasm,correctness,isotonic,1,0.95,0.812
la8p1yt,Arthur__vs__llm,sarcasm,correctness,isotonic,1,0.95,0.812
l9n9txg,Arthur__vs__llm,sarcasm,correctness,isotonic,1,0.95,0.8167330677290837
l9p95z5,Arthur__vs__llm,sarcasm,correctness,isotonic,0,0.95,0.8152610441767069
l89b3id,Arthur__vs__llm,sarcasm,correctness,isotonic,1,0.95,0.8167330677290837
laxl99q,Arthur__vs__llm,sarcasm,correctness,isotonic,1,0.95,0.812
la31xp1,Arthur__vs__llm,sarcasm,correctness,isotonic,1,0.95,0.8055555555555556
la6gvel,Arthur__vs__llm,sarcasm,correctness,isotonic,1,0.95,0.8055555555555556
lbk23vy,Arthur__vs__llm,sarcasm,correctness,isotonic,0,0.95,0.8055555555555556
l9pdksg,Arthur__vs__llm,sarcasm,correctness,isotonic,1,0.95,0.812
lax3tkk,Arthur__vs__llm,sarcasm,correctness,isotonic,0,0.95,0.808
l9kniso,Arthur__vs__llm,sarcasm,correctness,isotonic,1,0.95,0.8167330677290837
l8qg3ev,Arthur__vs__llm,sarcasm,correctness,isotonic,1,0.95,0.8152610441767069
l8xvus5,Arthur__vs__llm,sarcasm,correctness,isotonic,1,0.95,0.8055555555555556
lbg26yh,Arthur__vs__llm,sarcasm,correctness,isotonic,0,0.95,0.8055555555555556
l8rzo0j,Arthur__vs__llm,sarcasm,correctness,isotonic,1,0.95,0.808
l8awua9,Arthur__vs__llm,sarcasm,correctness,isotonic,1,0.95,0.812
l99lagq,Arthur__vs__llm,sarcasm,correctness,isotonic,1,0.95,0.8167330677290837
l8qheky,Arthur__vs__llm,sarcasm,correctness,isotonic,0,0.95,0.808
l90lqvy,Arthur__vs__llm,sarcasm,correctness,isotonic,1,0.95,0.8152610441767069
l86v1rq,Arthur__vs__llm,sarcasm,correctness,isotonic,1,0.95,0.8167330677290837
l9narp9,Arthur__vs__llm,sarcasm,correctness,isotonic,1,0.95,0.8167330677290837
lakv7lf,Arthur__vs__llm,sarcasm,correctness,isotonic,1,0.95,0.812
l9wcq11,Arthur__vs__llm,sarcasm,correctness,isotonic,0,0.95,0.8167330677290837
l9fhq5a,Arthur__vs__llm,sarcasm,correctness,isotonic,1,0.95,0.812
lb7n7qo,Arthur__vs__llm,sarcasm,correctness,isotonic,0,0.95,0.8152610441767069
lbhxkkz,Arthur__vs__llm,sarcasm,correctness,isotonic,0,0.8,0.05555555555555555
l91x79i,Arthur__vs__llm,sarcasm,correctness,isotonic,1,0.95,0.8152610441767069
lb8ivrh,Arthur__vs__llm,sarcasm,correctness,isotonic,1,0.95,0.8055555555555556
larwml3,Arthur__vs__llm,sarcasm,correctness,isotonic,1,0.95,0.8167330677290837
l9g5enb,Arthur__vs__llm,sarcasm,correctness,isotonic,1,0.95,0.808
l9ne5iw,Arthur__vs__llm,sarcasm,correctness,isotonic,1,0.95,0.8167330677290837
l8nw2ts,Arthur__vs__llm,sarcasm,correctness,isotonic,1,0.95,0.808
lbg8gqk,Arthur__vs__llm,sarcasm,correctness,isotonic,1,0.95,0.8055555555555556
la63dhs,Arthur__vs__llm,sarcasm,correctness,isotonic,1,0.95,0.808
l9o31o8,Arthur__vs__llm,sarcasm,correctness,isotonic,1,0.95,0.8167330677290837
la3bcqj,Arthur__vs__llm,sarcasm,correctness,isotonic,1,0.95,0.8167330677290837
lbjqq6a,Arthur__vs__llm,sarcasm,correctness,isotonic,1,0.95,0.808
l9pet9y,Arthur__vs__llm,sarcasm,correctness,isotonic,1,0.95,0.812
l9yw8ul,Arthur__vs__llm,sarcasm,correctness,isotonic,1,0.95,0.8167330677290837
l94psqu,Arthur__vs__llm,sarcasm,correctness,isotonic,1,0.95,0.8055555555555556
lao89vd,Arthur__vs__llm,sarcasm,correctness,isotonic,1,0.95,0.812
lb4eob2,Arthur__vs__llm,sarcasm,correctness,isotonic,0,0.95,0.808
l8hg49w,Arthur__vs__llm,sarcasm,correctness,isotonic,1,0.95,0.8055555555555556
lb4e4lq,Arthur__vs__llm,sarcasm,correctness,isotonic,0,0.95,0.812
lalrik8,Arthur__vs__llm,sarcasm,correctness,isotonic,0,0.8,0.05263157894736842
l8kvpnt,Arthur__vs__llm,sarcasm,correctness,isotonic,0,0.9,0.058823529411764705
lae63qs,Arthur__vs__llm,sarcasm,correctness,isotonic,1,0.95,0.812
l8l72hd,Arthur__vs__llm,sarcasm,correctness,isotonic,1,0.95,0.808
l8aosij,Arthur__vs__llm,sarcasm,correctness,isotonic,1,0.95,0.808
la8jqoe,Arthur__vs__llm,sarcasm,correctness,isotonic,1,0.95,0.8167330677290837
l9uheza,Arthur__vs__llm,sarcasm,correctness,isotonic,0,0.95,0.8167330677290837
lb8c54w,Arthur__vs__llm,sarcasm,correctness,isotonic,1,0.95,0.808
la70o2m,Arthur__vs__llm,sarcasm,correctness,isotonic,1,0.95,0.808
lbix7mc,Arthur__vs__llm,sarcasm,correctness,isotonic,0,0.95,0.812
l9gzvi5,Arthur__vs__llm,sarcasm,correctness,isotonic,1,0.95,0.8152610441767069
lawpxc2,Arthur__vs__llm,sarcasm,correctness,isotonic,1,0.95,0.8055555555555556
lae4urb,Arthur__vs__llm,sarcasm,correctness,isotonic,0,0.95,0.8055555555555556
lbhtco2,Arthur__vs__llm,sarcasm,correctness,isotonic,0,0.9,0.05263157894736842
laf7s3e,Arthur__vs__llm,sarcasm,correctness,isotonic,0,0.95,0.8152610441767069
la1cgq1,Arthur__vs__llm,sarcasm,correctness,isotonic,1,0.95,0.808
la9w5ur,Arthur__vs__llm,sarcasm,correctness,isotonic,1,0.95,0.8167330677290837
l9mynwi,Arthur__vs__llm,sarcasm,correctness,isotonic,1,0.95,0.8167330677290837
lb047lv,Arthur__vs__llm,sarcasm,correctness,isotonic,1,0.95,0.8055555555555556
lag1dto,Arthur__vs__llm,sarcasm,correctness,isotonic,1,0.95,0.812
l8lrpme,Arthur__vs__llm,sarcasm,correctness,isotonic,1,0.95,0.8152610441767069
l9q15pl,Arthur__vs__llm,sarcasm,correctness,isotonic,1,0.95,0.8152610441767069
lac445k,Arthur__vs__llm,sarcasm,correctness,isotonic,1,0.95,0.8152610441767069
l9t6dk7,Arthur__vs__llm,sarcasm,correctness,isotonic,1,0.95,0.812
l7x3qxm,Arthur__vs__llm,sarcasm,correctness,isotonic,1,0.95,0.812
l89mf4q,Arthur__vs__llm,sarcasm,correctness,isotonic,1,0.95,0.8152610441767069
lbl2mxj,Arthur__vs__llm,sarcasm,correctness,isotonic,0,0.95,0.8167330677290837
l8b0jjc,Arthur__vs__llm,sarcasm,correctness,isotonic,1,0.95,0.812
l8mwxqc,Arthur__vs__llm,sarcasm,correctness,isotonic,0,0.9,0.058823529411764705
l9p5x5n,Arthur__vs__llm,sarcasm,correctness,isotonic,1,0.95,0.808
l7wbd3w,Arthur__vs__llm,sarcasm,correctness,isotonic,0,0.8,0.05
l8a48iz,Arthur__vs__llm,sarcasm,correctness,isotonic,1,0.95,0.812
l8s0n8l,Arthur__vs__llm,sarcasm,correctness,isotonic,1,0.95,0.8167330677290837
l8l6enl,Arthur__vs__llm,sarcasm,correctness,isotonic,0,0.9,0.058823529411764705
laf27da,Arthur__vs__llm,sarcasm,correctness,isotonic,1,0.95,0.8167330677290837
l9n2a6w,Arthur__vs__llm,sarcasm,correctness,isotonic,1,0.95,0.8152610441767069
l7z95u8,Arthur__vs__llm,sarcasm,correctness,isotonic,1,0.95,0.8167330677290837
l91o73m,Arthur__vs__llm,sarcasm,correctness,isotonic,0,0.95,0.8055555555555556
l7whtys,Arthur__vs__llm,sarcasm,correctness,isotonic,1,0.95,0.8055555555555556
lbikhto,Arthur__vs__llm,sarcasm,correctness,isotonic,1,0.95,0.808
l9yt1eq,Arthur__vs__llm,sarcasm,correctness,isotonic,0,0.8,0.05555555555555555
ladkivx,Arthur__vs__llm,sarcasm,correctness,isotonic,0,0.95,0.8055555555555556
l87xcd4,Arthur__vs__llm,sarcasm,correctness,isotonic,1,0.95,0.812
la6oicy,Arthur__vs__llm,sarcasm,correctness,isotonic,1,0.95,0.8152610441767069
l85xyvb,Arthur__vs__llm,sarcasm,correctness,isotonic,0,0.9,0.058823529411764705
lblsr0b,Arthur__vs__llm,sarcasm,correctness,isotonic,1,0.95,0.812
l94vp8y,Arthur__vs__llm,sarcasm,correctness,isotonic,0,0.95,0.8152610441767069
