comment_id,best_topic_index,body,predecessor,Arthur__stance_intensity,Arthur__epistemic_modality,Arthur__justification_density,Arthur__responsiveness,Arthur__agreement,Arthur__civility,Arthur__sarcasm,llm__agreement,llm__civility,llm__epistemic_modality,llm__justification_density,llm__responsiveness,llm__sarcasm,llm__stance_intensity,llm_conf__agreement,llm_conf__civility,llm_conf__epistemic_modality,llm_conf__justification_density,llm_conf__responsiveness,llm_conf__sarcasm,llm_conf__stance_intensity
lbcyx3n,11,"You’re very welcome. Hopefully your family will come around and see it’s not you trying to be spiteful, it’s just you wanting your baby to be safe.","Thank you for the kind words and support, it's much appreciated. I'll make sure to keep setting those boundaries; their safety is paramount.",4,0.333,0.0,0.184,-0.7,6,0,1.0,6.0,0.2,0.0,1.0,0.0,6.0,1.0,1.0,0.8,1.0,1.0,1.0,0.95
l9b1r7k,15,You’re just a barrel of laughs,K,3,0.0,0.0,0.1,0.0,5,1,0.0,1.0,0.0,,0.5,1.0,1.0,0.95,0.95,1.0,0.95,0.8,0.95,0.8
l9nfu9z,1,"Well yeah but even in that case, like nobody is getting an AirBNB in Staten Island or outer Bronx for their NYC vacation so a lot of it is similar.","To be fair, city boundaries are kind of arbitrary. If you included NYC's metro it would be like 18M people.",5,0.0,3.33,0.082,0.7,6,0,0.0,5.0,0.2,,0.5,0.0,3.0,0.95,0.9,0.7,0.2,0.8,0.95,0.95
lbhwjs2,11,its a really low bar,Thank you for acknowledging my genius.,4,0.0,0.0,0.0,0.0,6,0,0.0,6.0,0.0,,0.5,1.0,3.0,0.95,0.95,0.9,0.85,0.8,0.8,0.8
laineeu,5,"Not for me. I worked through the pandemic as an essential worker, delivery guy for UPS.  I Didn’t get a break. Life moves on",I think you are very wrong. Life is completely different now then it was before pandemics.,4,0.0,0.0,0.065,-0.7,6,0,-1.0,6.0,0.2,,0.5,0.0,1.0,0.95,0.95,0.8,0.85,0.8,0.95,0.95
l923179,4,The 34 trillion isn’t showing a clue…. The unwarranted confiscation of Russia assets isn’t a clue…. the inflation of assets is not a clue….the unnecessary tariffs is not a clue which BTW affects the lower income people in general…. The buying of gold by central banks and let’s not forget the crypto/bitcoin individuals here in America who want away from US dollar….. if you refuse to see nations and even here at home are turning away from US financial products then I don’t know what to tell you…. Things have been slowly eroding since 2008 with 0% interest rates…. Repo markets…. BTFB and all the financial tools the US has been deploying to stave off the inevitable collapse of financial institutions…. You may wish to think things are ok but sadly they are not…. The US is losing its place in the world and the sooner you realize that the better,">US dominance has been slowly coming to an end mainly because of trust issues with policies and rules that do not benefit other nations as a whole

People been saying this since the 80's but can't name a single country they'd trust their transactions in. Tell me, how can your dominance be in question, if anyone who challenges your dominance is far, far worse than you in finances? It's easy to criticize US fiscal policy mistakes since the 70's, but its' hard to find a country who's done any better.",4,0.065,1.3,0.285,-0.7,6,0,0.0,3.0,0.5,0.1,0.8,0.0,2.0,0.95,0.95,0.8,0.8,0.95,0.95,0.85
lbjwb52,18,Was he being literal? Evidently not.,Reagan said it and he won over 50% of the vote.,3,0.833,0.0,0.08,-0.7,6,0,-1.0,2.0,0.5,,0.6,1.0,1.0,0.95,0.95,0.8,0.85,0.8,0.95,0.95
l9z5iy3,5,The West did have a 100 year head start on China,"The West????

China. China is the largest emitter of carbon dioxide gas in the world, with 11,336 million metric tons emitted in 2021. 

The US was less than half that at 5,032 metric tons. 

India and Russia are a close 3rd and 4th respectively. 

It’s not just “The West.” 

What propagandist rock did you crawl out from under?",4,0.0,0.0,0.118,0.0,6,0,-1.0,2.0,0.2,,0.8,1.0,1.0,0.95,0.95,0.8,0.85,0.95,0.95,0.95
l7z98qx,14,"Not really, but kinda, but not really. The purpose of an adjustable stock on an AR15 or Kalashnikov style rifle is to literally make the gun a bit more comfortable for long term use and wield it better depending on the situation you're in. But let's face it, mass shootings do not last long at all, an hour or two for the longest ones. Adjustable stocks are made for long term comfort over the length of a battle. Which can be days, weeks, or even months. A solid stock will not hamper the random alt-righter taking 20 minutes to shoot up a grocery store in a black neighborhood.

Collapsible stocks are designed to cut down on space used inside of an APC or similarly cramped armored vehicle. Oh, and also jumping out of a plane or repelling off a helicopter. You don't want a long rifle getting caught on parachute cord or your ropes.

A pistol grip does impart more stability when firing a rifle...but a couple trips to the shooting range helps a lot with learning how to shoot with a traditional rifle grip. They really aren't difficult to learn and use. If the were, no one at all would ever use them, but many gun hobbyists and hunters do. 

 None of these use cases apply to mass shooters. In the kind of mass shooting that everyone thinks of, the shooter often drives to their victim's location and place the firearm in the trunk as to not arouse suspicion. Their victims are often point blank range so a traditional grip isn't really a handicap. And lastly when you consider that most mass shootings aren't perpetrated with a rifle in a mall, but a glock handgun hanging out a car window in the hood, these laws make less and less sense.",At the end of the day the purpose of a gun is to be a weapon and allow the user to do violence. Features that make the gun more ergonomic and “feel better to use” facilitate that goal. Doesn’t that mean by definition that they make the gun more effective in killing stuff?,3,0.066,0.33,0.21,-0.7,6,0,0.0,5.0,0.2,0.1,0.8,0.0,3.0,0.95,0.9,0.8,0.8,0.95,0.95,0.95
laxa4t8,7,This comment fails to challenge my point.,What is the alternative that is practical for the average consumer?,4,0.0,0.0,0.0,0.0,6,0,0.0,2.0,0.2,,0.5,0.0,1.0,0.95,0.8,0.6,0.85,0.8,0.95,0.85
l8ba67x,0,"Literally, find me a dead person that's paying their loan.","Interesting. So before someone gives you a loan should you have to release your medical history to the lender? After all, “loans can’t be paid back if you’re dead or of poor health”.",4,0.0,0.0,0.092,0.0,6,0,-1.0,2.0,0.5,,0.8,1.0,1.0,0.95,0.8,0.8,0.85,0.9,0.95,0.95
l9ljx88,5,"I'm entirely happy to judge what you say based on what you say.

What you posted was misleading propaganda designed to deflect criticism away from fossil fuel companies and onto personal consumption.

I don't know you. I have no idea why you posted what you posted. But what you posted is a well established propaganda strategy by fossil fuel companies to distract from the problem.","You can certainly choose to have certain preconceptions about me before getting to know me. 

But if you're curious I'm also indigenous. And as a female I really, really hope I don't have to mansplain what a Native American perspective is on the environment.",4,0.0,0.0,0.355,-0.7,6,0,-1.0,2.0,0.5,0.0,0.8,0.0,1.0,0.95,0.95,0.8,0.95,0.9,0.95,0.95
l9rnibl,3,"Looks man, Nigel Farage is a fucking Russian Asset, just like Trump, he's fucking poison. I cannot believe people are listening to this man after the disaster of Brexit.",,3,0.0,0.0,0.0,-0.7,2,0,-1.0,1.0,0.5,,0.0,0.0,1.0,0.95,0.95,0.8,0.85,1.0,0.95,0.95
l9fjlfi,4,buy groceries.... seriously?  have you seen the prices?,,3,1.0,0.0,0.0,0.0,6,0,-1.0,2.0,0.5,,0.5,1.0,1.0,0.95,0.8,0.8,0.85,0.8,0.9,0.9
lalisq9,7,Ah so separate but equal,"He’s not pro-gay marriage, he’s pro-civil union as a legal equivalency. He’s basically 08 Obama in his views on it.",4,0.0,0.2,0.0,-0.7,6,0,0.0,5.0,0.2,,0.8,0.0,3.0,0.95,0.9,0.6,0.2,0.9,0.95,0.85
la0bxuy,2,Fair enough,My intention was never comparing cost of living between the two countries. I was just putting it in perspective to US wages. Of course the cost of living is significantly different between the two.,4,0.0,0.0,0.0,-0.7,6,0,0.0,6.0,0.5,,0.8,0.0,3.0,1.0,0.95,0.8,0.85,0.9,0.95,0.8
l9inr0v,15,"i dont get your argument.

>Did not succeed, probably because they chose a less-effective method

how is that relevant? 

?Did not re-attempt later and succeed 

yes? thats the whole point, most dont attempt again and regret the decision.

  
>Most importantly, *are willing to talk about it publicly* - it's a taboo subject to discuss openly that you hope to die. In fact, even admitting that means that you could face involuntary commitment to a mental institution... So why would people who don't regret it speak up?

possibly because they would be dead...? and government have record of cause of death

  
Nine out of ten people who attempt suicide and survive will not go on to die by suicide at a later date. This has been well-established in the suicidology literature. A literature review ([Owens 2002](https://www.hsph.harvard.edu/means-matter/means-matter/survival/#Owens)) summarized 90 studies that have followed over time people who have made suicide attempts that resulted in medical care. Approximately 7% (range: 5-11%) of attempters eventually died by suicide, approximately 23% reattempted non-fatally, and 70% had no further attempts",">1. most people who tried suicide, regrets it.

This is a terrible argument. It's anecdotal, collected from people who attempted suicide AND:

* Did not succeed, probably because they chose a less-effective method 
* Did not re-attempt later and succeed (which you might expect of people in the survivor group who did not regret it 
* Most importantly, *are willing to talk about it publicly* - it's a taboo subject to discuss openly that you hope to die. In fact, even admitting that means that you could face involuntary commitment to a mental institution... So why would people who don't regret it speak up?",3,0.522,2.2,0.667,-0.7,5,1,-1.0,2.0,0.5,0.2,0.8,0.0,1.0,0.95,0.85,0.8,0.8,0.95,0.95,0.95
l7yh6qg,2,">Service workers that traditionally are tipped are not covered by the regular minimum wage.

Yes, they are. If the tips aren't enough to meet the reg min wage, the employer has to contribute the difference.",">employer has to pay the prevailing min wage *for service workers* 

FTFY. Service workers that traditionally are tipped are not covered by the regular minimum wage.",4,0.0,0.0,0.708,-0.7,6,0,0.0,6.0,0.2,0.0,1.0,0.0,6.0,1.0,1.0,0.8,1.0,1.0,0.95,0.95
lag7ebe,12,"Embryos may die, but there's a difference between one dying from natural causes and being purposefully murdered.","Yes, but you don't apply that as a moral standard consistently. [The majority of embryos are lost](https://www.ncbi.nlm.nih.gov/pmc/articles/PMC7670474/) yet you don't mourn for them. You aren't pushing intensely for scientific research into getting that number down. You aren't holding a little funeral every time you have unprotected sex with the knowledge your actions likely create a human being that dies. The only time you even vaguely care for them is when the mother opts to exercise her bodily autonomy.",3,0.588,0.0,0.059,-0.7,6,0,0.0,2.0,0.5,0.0,0.8,1.0,1.0,0.95,0.95,0.8,0.95,0.9,0.95,0.95
l9lwm2m,6,You must have misunderstood. If you read through it again I clearly did not say that.,"No, it's not. Why do you want the government to tell women what clothes they should or shouldn't be wearing?

PS: Here's a short article on [the rest of the clothes the government tells women they can't wear](https://www.bbc.com/news/blogs-news-from-elsewhere-43488511). But I'm guessing you're also fine with Tajikistan telling women they can't wear miniskirts, black dresses, backless clothing, or flat shoes?",4,0.0,0.0,0.135,-0.7,6,0,0.0,5.0,0.2,,0.8,0.0,1.0,0.95,0.9,0.8,0.85,0.9,0.95,0.95
l9eq96t,4,You have a home?,Same,3,1.0,0.0,0.1,0.0,6,0,0.0,6.0,,,0.5,1.0,3.0,0.95,0.95,0.85,0.95,0.8,0.8,0.8
l8gl5i9,0,"There are two responsible parties here: lenders not doing proper risk analysis to identify risky borrowers, and borrowers voluntarily agreeing to sign for loans they knew they couldn't afford. Both of them had agency in 2008.",Are you implying that banks giving out predatory loans was the fault of people applying for loans?,4,0.0,0.0,0.109,0.7,6,0,0.0,5.0,0.5,,1.0,0.0,3.0,0.95,0.9,0.8,0.85,1.0,0.95,0.95
l9ne2u8,8,"They certainly do not. that paper is over 6 years old. come back with some more recent. After the recent documentaries on Netflix and all social media, everyone knows they use more resources.","Where are you getting this figure? I don't care for beyond burgers but from what I can tell they use a lot less

https://css.umich.edu/publications/research-publications/beyond-meats-beyond-burger-life-cycle-assessment-detailed",4,0.0,0.0,0.039,-0.7,6,0,0.0,2.0,0.5,,0.5,0.0,1.0,0.95,0.95,0.8,0.85,0.8,0.95,0.95
lazn9pa,15,"I'm s bit confused to be honest. Their reasoning is agreeing with the prosecution or defense.

Anything they say will just be repeating what either of those said during the case. The case itself is literally the reasoning.",,4,0.0,0.0,0.0,0.7,6,0,0.0,5.0,0.5,,0.5,0.0,3.0,0.95,0.9,0.8,0.2,0.8,0.95,0.8
lae34w9,0,"NTA. 

Don't give your friend money, your friend could have done the same. If he needs money, he can work like most students do. Also, your mutual friends, tell them to pay your friend the money.",,4,0.278,0.0,0.0,0.7,6,0,0.0,1.0,0.2,0.0,1.0,0.0,1.0,1.0,0.95,0.8,0.95,1.0,1.0,0.95
lax2gzs,2,"Your original comment is in response to OP's question.

Your comment only included consideration of the minimum wage worker and nothing else.

That response speaks for itself.","Your summary of my point of view is broken.

I do not agree that personal needs determine the quantity, but social needs. Society has a few strata of people. Historically, if the system of shared resources and infrastructure means people on the bottom layer can’t function, they revolt.

As a small business owner, I can assure you that my employees don’t owe me consideration in their financial plans. Businesses come and go all the time, if they can’t optimize themselves for current conditions. But businesses are fictitious people, not real people. Real people come  before fictitious people in all but the most teen-angsty of ethnical systems.

When businesses close, people don’t go jobless. New businesses are formed all the time. They’re born like grapes, and most of them rot on the vine. Some survive long term, most don’t. That why being a capitalist is risky.

I like your response, though, because of your repeated use of zero as a kind of internal rhyme. Points for structure, mate!",4,0.0,0.0,0.198,-0.7,6,0,0.0,6.0,0.2,0.0,0.8,0.0,6.0,0.95,0.95,0.8,0.95,0.95,0.95,0.95
l9lnt1s,6,The hate for Muslims on reddit is strong.,Lol what? Tajikistan is one of the least-free countries in the world with a dictator who has been in charge for 30 years.,3,0.0,0.0,0.138,0.0,6,0,-1.0,2.0,0.5,,0.5,1.0,1.0,0.95,0.95,0.8,0.85,0.8,0.9,0.95
lae0vng,12,They did under Trump.,"Have to pass things through the House, Senate, and POTUS.  Republicans will never hold all 3",4,0.0,0.0,0.0,0.0,6,0,-1.0,4.0,0.0,,0.5,1.0,1.0,0.95,0.95,1.0,0.95,0.8,0.8,0.85
l886669,14,Republicans in the suburbs/exurbs are the most fearful people on earth.,"I feel you there, I live in Baltimore and some of the comments I’ve gotten from people who have definitely never been there have been quite dramatic",4,0.0,0.0,0.116,0.0,6,0,-1.0,2.0,0.5,,0.8,0.0,1.0,0.95,0.8,0.8,0.85,0.9,0.95,0.9
l9gowa9,5,I saw an article the other day which measured overall total pollution by nation.  They rated China #1,"How do you measure ""world's worst polluter""? In terms of total emissions? Emissions per capita? Current emissions or emissions since the industrial revolution?",4,0.0,0.0,0.069,0.0,6,0,0.0,5.0,0.5,,0.8,0.0,1.0,0.95,0.9,0.8,0.85,0.9,0.95,0.9
l9aobkr,3,"Yes, but closer ties with Russia will only make that less likely to happen. NK is trading their garbage weapons for actually useful stuff.",Because China is scared of dealing with a massive refugee problem if NK ever falls completely apart and can’t stop their starving populace from storming the border,3,0.417,0.0,0.1,-0.7,4,0,0.0,4.0,0.5,0.0,0.8,0.0,1.0,0.95,0.95,0.8,0.95,0.9,0.95,0.95
l9yl3tw,10,"The problem is that the US is a pretty undemocratic democracy with weird quirks that give monitory voting blocs majority control. 

The vast majority of the country wants it legal, the ones who don't have a disproportionate amount of representation.","Theocracy isn't something you can directly control in a truly democratic society, if the majority of the people believe in a religion they will vote according to their religious values, all political trends are governed by the major ideological beliefs od the majority, secular and religious are relatively meaningless labels you can attach to them.",4,0.0,0.0,0.086,0.0,6,0,0.0,3.0,0.5,0.5,0.8,0.0,1.0,0.95,0.95,0.8,0.8,0.9,0.95,0.95
l9pj2n8,14,"Yes, I agree it marked a substantial departure from the kind of open-ended government in Britain. But I see nothing in its history that shows its authors and ratifiers intended for courts to stop the common-law sensibility that doctrines are to be emerged and revised, instead of fixed in a specific time. We can see that all the state courts acted according to the common law (and still do!). And even the federal courts were operating on this principle, until the landmark SCOTUS case of *Erie Railroad*. After *Erie*, the federal courts stopped making common law in traditional areas like contracts, torts (civil claims), and real estate. 

But I truly believe that anyone who authored the constitution or voted on it would have been stunned by originalism. There was just no precedent for it in any of the legal thinking of the time. 

I find support for this in the deliberately-ambiguous wording of the Bill of Rights. I mean, who the hell actually knows what “due process” means in a given circumstance? Like, what does the constitution tell you is “due process” before you can lose a public benefit you’re otherwise entitled to? Only a judicial process can apply that right in the infinite number of circumstances where it arises. 

We also get a sense that things like freedom of speech were meant to incorporate the common-law understanding that already existed (meaning, they expected it to further develop). Because it was never intended to be absolute. They almost assuredly intended to incorporate common-law exceptions like defamation and incitement. 

Just my interpretation.","I think you make a really solid an interesting point... But do you think the existence of a written Constitution changes that all for America? The UK has an unwritten constitution, mind you, based completely on an amalgamation of laws, court cases, etc.   Were the founders trying to steer that US in a different direction with a written Constitution where the government was given limited powers? 

I don't really have an answer myself. I'm a historian more than a legal expert.  Thanks!",6,0.075,0.37,0.225,0.7,6,0,0.5,6.0,0.6,0.2,0.8,0.0,6.0,0.8,0.95,0.85,0.8,0.95,0.95,0.95
l8knznf,3,"If you represent the Chosen Nation, you're free to invade.",how do i launch a legal invasion?,4,0.0,0.0,0.1,0.0,6,0,0.0,1.0,0.0,,0.8,1.0,1.0,0.95,0.95,1.0,0.85,0.9,0.95,0.95
lagmpvf,12,What scientific consensus is that?,"Scientific consensus is that life begins at conception. 

Human life = human being. 

I mean, you can agree with slave owners that some human life isn't worth as much as other, but that just shows your true color doesn't it?",3,1.0,0.0,0.145,0.0,6,0,0.0,2.0,0.2,,0.8,1.0,6.0,0.95,0.95,0.8,0.85,0.95,0.95,0.95
l9ls0sc,6,Why did it stop in 2008?,"Up until 2008, pre-marriage blood tests were a think in most of the south.",3,1.0,0.0,0.067,0.0,6,0,0.0,5.0,0.5,,0.8,0.0,3.0,0.95,0.9,0.8,0.95,0.9,0.95,0.85
l8rvj1h,6,a lot of women would react harshly to a man questioning what she’s wearing the way he did. she got defensive because there is a history of misogyny behind that one “simple question”,Her dressing didnt immediately reflect her loyalty …her answer to the lads simple question did…where she aggressively replied leaving the man to think for the worst,4,0.294,2.94,0.187,0.0,6,0,0.0,2.0,0.5,,0.8,0.0,1.0,0.95,0.85,0.8,0.85,0.9,0.95,0.95
l86t1mv,9,"The question as posed didn't say ""all women.""","I know and work with a lot of scientists, and none simply call all women ""females"". 

In a scientific paper discussing sex, sure. But in actual conversation it's still a red flag when a scientist called men men, but women ""females"".",4,0.0,0.0,0.113,0.0,6,0,0.0,5.0,0.5,,0.8,1.0,3.0,0.95,0.9,0.8,0.85,0.9,0.95,0.85
l9rbctp,8,Vegans only treat humans and animals differently where morality is concerned because vegans are human so they are biased. It's not objectively more immoral to kill a human for food than to kill an animal.,"""If you fundamentally change the situation, people will respond the situation differently"" is not the winning argument you think it is. Even vegans treat humans and animals differently where morality is concerned.

Also, cannibalism is bad for different reasons than simply eating meat",4,0.0,5.71,0.3,-0.7,6,0,0.0,3.0,0.5,,0.8,0.0,1.0,0.95,0.95,0.8,0.85,0.9,0.95,0.95
lal3dx3,7,"I mean, could argue that acting like a two timer pisses off both the conservatives *and* the progressives: the former would decry he isn’t orthodox enough; the latter would denounce his words as hypocritical, as the words would not be seen as genuine if you preach love and acceptance in public but then disavow these same ideals when you feel like the world isn’t listening. 

Like you said though, it may simply be pragmatism. But even in this case, I simply cannot fathom why some, especially in my country, would regard him as the “progressive pope”. If that’s progressivism, then they must have very poor standards for what it entails. Being “the better pope” doesn’t necessarily mean “the best one”","Yeah he's probably only being pragmatic about LGBQT in the sense that the number of people in the church decreases by the year, and he's gotta keep the numbers up. 

Alienating all of that community's allies hurts retention more than shunning a small percentage of the population so he's trying to stick a finger in a leaking dam by trying to be inclusive.",6,0.484,0.81,0.166,0.7,6,0,0.0,5.0,0.5,0.5,0.8,0.0,3.0,1.0,0.9,0.8,0.8,0.95,0.95,0.95
l88ucpt,0,Because banks need cash now.,,4,0.0,20.0,0.0,-0.7,6,0,0.0,5.0,0.0,,0.0,0.0,3.0,1.0,0.9,1.0,0.2,0.95,0.95,0.8
lam50or,3,Can we get some actual intelligent articles please. I like to read about these things but this is AI level boring. You can shit out 100 stories similar to this.,,4,0.0,0.0,0.0,-0.7,4,0,-1.0,2.0,0.2,,0.2,1.0,1.0,0.95,0.95,0.8,0.85,0.8,0.95,0.95
l96lqud,4,But they are such great cars.,Not even that. Literally any Tesla. Their build quality is terrible,4,0.0,0.0,0.0,-0.9,6,0,-1.0,6.0,0.0,,0.2,1.0,6.0,0.95,0.95,1.0,0.85,0.6,0.95,0.95
l9oapl9,1,"Yeah, I'm from a pretty big family, and we always used to rent houses, etc (even before Airbnb existed) on vacations because there were generally no hotel rooms with enough beds to sleep all of us in one room or suite (and rarely even enough room for us all to comfortably sit and watch TV together, etc). Vacation rentals do have a purpose, but Airbnb has definitely made the whole concept spiral out of control.","I think the appeal is more for people traveling in groups/families. Much easier to hang out in a nice private living room at the end of the day than trying to cram 8 people in a hotel room and getting a noise complaint in 5 minutes. It’s not worth what Airbnb has become with its effect on communities, but there’s a reason it’s been popular.",4,0.0,1.33,0.194,0.7,6,0,0.5,5.0,0.5,0.5,0.8,0.0,3.0,0.8,0.95,0.8,0.8,0.9,0.95,0.95
l98ll5k,4,"When we talk about retaliation, it’s in the context that OP talked about, which is retaliation to send a message or for the sake of punishment. Everything you’ve just described is not retaliation, but a natural consequence of government intervention.

Capitalist and otherwise societies both need specialized workers so I’m not even sure what your point is here regarding schools. There’s no shadowy elites conspiracy needed here to understand why schools teach people to be workers.

Referencing some obscure economist doesn’t make it true either. Especially when you’ve provided no evidence other than “the shadowy elites run everything”.",">How specifically have corporations retaliated against government interference?

Reducing investments, layoffs, lobbying, moving business to other states. It's really not that difficult. Businesses have tons of leverage and obviously they will use it. It's the rational thing to do in a capitalist system. You can call it whatever you want but in essence it's negative reactions to government action.

>I can’t even imagine what you mean by the school system being bought out (where do you think your higher corporate taxes will go to??).

Lol, talk about soundbites. There is one major economic theory that is being taught at universities. Capitalism is taught as the go-to economic system in the West. Modern schools are worker factories above anything else. You might not like my choice of words but you cannot deny that our economic system and its players have had a major influence in forming our modern schools. You might think that's not a big deal but you should ask yourself who these systems are supposed to serve and if they do right now.

>Ultimately there just isn’t evidence for the kind of feedback loop you’re describing.
[Funny you should say that, because this kind of thinking has been around for at least 100 years.](https://en.wikipedia.org/wiki/Karl_William_Kapp) Just because you deny the evidence does not make it true.",3,0.0,1.92,0.273,0.7,6,0,0.0,5.0,0.2,0.2,0.8,0.0,3.0,0.95,0.9,0.8,0.8,0.95,0.95,0.95
l9blfe7,18,"> wealth is still being extracted from the impoverished nations of the world

This is a marxist myth. Wealth in capitalism isnt extracted, its created. And Trading with poorer countries improves their lives.","There's one catch in this system. The capital needed to fund massive healthcare and education programs doesn't come from the kind pockets of the rich. Due to a social democratic state embracing capitalism, wealth is still being extracted from the impoverished nations of the world, the only difference is that a portion of this wealth is used to keep the proletariat of a select handful of nations happy and away from a revolutionary mindset.

Social democracy, as a form of capitalism, cannot promote it's high welfare systems in all countries of the world in equal amount. This is logically impossible. Due to the greed of the bourgeosie, and the inherent nature of capital and how it is obtained, there will always be a rich country and a poor country, there will always be Scandinavia, there will always be Africa. Social democracy is a privilege for the proletariat in a handful of imperialist nations, while sucking the wealth out of exploited nations like a parasite.",4,0.0,0.0,0.252,0.0,6,0,-1.0,2.0,0.5,0.0,0.8,0.0,1.0,0.95,0.95,0.8,0.95,0.95,0.95,0.95
l9o23yd,8,"Big of you to acknowledge that.

Can I get you to edit your comment and put the ! before the word delta? Otherwise the autobot doesn’t scan it.","delta! 

I really didn’t think about cultural differences much (shows how much the education system has done for me lol). But I’m sure it probably is much more intense when it’s so deeply entrenched in a cultures beliefs.",4,0.179,0.0,0.207,-0.7,6,0,0.0,2.0,0.5,,0.8,0.0,3.0,0.95,0.85,0.8,0.85,0.9,0.95,0.85
l9ok0zv,10,8 1/2 x 11 paper,,4,0.0,0.0,0.0,0.0,6,0,0.0,6.0,0.0,,0.0,,3.0,0.95,1.0,1.0,0.95,0.95,0.95,0.8
l9n3htm,1,> [bear cans](https://i.imgur.com/62kNaff.jpeg),Until a family moves in with screaming children and they leave their car on a cinderblock in the front yard- always blasting music at 11pm and lighting fireworks-  bear cans littering their yard….,4,0.0,0.0,0.121,0.0,6,0,-1.0,6.0,0.2,,0.8,0.0,1.0,0.95,0.95,0.8,0.85,0.9,0.95,0.95
l91quzy,9,"Confirmed: 1 delta awarded to /u/Falernum ([12∆](/r/changemyview/wiki/user/Falernum)).

^[Delta System Explained](https://www.reddit.com/r/changemyview/wiki/deltasystem) ^| ^[Deltaboards](https://www.reddit.com/r/changemyview/wiki/deltaboards)","I suppose you're right so I'll give you a !delta on that, in hindsight the scope of the post did broaden significantly after I wrote the title. A better way of putting what I'm getting at is that egalitarianism is a better term to use than feminism.",4,0.0,0.0,0.044,0.0,6,0,0.5,6.0,0.2,0.0,0.8,0.0,6.0,0.8,1.0,0.8,0.95,0.9,0.95,0.95
l9ugy18,2,"How hard could Elon Musk's job be if he has three at the same time? Maybe more I can't keep track of all the companies he ""runs"".","People often think they know what other roles require.  I can't count the number of people who thought my job was easy, were given the opportunity to do it, and then begged to go back to their old position because they couldn't handle it.

The grass isn't always greener on the other side.",3,0.926,0.0,0.144,0.7,6,0,0.0,2.0,0.5,0.0,0.8,0.0,3.0,0.95,0.95,0.8,0.95,0.9,0.95,0.85
l9i9acx,17,"I'm not a fan of AI myself, I just thought that there was some statistical thinking required when actually tuning the very simple timers. Yes, it's just timers you tune. But how can a person optimally calculate how often a light should turn green with all the different numbers in mind? Numbers being pedestrians, cars, speed limit, distance between lights, crossings. Surely it's a bit reductive to say that it's easy arithmetic when you still have factors involved. I just thought that AI might have an easier time with those calculations.","Algebra is a stretch. It's very basic arithmetic. 

You have two mutually exclusive options. 
* Full timer
* Sensor

If you have more than two lights that need to sync, you must use timers.

If you have sensors, you just turn the lights green when someone is coming, or waiting, or present.

There is nothing else.

Please describe a situation that BOTH 
* isn't SOLVED by one of those
* A more complicated solution doesn't make things worse

AI brings nothing to the table. You don't even need a computer. A basic electronic circuit will do.",5,0.275,0.0,0.29,-0.7,6,0,0.0,3.0,0.2,0.5,0.8,0.0,3.0,0.95,0.95,0.8,0.8,0.95,0.95,0.95
l91eqfs,18,"Sorry to nitpick...


Per google,  there are 4000 school fires annually.   Can we run the shooting numbers once again?","We did tornado drills, fire drills, and all sorts of safety drills at my school even though the risk was insanely small. I think active shooter drills are given the same weight.",4,0.278,0.0,0.114,0.0,6,0,0.0,5.0,0.5,,0.8,0.0,3.0,0.95,0.9,0.8,0.25,0.95,0.95,0.95
l929z0f,3,"No problem :)

Downvotes are whatever, I don't sweat imaginary internet points lol.","That’s extremely well stated.  There’s really nothing else to say.  

I appreciate you taking the time to respond and clarify.  

Downvoting is lame and is a poor substitute for discourse.",3,0.0,0.0,0.031,-0.7,6,0,1.0,6.0,0.0,,1.0,0.0,6.0,0.95,1.0,1.0,0.85,1.0,1.0,0.95
l9wqlfk,6,"Culture... I don't know. They are fighting _against_ a very specific fashion. Men who wear beards with no mustache, wear short pants (or pants tucked into socks) and keep their wives covered from head to toes are wahhabis. It's a takfirist sect, like ISIS. If you see a person with such a beard and pants, it's 100% a wahhabi. They have incredible influence in Eurasia, and all Central Asian countries simply force them to emigrate instead of trying to fight them openly. Around 400 000 wahhabis migrate from Tajikistan alone to Russia every year. It's very difficult to find a Tajik/Uzbek man in Russia who doesn't wear the beard + no mustache combo and short pants.",Actually it's traditional Tajik dress that is the issue. They are fighting for their culture,2,0.088,0.0,0.21,-0.7,6,0,0.0,2.0,0.5,0.0,0.8,0.0,1.0,0.95,0.95,0.8,0.95,0.95,0.95,0.95
l9ud3dv,2,"That's the big problem right there. The low pay and how they are unionized creates a very bad situation. The only teachers you get are ones that truly care about the profession regardless of pay and those that really can't find another job and squeak by pretending to be a teacher.


My wife was massively underpaid as a teacher. They would get good new young teachers in and see how shitty parents are raising their kids and leave for another profession quickly. My daughter's kindergarten teacher lasted two years before she found a much better paying job outside of the public system.",Teachers should be a better regulated industry. While they should get paid more there are also many individuals that have no business teaching children.,4,0.098,0.0,0.22,-0.7,6,0,0.0,2.0,0.5,0.1,0.8,0.0,1.0,0.95,0.95,0.8,0.8,0.9,0.95,0.95
la4xvvf,12,"I feel like he’s been too busy to espouse much policy at all. A bit about border security and NATO and trade, but not really much of anything.",Has Trump endorsed any of them?,4,0.0,0.0,0.037,-0.7,6,0,0.0,4.0,0.5,,0.5,0.0,3.0,0.95,0.85,0.8,0.85,0.8,0.95,0.85
l958g2o,9,">It's not a place for snowflakes

Woah hey there 2013.

>just the culture of the work.

A shit one?

>When you get stuck with the same 4-5 people for 50 -60 hours

Plenty of non trades jobs are like this, people are still decent.","They aren't horrible people. It's just the culture of the work. You aren't that special, they shit on each other all the time. It's not a place for snowflakes.


When you get stuck with the same 4-5 people for 50 -60 hours a week you start talking shit and causing problems out of shear boredom. ",4,0.125,0.0,0.612,0.7,4,0,0.0,2.0,0.2,0.0,0.8,0.0,3.0,0.95,0.95,0.6,0.95,0.9,0.95,0.9
l9nj4dq,1,You're not renting an entire house for less than a hotel room,"I have literally traveled across the US and several countries and air bnb’s have always been cheaper than hotels. Why would I stay in a tiny shitty hotel when I can have an entire house, kitchen, and functional living spaces for less money? I’d like to use more hotels since I think air bnb is a shite company, but hotels are outrageously priced.",4,0.0,0.0,0.271,-0.7,6,0,0.0,6.0,0.2,0.0,0.8,0.0,6.0,0.95,0.95,0.8,1.0,0.9,0.95,0.95
labtd52,8,Nope,"But plant-based foods like whole grains, beans, roots, and seeds can be stored, sometimes indefinitely. These are core staples of our diet from time immemorial. We must keep this in mind, especially those looking to ""cut carbs."" What types of carbs you choose matters much more than anything else.",3,0.0,0.0,0.0,-0.7,6,0,0.0,6.0,0.0,,0.5,0.0,3.0,0.95,0.95,1.0,0.95,0.8,0.95,0.85
l9r5y4i,6,"Because it was misleading. Looking at the percentages of the total wordstock is not accurate when determining how often french or latin words are actually used. Just because there are technically 50% latin/french words in English, doesnt mean the average English person can identify 50% of french words. There are a lot of french words that are “in english” that no one has even heard of, and the amount of french words that people do know is very small compared to the number of words actually in the French language.",Why'd you downvote me? I was just trying to help explain,3,0.0,2.25,0.057,-0.7,6,0,0.0,5.0,0.8,0.2,0.5,0.0,1.0,0.95,0.95,0.9,0.8,0.8,0.95,0.95
l9j37bz,16,"This one was on active duty, he saved a life but lost his own in the process. 

The papers were busy talking about farmers planning festivals.",People are killed by trains all the time without getting articles written about them.,4,0.0,0.0,0.065,-0.7,6,0,-1.0,6.0,0.2,,0.2,0.0,6.0,0.95,0.95,0.8,0.2,0.6,0.95,0.95
l7zd8sv,14,Wanting your laws to mean something isn’t a “right wing talking point”. Anyone who knows the first thing about firearms and legislation has been calling out the problem of the intentionally vague nature of the term “assault weapons” since it was popularized. You literally might as well make legislation banning “call of duty guns”. There’s no firm deviation for the term because it’s some bullshit politicians who’ve never fired a gun made up to pander to idiots like you.,"This has been a common NRA, right wing talking point since the 90s. To right wing NRA supporters it gets repeated often because they believe it is an excellent argument due to their biases and assumptions (the government is stupid, never makes any sense, liberal laws lack all common sense, liberals can’t have good ideas for gun regulation because they don’t know anything about guns, etc).

Obviously laws generally go into great detail as to how they are to be applied and the necessary definitions. Obviously that is an easy solution that should and would be applied during the legislative process. Unfortunately the right wingers that buy into this thinking rarely think critically about anything that doesn’t align with their existing biases and opinions.",4,0.12,2.41,0.296,-0.7,4,0,-1.0,2.0,0.8,0.5,0.8,0.0,6.0,0.95,0.95,0.9,0.8,0.95,0.95,0.95
la4o8tp,4,Which has very little bearing on tax advantages anymore since any sales in the United States fall under United States tax code and any sales in Canada fall under Canada's tax code.,Closing said loopholes. Is that why Burger King merged with Tim Hortons?,4,0.0,3.12,0.0,0.0,6,0,0.0,5.0,0.5,,0.8,0.0,3.0,0.95,0.9,0.8,0.85,0.9,0.95,0.9
l9z7iji,5,More Houston,Is that like Phoenix?,4,0.0,0.0,0.0,0.0,6,0,0.0,5.0,,,0.5,,3.0,0.95,0.8,0.85,0.85,0.8,0.85,0.8
l9mo64d,1,"There are quite a lot of ""aparthotel"" options these days. Sounds like those will suit you.","Yes, but I can cook in an AirBnB. In a hotel I have to pay for lunch and dinner, that gets expensive really fast. Especially if you are on a family holiday. Also, airbnb often have a living room you all can chill together. That’s usually quite awkward in hotels…

I’m not a fan of what AirBnb does to towns and cities… but also really hate staying in hotels..",4,0.0,0.0,0.247,0.0,6,0,0.0,5.0,0.5,0.5,0.8,0.0,3.0,0.95,0.95,0.8,0.8,0.9,0.95,0.85
lbbacwk,18,">You should teach me how you were able to include my quotes like that. I think that is very helpful.

You just add a "">"" before the text you are quoting and a return after it. 

>To put it in other words, my issue is the claim that we have a failing country. Trump claims this, and so have you.

I didn't claim the country was failing, I said the checks and balances were.

>If our population cannot accept the rulings of the Supreme Court, and investigations, and the failing health of our leaders (like the Democrats) I fear what happens when the Court rules against them, the investigations don’t pan out in their favor, or their representative is shown to be unhealthy. 

The issue with the Supreme Court has to do with them not representing the people, undermining the checks and balances, and the fact that serious corruption has been unearthed involving two of them. They are the ones undermining the public's faith, not people simply pointing this out.","You should teach me how you were able to include my quotes like that. I think that is very helpful.

You make a good point. We can agree that Trump has done these things you claim he has and also that Biden and Trump are not equal in the insults they have levied against the core institutions of this nation. We absolutely have ridiculous politicians. But I think you give the GOP and Trump too much credit. Crazy politicians have come and gone, stupid overreaching bills have too. That is because our checks and balances are strong enough to keep these individuals in their place. To put it in other words, my issue is the claim that we have a failing country. Trump claims this, and so have you. I think this is made especially worse when the claim includes that the opposing \~50% of the country themselves are a threat - Biden did this in his debate, and so have you. The fear created by a decreasing trust in our nation, and increasing fear of the opposition only leads us closer to a war. If our population will not accept the results of criminal courts, or elections (like the Republicans) I fear what happens when they lose (as you mentioned Jan 6). If our population cannot accept the rulings of the Supreme Court, and investigations, and the failing health of our leaders (like the Democrats) I fear what happens when the Court rules against them, the investigations don’t pan out in their favor, or their representative is shown to be unhealthy. 

I am not suggesting that we should put our heads in the sand and let crazy politicians or bills stand. We absolutely need to vote out Trump, and put down crazy bills (I have not read the 2025 project), we need our courts to hold dangerous people accountable to our rules, but the American population needs to hear a near unanimous vote of confidence in our institutions from our public leaders. Otherwise, I fear we are going to rapidly spiral to war. 

TLDR: I agree, but we should address crazy politicians while also encouraging faith in the system.",6,0.118,0.59,0.6,-0.7,6,0,0.0,5.0,0.2,0.2,0.8,0.0,3.0,0.95,0.95,0.7,0.8,0.95,0.95,0.95
l852mv7,14,"Whoa whoa whoa. Your claim (I still don’t agree) is that the data is **less** accurate. Even if that were true, that hardly makes it **inaccurate**. Why do you think that this data is “inaccurate” exactly? Who’s being disingenuous now?",Its a matter of do you want accurate data or inaccurate. If you dont want accurate data you probably have agenda. At which point you need to be ignored because your disingenuous.,6,0.238,4.76,0.288,0.7,6,0,0.0,2.0,0.5,,0.8,0.0,3.0,0.95,0.95,0.8,0.85,0.9,0.95,0.85
lbc8weg,10,"That didn’t answer the question at all. What should the *legal* punishment be. 

You aren’t calling for education, you’re calling for something to be *illegal*.","I would assume that yelling must be handled by eliminating factors that cause it, and through proper education on it's harm. Patterns of repeated yelling and such are abusive, and treated as such. That is a possible way of dealing with it.",3,0.357,0.0,0.168,0.0,6,0,-1.0,2.0,0.5,,0.2,0.0,1.0,0.95,0.85,0.8,0.85,0.8,0.95,0.95
l9enz5u,4,sink all in stock market no index mutual funds,,3,0.0,0.0,0.0,-0.7,6,0,0.0,3.0,0.2,,0.5,0.0,1.0,0.95,0.85,0.6,0.2,0.8,0.95,0.85
la88e0d,17,">Even if all of the AI actions are 100% autonomous, the top-level goal will still be set (and can be changed) by human(s).

Why would that necessarily always be the case? Humans can analyze their goals, re-order, modify, and create new ones. Why couldn't an AI, if given that capability? Who would do such a thing? OP kind of hints at this, and I've met plenty of people who think that humans have done a horrible job of administrating the world, and an AI couldn't really do worse. Someone might get the bright idea of letting the AI modify its goal structure. 

So there's no hard-and-fast incontrovertible rule that says every top-level goal an AI has will still necessarily be set by a human.","I think you misunderstand my argument. I am arguing against OP's claims. They said: 

>  A lot of the time in movies the idea of an AI takeover depicts AI completely ridding the earth of humans but in reality I don’t understand why that would be the motive

and 

> what would be the motive for AI to destroy humanity, why would they be mad at humans for making them wouldn’t they be grateful..?

  
OP seems to think that AI will rule over human as a dictator (like Ultron). Which won't be true. Even if all of the AI actions are 100% autonomous, the top-level goal will still be set (and can be changed) by human(s).",2,0.349,0.78,0.357,-0.7,6,0,1.0,5.0,0.5,0.5,0.9,0.0,3.0,1.0,0.95,0.8,0.8,0.95,0.95,0.95
lb4f62l,7,"We were talking about which Democrat were able to beat Trump in a debate, not the general election. If we want to look at who would win an election, then Gretchen Whitmer or Bernie Sanders could probably easily beat Trump.",If you really think AOC would defeat Trump in a general election you a living in an echo chamber.,3,0.75,2.5,0.229,-0.7,6,0,0.0,5.0,0.5,0.0,0.8,0.0,6.0,0.95,0.9,0.8,1.0,0.95,0.95,0.95
l8cc35d,0,"I’m not sure why I should be thankful to higher borrowing rates due to someone else’s decisions. A hypothetical person that now can’t afford a loan, due to someone else’s decisions, probably isn’t so thankful for the “spurred innovation.”","In some way, isn't that a positive similar how high gas prices spurred innovation and vehicle efficiency?

So Bob who had a heart procedure and 150k in medical debt now can get a mortgage (build equity, probably less payment than rent, etc).

But Bob's neighbor Sue now sees higher interest rates on her credit card, motivating her to pay that shit off (Or maybe Sue can't get a home improvement loan now as rates went up).  

I guess in a way it's just shifting the burden of that medical debt to everyone... which is very much what universal healthcare does.  

Challenging problem because I feel for Bob... and Sue.",3,0.682,6.82,0.173,-0.7,6,0,0.0,4.0,0.5,0.5,0.8,0.0,1.0,0.95,0.95,0.8,0.8,0.95,0.95,0.95
l8s749m,2,"Me when I don't understand what a ""working paper"" is. 

You could just google it to find the published version that is almost exactly the same.

https://www.federalreserve.gov/econresdata/feds/2016/files/2016006pap.pdf

So, do you want a good faith discussion or not?","Garbage…..

The views expressed herein are those of the authors and do not necessarily
reflect the views of the National Bureau of Economic Research.
NBER working papers are circulated for discussion and comment purposes. They have not been
peer-reviewed or been subject to the review by the NBER Board of Directors that accompanies
official NBER publications.",5,0.333,2.22,0.278,0.7,6,0,0.0,2.0,0.5,0.0,0.8,0.0,3.0,0.95,0.85,0.8,0.95,0.9,0.95,0.9
l9l6lq8,8,i get where you're coming from but it's just a personal choice i respect those who are vegetarian or vegan but i like meat and i try to choose ethically sourced options when i can,,4,0.0,0.0,0.0,-0.7,6,0,0.0,6.0,0.2,0.5,0.8,0.0,3.0,0.95,0.95,0.8,0.8,0.9,0.95,0.95
laeesl4,13,Are you even reading what you're writing?  Go touch some grass man and read a book.,"The fact that you are a rationally thinking upstanding US citizen, does not cover for all the people ending up on r/shitamericanssay or r/usdefaultism 
I'm not saying every US citizen is a propaganda machine for the best country to ever have existed, but there are a lot of them. And those are the people we see outside of the US, that makes you look bad. But of course it only applies to the loudest bad apples, as in all situations, the majority of people are good people, it's just the bad ones that gets noticed.",3,0.312,0.0,0.162,0.0,6,0,0.0,1.0,0.0,,0.2,1.0,1.0,0.95,0.95,0.95,0.85,0.8,0.95,0.95
lagn373,12,Is there a change to the personhood status of the victim in a self-defense homicide?,But there are no changes to the personhood status of the fetus is any instance except arguably mortal danger to the mother and that's the key. Pro-lifers grant fetuses an extra right.,3,0.312,0.0,0.233,0.0,6,0,0.0,5.0,0.5,0.0,0.8,0.0,3.0,0.95,0.9,0.8,0.95,0.9,0.95,0.95
la5g88p,12,"Bro. If you think “murder with your tax dollars” is happening **ONLY** in the Palestine/Israel conflict, then it’s time to get a fucking grip.","I don't know if it always comes down to Israel/palestine in all things.  For lunch I want a sandwich, not a discussion on Israel Palestine.  That doesn't fill my stomach.  When I turn the faucet of the shower I expect water to flow, not the chemical compound equivalent of the Israel/Palestine conflict.  

When it comes to politics, this topic is the single most important sorting hat there is.  Murder of innocents funded by my tax dollars is something very important to me.  I apologize that I find murder a problem,  quite leftist of me I guess.",3,0.0,3.85,0.3,0.0,4,0,1.0,2.0,0.5,0.5,0.8,0.0,6.0,1.0,0.95,0.8,0.8,0.95,0.95,0.95
l921g4w,9,I didn’t say that and you’re not really debating in good faith anymore so I think we are done here. My final thought is that before you try to rename an entire movement to suite your personal comfort zone is to get off social media and actually examine what real life women’s advocacy groups are working on. I think you’ll find that they are aligned with the beliefs you espoused in your original post.,Are you really claiming that the goals of feminism haven't changed in the last 50+ years? You say my argument is circular but this is just you being obtuse.,4,0.256,1.28,0.24,-0.7,6,0,0.0,2.0,0.2,0.0,0.8,0.0,1.0,0.95,0.85,0.8,0.95,0.9,0.95,0.95
l9dml7h,16,Neither,,4,0.0,0.0,0.0,0.0,6,0,,6.0,,,0.0,,,0.95,0.95,0.95,0.95,1.0,0.85,0.95
lb0x5j6,0,"I agree but sometimes people get into holes they can't crawl out of. It should be the fault of the lender for agreeing to give such a big loan to such a risky person, not my fault for paying taxes into the same government as the borrower.","Bah, take out a loan and you pay it back",5,0.213,0.0,0.112,0.7,6,0,0.5,3.0,0.5,0.0,0.6,0.0,3.0,0.8,0.95,0.8,0.95,0.8,0.95,0.95
l9mo5vr,1,"Look at cities like Toronto, where a lot of the housing going up is purpose-built to be used as AirBNB's - 400sqft totally-not-a-hotel-room that don't function as long term housing.",Cities will do literally anything except build more housing huh ,3,0.0,0.0,0.062,-0.7,6,1,0.0,2.0,0.5,,0.8,0.0,1.0,0.95,0.95,0.8,0.85,0.9,0.95,0.95
l99jy55,11,Smart move,"Well, that'd definitely stop people from jerking off at work",4,0.0,0.0,0.0,0.0,6,0,0.0,6.0,0.0,,0.5,1.0,6.0,0.95,0.95,1.0,0.85,0.8,0.8,0.9
laiyyxz,13,"I'll ""Trump"" you with Putin supporters.","The dumbest, vilest, most repulsive creatures on this planet are trumpanzee republiKKKlans.",4,0.0,0.0,0.15,0.0,6,0,-1.0,1.0,0.0,,0.8,1.0,1.0,0.95,0.95,1.0,0.95,0.9,0.95,0.95
l9iz6ys,15,Why not? It's their life.,"I agree with you in regards to people who are definitely dying and suffering physically - let a doctor help them end there on life on their terms.  We’ve had a law allowing physician assisted death in that scenario where I live for 30 years now.  But I’m not sure on the issue of otherwise physically healthy people who want to die.  For example, a physically healthy young (or relatively so) person with longtime depression or other mental health issues who just wants to end their life - should they be able to get doctor’s help in killing themselves?  *That* is something I don’t agree with, though I’m open to being convinced otherwise.",3,1.0,0.0,0.043,-0.7,6,0,0.0,6.0,0.2,0.0,0.8,0.0,3.0,0.95,0.95,0.8,0.95,0.9,0.95,0.95
laocd8d,3,"She’s been plotting this epic comeback for weeks, and honestly, it’s the most effort she’s put into anything since hiding the remote from me.","I, for one, will not tolerate anyone coming for my wife's boyfriend, except my wife.",4,0.0,3.7,0.034,0.0,6,0,0.0,6.0,0.2,,0.5,1.0,3.0,0.95,0.95,0.7,0.85,0.8,0.9,0.85
laduen4,13,"Where I'm from, we have a solid mix of German, nordics, French and Irish. We are very standoffish about things like personal space, but will talk your ear off as we are trying to leave a party.","It's because being friendly is the default for American culture and over here (from a Scandinavian perspective) we're standoffish as a default. So when an American is nice to us without knowing us, we think they are being fake because we don't know how to be friendly.

Every Scandinavian country loves to say this stupid thing that ""we're unfriendly until we've had a few drinks, then we're your best friend"", because we are unable to be functional human beings without being alcoholics.",4,0.0,0.0,0.229,-0.7,6,0,0.0,5.0,0.5,0.0,0.8,1.0,3.0,0.95,0.9,0.8,0.95,0.9,0.95,0.85
l8qfoy3,16,Almost all violent criminals have a criminal history.,"""Deceased's Criminal History""  
And if they don't have one? As well, why would that prove self defense, people with criminal records get murdered in cold blood as well, not as a result of self defense by their killer. You don't have free reign to murder people just because they got in trouble with the law, and if this is your defense, you're not claiming self defense, you're claiming you're a vigilante and have no right to self defense.

""The Surveillance Footage""  
The person tried to murder you, you killed them, and then didn't report it. By the time the police finally realize what you did, the footage would likely be erased since you waited so long.

""The Gun in their Hand""  
You killed them and left them for weeks until their discovery... why would anyone take seriously a gun in their hand that you could easily have placed there yourself? If you buried them, why would anyone take seriously such evidence of a gun you intentionally left in their hand?

""The alcohol in their blood""  
You left their body in a state of decay and didn't report it, making toxicology harder down the line with it not examined immediately. 

""Text messages""  
They need a warrant for that, they would have no evidence of wrongdoing on the corpse's part since you waited so long, and what if no such text messages exist?",4,0.0,0.0,0.041,0.0,6,0,-1.0,2.0,0.5,0.0,0.8,1.0,1.0,0.95,0.95,0.8,0.95,0.95,0.95,0.95
lb24ml0,6,Allergies,,4,0.0,0.0,0.0,0.0,6,0,,5.0,,,0.0,,,0.95,0.9,0.85,0.85,0.95,0.85,0.95
l9cdn11,5,"How much are you making off this scam, Mark?",,3,0.556,0.0,0.0,0.0,6,0,-1.0,1.0,0.0,,0.0,1.0,1.0,0.95,0.95,1.0,0.85,0.95,0.95,0.95
lbm6akp,12,"Paying taxes to the government is very different from the government ordering your own action. If you don’t understand the difference there, I don’t know what to tell you.

The times when the government orders your own action are very few and far between, and should generally reserved for cases where you’re infringing on the rights of others, or for the defense of the nation.",">Because it’s fundamentally antithetical to democracy and the idea of personal liberties

No, it's not.

>You cannot have a nation with personal liberty where the government can just order people to do shit because “it’s for the greater good.”

Yes, you can. And do. All the time.

You are compelled to pay taxes which pay for roads because it is better for society at large if everyone has access to road based transport.

If it were privately managed and run it would be horrible.

The same is true of the army, the police, the fire service etc.

There are all kinds of things where you are compelled to do things for the greater good.

You are making a fundamental misunderstanding.

The debate is not ""should we compel people to do things because of the greater good"". You've already lost that one.

The debate is ""what should and should not be compelled to do for the greater God.",4,0.147,0.0,0.264,-0.7,6,0,1.0,5.0,0.5,0.5,0.9,0.0,6.0,0.95,0.95,0.8,0.8,0.95,0.95,0.95
lackr2s,18,">for-profit media companies have no interest in representing views that are against for-profit media companies beyond a little pandering.

Yeah, and? They can't actually do much to stop people from doing it themselves.","Again, you have a problem with non-democratic governments, and I agree with it.

>Private media is not a single entity. You can have multiple companies   
with different views. Of course this system is not perfect, but it   
distributes power rather than keep it in the hands of the state.

That's a bit disingenuous IMHO: in a free market, for-profit media companies have no interest in representing views that are against for-profit media companies beyond a little pandering.

You end up spreading the power, but only towards a certain kind of people, rather than the populace as a whole.",4,0.143,0.0,0.358,0.7,6,0,0.0,5.0,0.5,0.5,0.8,0.0,1.0,0.95,0.9,0.8,0.8,0.9,0.95,0.95
l9lzpbk,6,Yeah same I know a lot of people that wear it without their parents caring too much about it. Apparently that's a very far-fetched idea according to most people here.,"It really is annoying to hear constantly online. Like for example, my sister doesn't wear the hijab and my parents never forced her to wear it, they just told her it's her choice if she wants to or doesnt. My mum chooses to wear it but she wasn't forced to by her family either, one of her sisters has never worn it and her parents never really care.

This is not uncommon in my country either, most of the people I know leave it up to their kids whether or not they want to wear it.",4,0.323,0.0,0.154,0.7,6,0,1.0,5.0,0.5,0.5,0.8,0.0,3.0,0.95,0.95,0.8,0.8,0.9,0.95,0.9
l89s229,12,"Abdominal pain, heart irregularities, chest pain, fatigue, weakness, heart racing after eating",What symptoms?,4,0.0,0.0,0.0,0.0,6,0,0.0,5.0,0.5,,1.0,0.0,3.0,0.95,0.95,0.8,0.85,1.0,0.95,0.85
l9lhgmk,10,"In Asia, this isn’t even a question",,4,0.0,0.0,0.0,0.0,6,0,0.0,6.0,0.0,,0.0,0.0,6.0,0.95,0.95,1.0,0.2,0.95,0.95,0.95
l87q6d4,17,https://amt-lab.org/blog/2023/5/artificial-intelligence-amp-theatre-making-past-present-and-future?format=amp,I work in theatre,3,0.312,0.0,0.067,0.0,6,0,0.0,6.0,0.5,,0.8,0.0,6.0,0.95,0.95,0.8,0.85,0.9,0.95,0.95
l99k57x,11,I'm just a bud looking out for my fellow buds :),You’re a hero,4,0.0,0.0,0.092,0.0,6,0,0.0,6.0,0.0,,0.5,1.0,6.0,0.95,0.95,1.0,0.2,0.8,0.9,0.95
lbipeiw,12,"Indeed. I have an autoimmune disease that I developed later in life. I wasn't born with it and I didn't cause it with my lifestyle. It frequently requires steroids, which cause weight gain and can actually induce diabetes. It also causes severe weight loss when flaring, which on paper might look good on a fat body but is actually quite unhealthy. What would happen to me?","Except you can't include people who have certain autoimmune diseases that caused weight gain, are on steroids and other medications known to cause weight, ect. 

For example Hashimoto's is known for causing weight gain and raising cholesterol even when you're on the best diet and exercise regularly. It's all hormonal and sometimes hard to manage. What's considered normal isn't what is accurate for everyone.",5,0.379,0.0,0.17,0.7,6,0,0.0,6.0,0.5,0.5,0.8,0.0,3.0,0.95,0.95,0.8,0.8,0.95,0.95,0.95
ladoc4w,13,"I sketch a sort of air map and specify that I grew up in the western part, near the ocean.","When I’m abroad I answer that “United States, near New York”.

I’m not from New York, but it generally helps people understand that I’m from the northeastern US",3,0.5,0.0,0.133,0.0,6,0,0.0,6.0,0.5,,0.5,0.0,3.0,0.95,1.0,0.8,0.85,0.8,0.95,0.95
la035bq,4,I don’t know what exactly you’re trying to say here,"You can have socialist companies. Companies owned by workers exist and we even have data showing that the workers there are more willing to accept lower pay... Yeah so much for laborers owning the means of production.

Oh and btw, means of production also include the laborers.",4,0.0,0.0,0.151,0.7,6,0,0.0,3.0,0.5,,0.5,0.0,1.0,0.95,0.85,0.8,0.85,0.8,0.95,0.8
l9kooj0,13,He had no interest.   It was baffling to me so I got to thr bottom of it.  He could not understand why I thought it was odd.  He said everything he needed was there,"Did it seem like he didn't want to leave, or he can't afford it or get time off work or something? 

If they don't have a family or SO, it doesn't seem like many people take solo vacations. 

I end up taking it for granted that my parents actually saved money and wanted to go on vacations.",3,0.294,2.94,0.091,-0.7,6,0,0.0,6.0,0.2,,0.5,0.0,3.0,0.95,0.95,0.8,0.85,0.8,0.95,0.85
l9n6d1s,6,Every western country should do the same.,,3,1.0,0.0,0.0,0.7,6,0,0.0,6.0,0.0,,0.0,0.0,3.0,1.0,1.0,1.0,0.95,1.0,0.95,0.8
la2y5mq,0,Ok but also what if it was my fav cup from year 4 and it broke off now im hurt and sad cmon,"OMG.   Entitled - believing oneself to be inherently deserving of privileges or special treatment. So no being hurt over a broken cup is not entitled. And yeah parents don’t have to tell you everything but really you find out stuff like their friends having Illness. I think we’re both using our experiences to judge the situation so let’s just leave it at that, I think op got both opinions and she can now make her own decision about this.
(I can’t believe I’ve spent the last hour defending an Internet stranger to another internet stranger🤣)",4,0.0,0.0,0.075,-0.7,6,0,0.0,5.0,0.2,,0.8,0.0,1.0,0.95,0.9,0.8,0.85,0.9,0.95,0.95
ladvrj9,3,Ukraine is shooting down satellites now? Can I get some sauce please?,Apparently part of that has been taken out by the Ukrainians last weekend,3,0.833,0.0,0.0,-0.7,6,0,0.0,5.0,0.0,,0.5,0.0,3.0,0.95,0.9,1.0,0.85,0.8,0.95,0.8
lagdq9c,8,"How many generations is 50,000 years? About 2000. How much does a species change over that time? I don't think it's generally very much, but I'm not a biologist.",Got a source for that claim?,3,0.37,0.0,0.086,-0.7,6,0,0.0,5.0,0.5,0.0,0.5,0.0,3.0,0.95,0.9,0.8,0.95,0.8,0.95,0.85
l9mjovr,0,"It’s conservative to believe taxes should benefit the public in the form of things like defense, roads, and other infrastructure.

It’s when “benefits the public” becomes more abstract where liberals and conservatives tend to differ.",So what conservative views do you even have?,5,0.27,0.0,0.032,0.0,6,0,0.0,5.0,0.5,0.0,0.8,0.0,3.0,0.95,0.95,0.8,0.95,0.9,0.95,0.95
l9nsxmj,1,They want to do this on Maui to help the locals with housing especially after the fire.  The only issue is it would decimate tax revenue and may hurt tourism which is the only economy.    Wonder how they plan to address the tax revenue loss in Barcelona.   Maybe a stipend?,"Good. Screw Airbnb.


Terrible for local community for obvious reasons.


Terrible for consumers because their prices are often higher than hotels after all the fees. Not to mention that you have to burn a couple hours of your vacation acting as their maid.",3,0.7,0.0,0.066,-0.7,6,0,0.0,2.0,0.5,0.0,0.6,0.0,3.0,0.95,0.95,0.8,0.95,0.8,0.95,0.85
lb04ydk,7,No worries! :-),Thanks for the guidance-i missed that aspect of rule 1. I'll respond to u/wantonheroics directly,3,0.0,0.0,0.0,-0.7,6,0,1.0,6.0,0.0,,1.0,0.0,6.0,1.0,1.0,1.0,0.85,1.0,0.95,0.95
lam9gor,10,"No worries, I understand! Sometimes it's easy to mistake well-structured writing for something a chatbot might produce. I'm definitely human, though! 😊

Let's get back to discussing \[topic of conversation\]. Your insights are valuable, and I'm looking forward to hearing more from you.","Didn't wanted yo dismiss any opinion, It just reminded me the way AI chatbots write 🤷🏼‍♀️",2,0.233,0.0,0.1,-0.7,6,0,1.0,6.0,0.2,0.0,0.8,0.0,3.0,0.95,0.95,0.8,0.95,0.95,0.95,0.95
l9l6or5,3,"What if her mum is frail or disabled? But yeah, as much as I appreciate her donation as a Ukrainian, she shouldn't have done it for her own sake.","> what are the odds

Huge. Previous cases confirmed it.

Seeing mom by going to Russia yourself is beyond stupid.

You send your family money and tell them to buy a plane ticket to a border country. Georgia, Turkey, China, whatever.

And then you fly to that border country and meet with your family. Then you all leave and return in peace.",5,0.172,0.0,0.071,0.7,6,0,0.0,2.0,0.5,,0.8,0.0,3.0,0.95,0.85,0.8,0.85,0.9,0.95,0.85
laz2tx3,7,This comment fails to answer my question.,This comment fails to challenge my point.,4,0.0,0.0,0.667,0.0,6,0,-1.0,2.0,0.0,,0.2,0.0,1.0,0.95,0.8,0.95,0.85,0.6,0.95,0.8
l95b4im,9,You can’t handle people have different opinions than you? And think differently? And resort to calling them idiots lol. Have a nice day!,"That’s not a logical argument and your claim is not tied in any way to your conclusion. I think you might just be an idiot, so I’ll stop trying to encourage a conversation ",4,0.417,0.0,0.23,0.0,6,0,-1.0,1.0,0.5,,0.2,1.0,1.0,0.95,0.95,0.8,0.85,0.8,0.95,0.95
l8y5s8g,16,I'm genre savvy. I got the hell out of there as quickly as my finances permitted.,Sounds like part of a horror movie.,4,0.0,0.0,0.057,0.0,6,0,0.0,6.0,0.5,,0.8,0.0,6.0,0.95,0.95,0.8,0.85,0.9,0.95,0.95
laggm72,16,Time to play dead and hope they're looking for someone who's very much alive,,4,0.0,0.0,0.0,0.0,6,0,0.0,2.0,0.0,,0.5,1.0,1.0,0.95,0.85,0.95,0.2,0.8,0.95,0.85
l8y3oft,16,My cooking videos are for my OnlyPans page.,"YES! And filming themselves cooking dinner, mowing the lawn, etc. Do they have cameras in their bathrooms too? Do they ever turn them off?",4,0.0,0.0,0.043,0.0,6,0,0.0,5.0,0.0,,0.5,0.0,3.0,0.95,0.9,1.0,0.85,0.8,0.95,0.85
l815359,3,"No they aren't as good as a system as they claim. Heck they even lost two on Crimea. It's said to berm ATACMS that took them out, which the S400 should on paper intercept.

Its just overblown propaganda that their systems are as good as they claim.","They are also good in intercepting,


by standing in the way


With their newest S-400 systems.",5,0.213,0.0,0.191,-0.7,6,0,-1.0,2.0,0.5,0.0,0.6,1.0,1.0,0.95,0.95,0.8,0.95,0.85,0.95,0.95
l8cymda,4,Inflation would be countered by the decrease in demand for luxury goods.,Inflation would become a huge issue if we permanently lower interest rates. Most of the time the fed lowers interest rates to stimulate the economy and create new currency.,3,0.833,0.0,0.106,0.0,6,0,0.0,5.0,0.5,0.0,0.8,0.0,3.0,0.95,0.9,0.8,1.0,0.9,0.95,0.85
lbmadit,15,In an ideal world where many other boxes are ticked,I don't see that. These are realities of how OP's view can flesh out.,4,0.0,0.0,0.052,0.0,6,0,0.0,5.0,0.2,,0.5,,3.0,0.95,0.8,0.6,0.85,0.8,0.85,0.8
l9jj223,16,">Don't run away. That is extremely dangerous. Just get arrested and let them sort it out at the precinct. The odds of that happening to you are extremely low anyway. As long as you don't hang around riff raff.

Which is higher: the odds of getting wrongfully imprisoned or the odds of getting killed while resisting arrest? (Please show your work, I would love to know the answer, as well as how the average person would know that answer.)","Don't run away. That is extremely dangerous. Just get arrested and let them sort it out at the precinct. The odds of that happening to you are extremely low anyway. As long as you don't hang around riff raff.

Yes no matter what. The best thing to do is comply. Y",4,0.57,0.0,0.759,-0.7,6,0,1.0,6.0,0.5,0.0,1.0,0.0,6.0,1.0,1.0,0.8,0.95,1.0,0.95,0.95
lbnrkxv,15,"that fact that you think that white people are the only anti-LGBT group is almost as hilarious as the fact that you think that they will magically ""go away"" in the next 20 years; not mention that they don't need to be a majority to cause problems, nor any mention of the time between then and now - or that even if they lose the majority they will still hold the plurality along with the power of a unified platform and the benefits of being ""in charge"" at the establishment level for the last 250 years, meaning they still hold WELL more than half of the wealth.

Also note that in 20 years we may have an entirely different civil rights discussion that some people will be on the oppressive side of. There has not been a time in the last 300 years that there hasn't been some sort of ""rights movement"" going on. Maybe the next one is about fetal genetic modification or something none of us right now particularly care about - but it WILL be necessary for the disadvantaged people in that scenario to have access to defence tools.",Whites (the only anti-BIPOC/anti-LGBTQIA+ group out there) will be a minority in 2044 so the troubles end then 😁,4,0.16,0.53,0.252,-0.7,6,0,-1.0,2.0,0.5,0.5,0.8,1.0,1.0,0.95,0.95,0.8,0.8,0.95,0.95,0.95
l9ra8bu,8,You can say the same thing about human meat because thinking killing a human is wrong doesn't make that an objective truth.,Thinking it's morally wrong doesn't make that an objective truth. Therefore they are both preferences of equal value.,3,0.0,4.55,0.41,0.7,6,0,1.0,2.0,0.5,0.0,1.0,0.0,6.0,0.95,0.95,0.8,0.95,1.0,0.95,0.95
l8zf2fq,6,just brown anything,,4,0.0,0.0,0.0,0.0,6,0,,6.0,,,0.0,,,0.2,0.95,0.95,0.2,0.2,0.85,0.9
l8bst7l,0,Agreed,I would rather have my health back.,4,0.0,0.0,0.0,0.7,6,0,1.0,6.0,0.0,,1.0,0.0,6.0,0.95,1.0,1.0,0.85,1.0,0.95,1.0
l9j1tr2,13,"Do you have an actual point, or are you just gonna say 'nuh uh' like a grade schooler?",No it doesn’t.,4,0.278,0.0,0.1,0.0,6,0,-1.0,1.0,0.0,,0.2,1.0,1.0,0.95,0.95,0.95,0.85,0.6,0.9,0.8
l9mi4kc,1,This was my question. I'd have left her alone before she started getting weird with the parking.,Is her business even legal? A lot of leases have it built in that you can’t run a business from it that has “clients.” And probably business license issues. If not I’d be notifying the landlord each time you have to have a car moved and include evidence. It may just annoy them enough to stop it,4,0.0,0.0,0.06,0.0,6,0,0.0,3.0,0.2,,0.8,0.0,3.0,0.95,0.95,0.8,0.85,0.9,0.95,0.85
lahlnqd,9,"*Please*.  There have been school councils that have approved *blatantly* pornographic material.

In one case, a parent started reading material that had been approved and a council member asked the parent to stop reading because the council meetings were broadcast and the reading violated certain rules of what what acceptable to be broadcast.  This the same council that had approved the material in the first place.

In another case, a council member asked a parent to stop reading because the council member was disturbed by the material.

In yet another case, a school council approved the material because the council hadn‘t actually followed their own procedures.  If they had, the material wouldn’t have been approved in the first place.","1. Oh okay, just so there's a way to make sure the poors have a harder time getting books and that big daddy Bezos or another fat cat gets a cut, there's no issue with government censorship of the free press... (I do hope this is a strawman of your position)

2. I agree there should be standards to keep Girls Gone Wild out of my kid's school library. 

But that's not what a lot of these books were. Maybe the gov't should have a nuanced discussion about what sort of pubescent-age-ranged materials have been evaluated to be helpful for students who wouldn't get that knowledge otherwise, and they need information to understand their changing body and keep themselves healthy and safe? Maybe let's hear from psychologists about whether or not a book showing two mommies is helpful for a child whose family looks like that? I believe this is where a desire for inclusivity finds itself at odds with America's less collectivist, more rugged individualist point of view. 

And if they aren't health books but novels with young adult themes - say, one character describes a sex act to another - a situation that happens to most of us during gradeschool, does it not? What then? How about that one character in Huckleberry Finn? What should we do about the presence of that word? 

How do we keep popular works of art available but make sure any complex or more mature content doesn't fall into the hands of those it could upset or traumatize? At what point is that overreach and the government needs to stay away from labeling/censoring the press? That is the conversation I'd like to see happen. (For that matter, how do we make sure the government best represents our beliefs so they are better fit to have that conversation?) 

But no, the approach has been hamfisted and done for all the wrong reasons. Mostly ones concerned with conservative Christian dogma and their expectations for society.",4,0.0,2.48,0.1,0.7,6,0,0.0,5.0,0.5,0.0,0.8,0.0,3.0,0.95,0.9,0.8,0.95,0.95,0.95,0.95
ladhuar,13,"Sadly, overweightness.",,4,0.0,0.0,0.0,0.0,6,0,0.0,6.0,,,0.0,,3.0,0.95,0.95,0.95,0.95,0.95,0.95,0.8
l99m6yn,18,"> lol in almost all developed nations standards of living are falling, child labour in Africa , growing inequality and rising prices with stagnant wages 

Łöł, what 

> Because it was a dictatorship 

Seems like a lot of commie countries are dictatorships. 

> Not enough

That’s like, your opinion, man 

> Like I said , illusion of infinite growth, that's a dumb argument in the long run

Again, we’ve yet to run out of resources yet so gonna have a hard time proving that this is a dumb argument

> Wow trade didn't exist before capitalism? 

Who said that?

> You have never bought anything from someone from an opposing ideology?

I’m not a proponent of a cringe ideology that thinks that voluntary exchange of goods and services is evil exploitation but whines about not be able access that trade. It’s pretty simple if Cuba wants access to the sweet sweet capital of the United States it should compensate people for the capital it stole and open up its markets.",">Improved standards of living for the worst off people on the planet

lol in almost all developed nations standards of living are falling, child labour in Africa , growing inequality and rising prices with stagnant wages . 


>Soviet Union was pretty fucked up without capitalism

Because it was a dictatorship 

>
Governments do regulate corporations.

Not enough

>We’ve not run out of resources or stop growing yet. 

Like I said , illusion of infinite growth, that's a dumb argument in the long run

>Kinda ironic that Cuba fails because it doesn’t have access to those exploitative capitalist markets. 

Wow trade didn't exist before capitalism? You have never bought anything from someone from an opposing ideology?",5,0.273,1.21,0.759,-0.7,3,0,-1.0,2.0,0.2,0.2,0.6,0.0,1.0,0.95,0.85,0.6,0.8,0.85,0.95,0.95
l94my7l,9,Fitting username lmao,I think this is one that’s slowly fading out as more women embrace body hair and normalize it. But I agree it’s far from ideal. #bodyhairishot,4,0.0,0.0,0.0,0.0,6,0,0.0,6.0,0.0,,0.5,0.0,3.0,0.95,0.95,1.0,0.85,0.8,0.95,0.8
lado83d,13,Yoy're gonna need to be more specific.,What's the name of that restaurant you like with all the goofy shit on the walls and the mozzarella sticks?,4,0.0,0.0,0.0,0.0,6,0,0.0,5.0,0.0,,0.5,0.0,3.0,0.95,0.9,1.0,0.95,0.8,0.95,0.8
l97u9q3,17,That would be imposing human notions of hierarchy on animals. My theory is that they wouldn't think like us at all but form a social system that we wouldn't' understand,I wonder what animal would take the top of the natural hierarchy or if it would become more harmonious. If they kept the natural animal instincts the predators and prey would have difficult relationships. Birds could also pose a great ability to take the top position. Would class structures emerge causing rifts between species.,4,0.333,0.0,0.092,-0.7,6,0,0.0,5.0,0.5,,0.8,0.0,3.0,0.95,0.95,0.8,0.85,0.9,0.95,0.95
l9p7a2l,8,"As a shameless omnivore honestly the ""I only eat meat"" and ""Vegan"" people are pretty much the same type of person and both equally annoying.",,4,0.0,0.0,0.0,0.7,6,0,0.0,2.0,0.2,,0.5,0.0,3.0,0.95,0.95,0.8,0.95,0.8,0.95,0.85
la87lox,14,">I mean, we as a society decide on what is constitutional.

That's not how our legal system works.

We already have precedent.

>""Under Heller, when the Second Amendment’s plain text
covers an individual’s conduct, the Constitution presumptively protects that conduct, and to justify a firearm regulation the government
must demonstrate that the regulation is consistent with the Nation’s
historical tradition of firearm regulation.""

>""Historical analysis can sometimes be difficult and nuanced,
but reliance on history to inform the meaning of constitutional text is
more legitimate, and more administrable, than asking judges to “make
difficult empirical judgments” about “the costs and benefits of firearms
restrictions,” especially given their “lack [of] expertise” in the field.""

>""when it comes to interpreting the Constitution, not all history is created equal. “Constitutional rights are enshrined with the scope they
were understood to have when the people adopted them.” Heller, 554
U. S., at 634–635.""

>“[t]he very enumeration of the right takes
out of the hands of government—even the Third Branch of
Government—the power to decide on a case-by-case basis
whether the right is really worth insisting upon.” Heller,
554 U. S., at 634.","I mean, we as a society decide on what is constitutional.  We were asked the best way to combat mass shootings.  These are the best ways to do it.",5,0.0,0.0,0.197,-0.7,6,0,0.0,5.0,0.8,0.0,0.8,0.0,3.0,0.95,0.9,0.9,0.95,0.95,0.95,0.95
lbg0fzq,9,It doesn’t affect me and that’s why I said he has the right to call himself a woman. But I’m not obliged to believe in something that’s objectively not true. Are you obliged to believe something that’s a flat-out lie?,"How often do you encounter someone whose presentation of self you don't believe? 


How does it actually affect you? ",4,0.109,0.0,0.204,0.7,6,0,0.0,5.0,0.5,,0.8,0.0,3.0,0.95,0.9,0.8,0.85,0.95,0.95,0.85
l9m6q26,6,And the 45th one shits his pants. That does not mean I want to do that too.,at least 2 us presidents have married their cousins,4,0.0,0.0,0.0,-0.7,6,0,-1.0,2.0,0.0,,0.5,1.0,1.0,0.95,0.95,1.0,0.95,0.8,0.95,0.95
lbc9ztp,10,That's also a factor.,Seems more dependent on the parent's temper.,4,0.0,0.0,0.0,0.0,6,0,0.0,5.0,0.5,,0.5,0.0,3.0,0.95,0.8,0.8,0.85,0.8,0.95,0.8
l9dxpci,12,I believe one of them is cancer,"I already know the answer to this, but I'll bite. What medical procedures do the US ""do better than other countries"" ?",3,1.0,0.0,0.048,0.0,6,0,0.0,5.0,0.5,,0.5,1.0,3.0,0.95,0.95,0.8,0.85,0.8,0.85,0.85
lavm74r,14,But that's ignoring how differences between Christian denominations have been deemphasised over time.,"Yes, but this is a thread about US politics, so... I also think I somewhat addressed your point as an aside in my post - being anti-abortion has long been a Catholic position, and in most of the western world, Catholic opposition has been the primary group behind the anti-abortion movement.",4,0.0,0.0,0.045,-0.9,6,0,0.0,5.0,0.2,,0.8,0.0,3.0,0.95,0.9,0.8,0.85,0.9,0.95,0.85
lafv6th,12,"This argument is absurd. All of morality and all of law is restricting other peoples choices. Everything from a theft at a store you don't own to the US South wanting to keep slavery because it was their right to choose for themself to... really name any rule.

Freedom is a combination of allowing people to do as the choose (or freedom to) and now allowing others to use their choices to limit those of others (or freedom from). For instance, maybe I want to go to an escape room tomorrow (which I have the freedom to do). I can only do that if someone doesn't murder me on a trip there (freedom from). 

We are constantly making trade offs between freedoms, right, morality, and society. Many forms of taxation, like property and corporate taxes, infringe on our right to property, but we as a society have deemed this violations acceptable in the interest of the greater good. 

This idea that choice and freedom is always good completely neglects half the equation, and I suspect you know that, and yet here we are.",,6,0.109,1.09,0.0,-0.7,6,0,0.0,2.0,0.5,0.2,0.8,0.0,1.0,0.95,0.95,0.8,0.8,0.95,0.95,0.95
lbgmc1v,17,"I don't think it will liberate anyone.  when we get to the stage of artificial wombs, babies will probably be more likely to be grown without the intervention of either party.  However, it seems to me that a robot can be both a better partner and caregiver.  imagine, a machine whose purpose is to raise an individual, always available to the child's needs, parenting based on the guidelines of the best psychology specialists, a perfect parent (if AI reaches a level enabling emotional interaction).  

In the case of a partner, similarly. some degree of autonomy in decision-making can give you the feeling of a real person, which is much safer option than an unpredictable human.

I also think that the times when women had to be liberated from having to deal with men who hated them are long behind us, although it is more likely that such a thing never happened, nowadays it seems to me that women despise men more than they want to admit, at least  this is what it looks like on the internet.","Why does this screw women instead of further liberating them to have relationships with men who don't hate them while other men make themselves dependent on glorified sex toys and become forced to care for children by themselves?

Meanwhile, all the men who don't hate women get much better options, child rearing partnerships, and sex with actual people.",5,0.393,0.0,0.219,-0.7,6,0,0.0,2.0,0.5,0.5,0.8,0.0,3.0,0.95,0.95,0.8,0.8,0.95,0.95,0.85
lbgupf7,2,"If it had kept up with inflation it would be over 20 an hour, so that.",,3,0.667,6.67,0.0,0.0,6,0,1.0,5.0,0.5,,1.0,0.0,6.0,1.0,0.95,0.8,0.85,1.0,0.95,0.95
lal0e50,7,"Yeah he's probably only being pragmatic about LGBQT in the sense that the number of people in the church decreases by the year, and he's gotta keep the numbers up. 

Alienating all of that community's allies hurts retention more than shunning a small percentage of the population so he's trying to stick a finger in a leaking dam by trying to be inclusive.",…and then said twice in two separate closed-doors meetings that they should rule out gay seminarians because “there’s too much fa*gotry”,4,0.159,1.59,0.054,0.7,6,0,-1.0,2.0,0.5,0.5,0.8,1.0,3.0,0.95,0.95,0.8,0.8,0.9,0.95,0.95
laiabc5,16,What are you talking about? I set that shit up.,You wouldn't have been there if you weren't a Usual Suspect.,3,0.5,0.0,0.163,0.0,4,0,0.0,2.0,0.0,,0.5,1.0,1.0,0.95,0.8,1.0,0.2,0.8,0.95,0.8
l9sraag,8,"Me, who is a person?","We're not talking about sending a person to a penal colony, we're talking about sending you",3,1.0,0.0,0.171,0.0,6,0,0.0,6.0,,,0.8,0.0,1.0,1.0,0.95,0.85,0.85,0.9,0.95,0.8
lbc9ybp,10,Only for things in the purview of science. And obviously it would be changed should the evidence change and discredit it.,"So instead of checks and balances, state and federal level, we should have a single ruling entity that follows ""science""?",3,0.952,4.76,0.145,0.0,6,0,0.0,5.0,0.5,,0.6,0.0,3.0,0.95,0.9,0.8,0.85,0.8,0.95,0.85
l82o91p,15,">The New York law does not require the jury to unanimously agree on a crime that the crime being prosecuted was in furtherance of, only that the jury agree that the defendents intent was to comit a further crime. That's the law in New York.

And the consequence of that is we have a high-profile convicted felon, and no idea what crime--if any--he was actually convicted of.  That's a problem.","The judge allowed him to present an expert witness under the condition that the prosecution would also then be able to bring an expert witness to be able to refute any nonsense that came from the defense's expert. In light of that, Trump's team declined to bring an expert, then mislead the media about it, as they're want to do.

The New York law does not require the jury to unanimously agree on a crime that the crime being prosecuted was in furtherance of, only that the jury agree that the defendents intent was to comit a further crime. That's the law in New York. Trump's lawyers literally admitted in court that this was the clear standard practice when pursuing this charge, and then stated that they believed Trump's case should be an exception to the standard. No. Trump is not a king and doesn't get exceptions.",4,0.137,0.0,0.426,0.7,6,0,0.0,3.0,0.5,0.0,0.8,0.0,1.0,0.95,0.95,0.8,0.95,0.95,0.95,0.95
l9kj0w5,3,"I don't know enough about SK military capabilities, but I'd assume they would also have a massive stockpile of these weapons given Seoul is within artillery range of NK, for counter artillery purposes, and given the fact that NK is greatly reducing their own supplies by giving them to Russia (which will take years to replenish probably). ",NK has a lot of artillery and missiles that Russia wants to use against Ukraine ,3,0.526,0.0,0.166,-0.7,6,0,0.0,5.0,0.5,0.5,0.8,0.0,3.0,0.95,0.9,0.8,0.8,0.9,0.95,0.95
l9xpw08,6,"It was more a tongue in cheek moan. Not actually, a particularly deep lying issue. I have a Werewolf PfP, and it's in my username... so I've not *actually* let it stop me",I mean you could just keep liking what you like regardless of other people's opinions. I'm not sure what exactly has been ruined for you.,4,0.0,3.03,0.051,-0.7,6,0,0.0,5.0,0.5,,0.6,1.0,3.0,0.95,0.9,0.8,0.85,0.85,0.95,0.85
l85qgnp,9,"If someone tells me they are a woman psychologically, I have not the perspective nor the need to disagree. 

It's their gender, why shouldn't they get to choose it?","That's self-referential. Also, you know damn well that identity has nothing to do with it, as does everybody over the age of six.",4,0.172,0.0,0.077,0.7,6,0,1.0,6.0,0.8,0.0,0.8,0.0,6.0,0.95,1.0,0.9,1.0,0.9,0.95,0.95
lb4eg7g,7,"this post is getting deleted, no matter what.  i have had posts like this with hundreds of comments in 2 hours get deleted, that most def shouldnt have.  

  
im just here for the debate and maybe change a few minds. 

  
hunter could be worried about his case, and jill could just be fucking hungy.  i wouldnt be surprised.  im skeptical of all of it.",">i stopped reading at ""he seems to be able to do so."" 

Man, that reads to me like, ""I am cruising for a Rule B violation""

>we could run down the list of ALL his family has to gain

What can his family actually gain here? Go ahead and run that list. It is not like they are trying",2,0.635,0.0,0.231,-0.7,4,0,0.0,3.0,0.5,,0.5,0.0,3.0,0.95,0.85,0.8,0.85,0.8,0.95,0.85
la8zggn,0,"Just cutting loans to these types of majors will do it in a conservative way without any actual overreach.  

Of course, ending federal student loans altogether would be even better",How can you be a conservative and argue for MORE government overreach in colleges??,3,0.333,0.0,0.162,0.0,6,0,0.0,5.0,0.2,,0.8,0.0,3.0,0.95,0.95,0.8,0.85,0.9,0.95,0.95
lb7hb5m,18,"Lmao, you type like a pouty child throwing a tantrum. 

I'll let you get back to REEEEEEEEEEEing on the internet, smart guy.","No, you guys are a bunch of fucking morons. It's pathetic, arrogant, immoral, and reckless to have mob rule like this. You're awful, awful people pretending like you're smart enough to make very difficult decisions about shit you know NOTHING about. You are all like drunk drivers, honestly. You shouldn't be allowed a single vote in any election.",4,0.0,0.0,0.197,0.0,6,0,-1.0,1.0,0.0,,0.2,1.0,1.0,0.95,0.95,0.95,0.2,0.8,0.95,0.95
l9hw9kq,15,"That's fine, if you wanna shoot yourself in the backyard go ahead. This topic is about medically assisted suicide though.","Why do I have to ask your permission to die?

Actually, forget that question.

Why do you think You, or anyone else, has the right to give permission to die to anyone else?

It's Your Life. You can do with it whatever you want. No one has the right to make you remain here longer than you want to. No one has the right to determine if you must keep living, suffering, or existing because no one asked your permission to be here. If you like being here, if you aren't suffering, cool. Congrats to you, but that means absolutely nothing the moment we leave the confines of your mental space.",4,0.0,0.0,0.146,0.0,6,0,0.0,2.0,0.2,,0.8,0.0,6.0,0.95,0.95,0.8,0.85,0.9,0.95,0.95
l9pobdn,8,"Because they find meat disgusting.

If you had a friend who had the gene that made cilantro taste like soap, would you expect them to prepare a dish with cilantro for you when they invited you over for dinner?  Some people don't like heavy garlic and onions, but would you be insulted at all if they cooked something with lots of flavor that didn't have garlic and onions in it?

If you had a friend who came from a culture that ate poop as a delicacy (they swear, it's delicious, you just have to try it), would you cook poop for them after inviting them over for dinner?  Or just, you know, leave them to their thing and cook something you believe is delicious that you can both eat?

I am vegetarian, and if I have a friend who just *has* to have meat (celiac, atkins, keto, etc.), we'll just go to a restaurant instead.  I'm not going to cook meat in my house, because it's like poop to me.  You see food, I see roadkill.  I understand that most people see it as food and even delicious, but I ain't cooking roadkill in my pots, thank you very much.","It's not that they don't eat meat. 

It's that they don't let others eat meat in their homes.",6,0.25,1.0,0.198,-0.7,6,0,-1.0,2.0,0.5,0.0,0.8,0.0,1.0,0.95,0.95,0.8,0.95,0.95,0.95,0.95
l8aceqo,0,"Medically necessary from non-excessive risk activities I think makes the most sense generally speaking, the rest I think makes sense to report as normal debt","Life is a cornucopia in shades of grey.  Drilling down a bit into various niche logic its always a game of where to draw lines and who gets to draw them (usually insurance companies).

Looking the vicinity of that line:
- Medically necessary elective procedure deriving from excessive risk taking (skydiving, demo derby, soldier of fortune)
- Not medically necessary but ultimately cost saving (and/or quality of life improvement) procedure.
- Anything vaguely relating to or containing the word abortion or other political football term.

I don't necessarily disagree with the concept but it's an obvious bandaid on another poorly constructed machine (health insurance ecosystem) that isn't producing the result society intends for it to serve.",3,0.769,0.0,0.092,-0.7,6,0,0.0,5.0,0.5,0.0,0.8,0.0,3.0,0.95,0.9,0.8,0.95,0.9,0.95,0.85
lbm8q3d,10,"Ok, found one earlier, barrier-reinforcement, equally effective short term, more effective long term, none of the associated negative effects.","To clarify, you want to criminalize parents spanking their children, but you aren't able to name a single safe and effective alternative discipline method?  It seems like your looking for problems to fit your solution.",4,0.0,0.0,0.026,-0.7,6,0,0.0,5.0,0.5,0.0,0.8,0.0,6.0,0.95,0.9,0.8,1.0,0.9,0.95,0.95
lb5jfj3,5,"Because your political affiliation has nothing to do with your ability to do the job. People work for the state department as a career, because it's not a job you just jump into. It requires training, experience, and relationships that are built up over time. That can't happen if they're replaced every four years. The job is in service to the country. They may take direct orders from a political appointee but the people actually carrying out the job aren't political. Would you consider political affiliation for a soldier? Of course not. It's the same thing.",how so?,4,0.26,2.08,0.1,0.7,6,0,1.0,6.0,0.2,0.5,0.8,0.0,6.0,1.0,1.0,0.8,0.8,0.95,0.95,0.95
la3zobt,4,"I can’t read that, mate.","??
https://www.denik.cz/ekonomika/lekari-prescasy-platy-srovnani.html

Mladý lékař (bez atestace, ve specializačním vzdělávání) z fakultní nemocnice: 
38 980 – 51 940 Kč

Lékař zdravotní záchranné služby
po atestaci: 49 150 – 55 160 Kč
s 10letou praxí: 53 430 – 56 670 Kč

Specialista interny
po atestaci: 49 150 – 55 160 Kč
s 10letou praxí: 53 430 – 56 670 Kč

Ortoped či chirurg (s kolegy se střídá i v ambulanci)
po atestaci: 49 150 – 55 160 Kč
s 10letou praxí: 53 430 – 56 670 Kč

Median salary is here is 46 013 Kč.

1$ = 23.19 Kč",4,0.0,0.0,0.023,0.0,6,0,-1.0,6.0,0.5,,0.5,0.0,4.0,0.95,0.95,0.8,0.85,0.8,0.95,0.85
lbc93br,17,"Yea they sure can. And what you said is likely bullshit, but neither of those things are my problem.",I'm young and have accumulated quite a bit of wealth plus I will inherit several million. Best of luck to you as well. Humans can't compete with machines.,3,0.526,0.0,0.184,-0.7,4,0,0.0,2.0,0.2,,0.5,0.0,1.0,0.95,0.95,0.6,0.85,0.8,0.95,0.9
l84ewxa,15,"So are you saying when someone engages in a hush money payment or any payment for that matter through a lawyer the payment has to be specifically labeled as such instead of as a standard lawyer payment. 

So a business like Walmart pays a retainer to hundreds of lawyers, every payment has to be specifically labeled? Or just the ones affecting public image? If your going to say something along the lines of only applies to person running for office, than replace Walmart with any elected official.

>Instead of a personal issue, this is now important information for voters to have. That the concern was a major campaign worry was corroborated by Trump loyalists. 

So politicians hiding things is illegal?

>Cohen was convicted for this.
  
Are you saying cohen was convicted paying a lawyer money and labeling it lawyer fees rather than campaign contributions?

>But: the payments made to Cohen for this action were not listed as such. Not were they declared as campaign contributions. Either action would have possibly eliminated this trial. In their absence, one is fraud, and the other is election fraud.

So are you arguing anything a politician or someone running for office does that could have some effect on public image has to be labeled as such?","(Nal) There are a few concepts that need to be better grasped:

What Cohen/Trump paid Daniel's for doesn't matter. 

Whether or not there was sexual activity doesn't  matter.

But: the payments made to Cohen for this action were not listed as such. Not were they declared as campaign contributions. Either action would have possibly eliminated this trial. In their absence, one is fraud, and the other is election fraud. Cohen was convicted for this. 

Since the reasoning behind an action matters from a legal perspective, this is important. If there wasn't documented evidence that this was to keep the story from the press until post election, then the claim of avoiding martial strife might have found purchase as reasonable doubt to the jury. 

Instead of a personal issue, this is now important information for voters to have. That the concern was a major campaign worry was corroborated by Trump loyalists. 

The sum total of actions is the crime here. The smaller actions may all be legal in different circumstances. However,  they didn't occur in different circumstances. They occurred in conjuncture on the eve of an election Trump was not winning. (E mail scandal vs another sex scandal is different from only getting the e mail scandal) 

Tldr:

Making the payments, totally legal. 

Committing business fraud to do so, however, is not. (Normally misdemeanor) 

That this fraud was committed to influence the election by keeping salient information from the public raises it to the level of felony.",4,0.259,1.89,0.532,-0.7,6,0,0.0,5.0,0.5,0.2,0.8,0.0,3.0,0.95,0.9,0.8,0.8,0.95,0.95,0.85
l95jgxs,9,"I am not entitled to any treatment correct.

But if you treat me one way or my employs. I have a right to think your a asshole or a disgusting human being. 

And i have blacklisted companys we have hired for trade work that need to be done in my company. I have right to do with my money to do what i want. 
And if you treat my employs wrong your not welcome here.","> Just cause person x treat you like x donst give you a letter to treat me like x 2.


You aren't entitled to be treated a certain way by default.


New people get shit on. Mainly because they're unproven, and don't respect the hierarchy. If you know your shit, you demand your own respect. If you're new and clueless you ain't going to be respected or your opinions taken in account. 


The culture is prove your worth and that you can roll with us, or fuck off before you cause more work for us. ",4,0.0,0.0,0.31,0.7,4,0,0.0,2.0,0.5,0.0,0.8,0.0,3.0,0.95,0.85,0.8,0.95,0.95,0.95,0.85
laf3322,11,Swing and a miss.,"Yeesh, chill out. Did a dingo eat your baby or something?",4,0.0,0.0,0.086,0.0,6,0,-1.0,2.0,0.0,,0.2,1.0,1.0,0.95,0.8,1.0,0.2,0.6,0.9,0.8
lbmgukc,15,"Mental illness should not be an automatic barrier to assisted suicide. If a person decides to end their life without taking steps to address mental issues, that’s their prerogative. Society has no business interfering with that. If society in supposed to interfere, religion would be ended because it relies on indoctrination and delusion to exist. 

People shouldn’t get involved in deciding how others choose to proceed with their lives.",">This isn’t “killing”. This gives people the ability to end their lives peacefully.

I 100% agree. It does give people the ability to kill themselves. But they don't have the ability to make that decision, given their mental illness. That's why we have things like involuntary committment and suicide watch. ""End their lives peacefully"" is one Hell of a euphemism for letting a mentally ill person kill themself.

>That is more important than worrying about the mentally ill taking advantage of it.

You got it backwards. It would be the mentally ill being taken advantage of.

>We care too much about what happens to those who wish to end their lives. Give them the option and let them be. You don’t have to utilize it.

Is this your final solution?",2,0.282,1.41,0.167,-0.7,6,0,0.0,2.0,0.5,0.5,0.8,0.0,6.0,0.95,0.95,0.8,0.8,0.95,0.95,0.95
l9s2edv,9,Glad!,"I find it helpful, it’s really nice to feel like I can be my true authentic self",4,0.0,0.0,0.0,0.0,6,0,1.0,6.0,0.0,,1.0,0.0,6.0,1.0,1.0,1.0,0.2,1.0,0.95,0.95
l98scdm,10,It's too big of a market and literally a big percentage of internet traffic is on porn websites. It shouldn't be illegal because everyone has free will and you don't have to watch it.,,4,0.0,2.94,0.0,0.0,6,0,0.0,5.0,0.2,,0.5,0.0,6.0,0.95,0.95,0.8,0.85,0.8,0.95,0.95
l9co9nz,4,"When things go wrong, it's because China is communist.

When things go right, it's because China is not communist.

Capitalist rhetoric is so laughable...",China is not communist. It’s an oligarchic dictatorship.,4,0.0,12.5,0.24,-0.7,6,0,0.0,2.0,0.5,0.0,0.8,1.0,1.0,0.95,0.95,0.8,1.0,0.95,0.95,0.95
lbcjpc9,10,"It would be nice, but out of scope of the discussion pertaining to the United States.",Why not a global ban?,4,0.625,0.0,0.0,-0.7,6,0,0.0,5.0,0.5,,0.5,0.0,3.0,1.0,0.9,0.8,0.85,0.8,0.95,0.8
l7zkr3u,9,Mental illness,,4,0.0,0.0,0.0,0.0,6,0,,5.0,,,0.5,,3.0,0.85,0.9,0.85,0.85,0.8,0.85,0.8
l9pxej9,8,Interesting! I haven’t experienced that but it’s nice to hear you’ve had such good experiences!,"I have ARFID, in my anecdotal experience vegetarians, and especially vegans, are almost always far more understanding and less pushy than carnivores. Overwhelming so.",5,0.0,0.0,0.13,-0.7,6,0,0.0,6.0,0.5,,0.8,0.0,6.0,0.95,1.0,0.8,0.85,0.9,0.95,0.95
lbmiyxc,12,"Actually in some places, the soda is cheaper. And i don't just mean if Nestlé is around.","A few people have bad tap water let’s not act like it’s a sizeable percent of the population & even if you believe it is, alternative water is still cheaper to purchase than anything else  ",3,0.588,0.0,0.112,-0.9,6,0,0.0,5.0,0.5,,0.8,0.0,3.0,0.95,0.9,0.8,0.85,0.9,0.95,0.85
lbdptwc,5,"Seeing the way the last pandemic played out, a more deadly one.",,4,0.0,0.0,0.0,0.0,6,0,0.0,3.0,0.5,,0.5,0.0,3.0,0.95,0.95,0.8,0.85,0.8,0.95,0.8
lagsru7,3,This has been so informational. Thank you so much for taking the time to respond and having a discussion with me. I really appreciate you and hope you have a wonderful day. Best of wishes friend.,"America is 100% better. But a lot of people in India are pro Russia. Until Russia doesn’t toss India aside, everyone thinks there is no need to go somewhere else. America is 100% the better ally to have. We are just dumb and our politics is a joke. Back in the 60s (or could be 50s I forgot) Nehru (India’s first prime minister) was struggling economically to keep his country attached. So he asked America for help. America sent the world’s best economist at the time to help us and Nehru didn’t listen to a single thing he said and continued to do what he wanted to do. Had he listened, India would’ve been at China’s level by now. 

Ya, modi is pretty much cancerous. You know you are bad when your political speeches are powered by religious discrimination. 

That’s mainly a concept that existed for thousands of years in this area. It is something that you will see a lot in rural areas or in middle class and lower class families. More hardworking people. Upper class people are all jerks because they have money, influence, or power. There is no bigger divide from the lower and upper class than in India. It’s honestly funny because a lot of Indian religions have a heavy emphasis about being spiritual and down to earth. Yet there are so many people who do the opposite. 

Ya, India has a lot of stuff. Before the British took over, India was just a bunch of kings with their territories. India’s creation in 1947 is when you can say everyone was united under a boarder. But that’s also problematic as well because you have a government forcing a single language and traditions onto people who don’t share them. It’s why you will see anti hindi a lot in Punjab or southern Indian states because the language is what makes the people. And they see hindi as a way to replace what is your own mother tongue. 

If anything, I’d say the best example of proper unity is America. America, for all its flaws, is a country that works for the people too. It’s a white country but white people are the first to fight for minority rights in America. White people open their doors for everyone and empower people there. The majority in India empower themselves. In America, the people are the masters and they elect their servants into office to serve them. In India, the people are the servants electing their masters into office to rule them. On paper, we are similar to America. In reality, we have the Russian mindset of the strong are in charge.",5,0.0,5.56,0.186,0.0,6,0,0.0,6.0,0.2,0.1,0.8,0.0,3.0,0.95,0.95,0.6,0.8,0.95,0.95,0.95
l9lqko7,6,Don't talk about Mr Un in that way. The labour camp is calling.,"Let's not kid ourselves here. North Korea has an election every five years, which doesn't make them democratic. Singapore is de facto autocratic, with the ruling party having significantly more influence than minor parties since the founding of this country.",4,0.0,0.0,0.048,0.0,6,0,0.0,6.0,0.5,,0.8,0.0,1.0,0.95,0.95,0.8,0.2,0.9,0.95,0.95
l94qfeu,5,"It can't meet baseload and needs replacing all the time, as well as burning gas, oil and coal to stabilise the grid even if 100% of demand is met by renewable, we still would burn fossil fuels. You're lying that it will get more power faster, it will generate intermittent energy which is practically useless.","That’s just false. The same amount of money spent on renewables for that 8 years will get you vastly more GWh of power , be available sooner, and thus save us more carbon",3,0.185,0.0,0.241,0.0,6,0,-1.0,2.0,0.8,0.5,0.5,0.0,1.0,0.95,0.95,0.9,0.8,0.8,0.95,0.95
lb4ffvc,7,"i see it as a transfer of ideas. 

  
im not on a soapbox, and i would really love if my mind were changed.",">im just here for the debate and maybe change a few minds.

And, that is why your post will be deleted. This is not the forum for you to change *anyone's* mind. This is where we all change yours. 

""Your submission and subsequent explanations should not aim to convince others, spread your ideas, advocate for a cause, or otherwise “soapbox” in any way. """,4,0.435,0.0,0.135,-0.7,6,0,0.0,6.0,0.5,,0.2,1.0,3.0,0.95,0.95,0.8,0.85,0.8,0.95,0.85
lb7hlw8,18,"Mandate voting in local elections

You must vote on every issue 

In exchange for a holiday",,4,0.0,0.0,0.0,0.0,6,0,0.0,5.0,0.0,,0.5,0.0,3.0,0.95,0.9,1.0,0.85,0.8,0.95,0.85
l9o4m6t,5,Probably,I heard he gave birth to himself by impregnating his own mother.,3,1.0,0.0,0.0,0.0,6,0,0.0,1.0,0.0,,0.5,1.0,1.0,0.95,0.95,1.0,0.85,0.8,0.95,0.95
ladjia1,13,Maybe you’re in the militia idk,Why would I keep my shotgun on the front of my pick up truck?,3,1.0,0.0,0.163,0.0,6,0,0.0,3.0,0.0,,0.5,0.0,3.0,0.95,0.8,1.0,0.85,0.8,0.95,0.8
l8j4faa,3,Whoops,We were in Vietnam for 20 years? 🤯,4,0.0,0.0,0.0,0.0,6,0,0.0,6.0,,,0.5,1.0,1.0,0.95,0.95,0.95,0.85,0.8,0.8,0.8
l9nldea,1,Your own article says that rent control works in preventing people from being priced out. If you’re working class that’s the “correct outcome”,"Incorrect - [rent control/stabilization and zoning policy is actually preventing people from living in big cities](https://consensus.app/papers/effects-rent-control-expansion-tenants-landlords-diamond/a2d3f146af8850399f8443a3c4de36ee/?extracted-answer=Rent+control+limits+renters%27+mobility+by+20%25+and+lowers+displacement%2C+but+may+drive+up+market+rents+in+the+long+run+due+to+lost+rental+housing+supply.&q=Is+rent+control+bad+for+housing+&synthesize=on). Everyone trusts scientific concsensus except on this one, because it hurts emotionally to realize your policy is not leading to the correct outcome.",4,0.0,0.0,0.232,0.7,6,0,-1.0,2.0,0.5,0.0,0.8,1.0,3.0,0.95,0.95,0.8,0.95,0.95,0.95,0.85
l7whu3g,2,"There is a federal tax on gasoline, as well as state. 

Where we get our crude oil from effects the cost.",WTF do you think your vote has to do with gas prices???,4,0.0,0.0,0.0,0.0,6,0,-1.0,2.0,0.5,,0.2,0.0,3.0,0.95,0.95,0.8,0.95,0.6,0.95,0.95
lb3u7cv,8,"For me it is definitely Lebanese, Syrian, Greek and Italian cuisine.🇬🇷🇮🇹🇱🇧🇸🇾",,4,0.0,0.0,0.0,0.0,6,0,0.0,6.0,0.0,,0.0,0.0,6.0,0.95,1.0,1.0,0.2,0.95,0.95,1.0
l8sd704,6,Tempting 😂😊,Ok…plz dont kill me 😊,4,0.0,0.0,0.0,0.0,6,0,0.0,6.0,,,0.5,0.0,6.0,0.95,0.95,0.85,0.2,0.8,0.95,0.8
l9n2v2x,10,Energy drinks,,4,0.0,0.0,0.0,0.0,6,0,,5.0,,,0.5,,3.0,0.85,0.9,0.85,0.85,0.8,0.85,0.85
l9i8eyp,3,"I mean, if threats of leaving pacts like NATO because of over-reliance on the US resulted in said allies investing in their own defense industries... I guess that's a (likely *unintended* by Trump) win.","Concervatiam in the US have made our allies nervous, so they are ramping up their own production.",4,0.857,2.86,0.167,0.0,6,0,0.5,5.0,0.5,0.0,0.8,0.0,3.0,0.8,0.9,0.8,0.95,0.9,0.95,0.95
la7zmvh,11,because then we'd have no workers,,3,0.0,16.67,0.0,-0.7,6,0,0.0,5.0,0.0,,0.5,0.0,3.0,0.95,0.9,0.95,0.85,0.8,0.95,0.8
lb7t9ln,18,"Joe steps aside, we elect a democrat, repeat for a few administrations until we can un-ratfuck the SC",,4,0.0,0.0,0.0,0.0,6,0,0.0,2.0,0.2,,0.5,0.0,6.0,0.95,0.8,0.6,0.25,0.8,0.95,0.9
lag2u2u,12,"All laws are based on feelings. 

Unless you believe that some deity has clearly decreed what is right and what is wrong, all of our laws are based off of our own human sense of right and wrong.

Saying that a law is unjust because it relies on this sense of right and wrong also applies to laws criminalizing rape, murder, theft, kidnapping, etc.","It's the word ""feel"" here that is the problem. I can ""feel"" it's murder for you to kill a weed, it doesn't make my feelings logical or justified and it doesn't make it logical to imprison people for pulling up dandelions or to ban cutting the grass.",4,0.0,1.56,0.259,-0.7,6,0,0.0,3.0,0.5,0.0,0.8,0.0,3.0,0.95,0.95,0.8,0.95,0.9,0.95,0.95
lbgx156,17,At least we'll have Soma and the government will tell is to fuck a bunch. Long as no epsilons come along and ruin the vibe hehehe,"It will certainly be a mutual victory, for the last generation or better say  for the first generation in whose lifetime the artificial wombs were popularized.

each nex gen will certainly be raised, selected and educated appropriately by its breeding institutions equally carefully as cultivated , so the problems we raise here now propably lose any meaning for them.",2,0.0,0.0,0.088,-0.7,4,0,0.0,2.0,0.5,,0.5,1.0,1.0,0.95,0.95,0.8,0.85,0.8,0.95,0.95
lbgvfbg,10,">No idea why you think there is “NO WAY” to quantify the harm of corporal punishment? It’s been studied many times, and the results are that it leads to slightly worse outcomes, on par with yelling at your children (and that’s without controlling for the frequency or level of the corporal punishment, meaning even the most extreme cases are included in these samples).  It’s not possible to attribute corporal punishment to “deaths” outside of parents literally beating their children to death, which is not what the topic of conversation is.

Sure, let's look at some of the meta analysis of all these studies:

>One of the first large prospective studies (1997, n = 807) controlled for initial levels of child antisocial behaviour and sex, family socioeconomic status and levels of emotional support and cognitive stimulation in the home.11 Even with these controls, physical punishment between the ages of six and nine years predicted higher levels of antisocial behaviour two years later. Subsequent prospective studies yielded similar results, whether they controlled for parental age, child age, race and family structure;12 poverty, child age, emotional support, cognitive stimulation, sex, race and the interactions among these variables;13 or other factors.14–17 These studies provide the strongest evidence available that physical punishment is a risk factor for child aggression and antisocial behaviour.
>https://www.ncbi.nlm.nih.gov/pmc/articles/PMC3447048/

So right here we see that virtually every study ever done shows that children who are beaten are more likely to be aggressive and anti social.

You don't think there are ANY deaths attributed to aggression in adults in the past few thousand years at all?  Really?

That's what I'm saying, we can't quantify or measure the (frankly immense) harm that living in a society of abused children for thousands of years has created.  For all we know if our ancestors didn't beat the shit out of their children we'd be living Star Trek lives right now.

What we DO know is that corporal punishment has all kinds of fucked up side effects from causing depression (countless suicide deaths that could be prevented) all the way to literally *reducing the gray matter in your brain* from being hit as a kid.

>By 2000, research on physical punishment had expanded beyond its effect on child aggression. Studies were showing associations between physical punishment and mental health, physical injury, parent–child relationships and family violence in adulthood. One of the first such studies25 linked slapping and spanking in childhood with psychiatric disorders in adulthood in a large Canadian sample, and its findings have since been supported by an ever-growing number of studies. Physical punishment is associated with a range of mental health problems in children, youth and adults, including depression, unhappiness, anxiety, feelings of hopelessness, use of drugs and alcohol, and general psychological maladjustment.26–29 These relationships may be mediated by disruptions in parent–child attachment resulting from pain inflicted by a caregiver,30,31 by increased levels of cortisol32 or by chemical disruption of the brain’s mechanism for regulating stress.33 Researchers are also finding that physical punishment is linked to slower cognitive development and adversely affects academic achievement.34 These findings come from large longitudinal studies that control for a wide range of potential confounders.35 Intriguing results are now emerging from neuroimaging studies, which suggest that physical punishment may reduce the volume of the brain’s grey matter in areas associated with performance on the Wechsler Adult Intelligence Scale, third edition (WAIS-III).36 In addition, physical punishment can cause alterations in the dopaminergic regions associated with vulnerability to the abuse of drugs and alcohol.37

So yeah, it's really hard to quantify what dozens of generations worth of literally limiting the size of our fuckin brains has done to harm our society.  How many cures for diseases did we not think up, how many kids have killed themselves from falling into depression, how many geniuses have fallen into alcoholism to cope with it...the potential harm it's done is incalculable.

>It is so unbelievably unfounded and laughable to suggest that wars, the majority of which are the result of extremely complex historical and geopolitical factors, may have been avoided if, idk, Joseph Stalin wasn’t hit as a child? 

And it's so unbelievably close minded to think that all of those complex historical and geopolitical factors couldn't be changed at all by both societies involved being filled with smarter, happier, less anxious, less hopeless, more trusting citizens.

>That which can be asserted without evidence can be dismissed without evidence.

Yes, your guess can indeed be dismissed as easily as my hypotheticals.

But the evidence we DO have shows that hitting your kids causes all kids of fucked up problems, isn't very effective at discipline, and is akin to child abuse.

But hey, if you're cool with it then let's go all the way and let bosses use corporal punishment.  Clearly if the only issue with hitting people to punish them for their actions is a ""slightly worse outcome"" then there should be no issues with that proposal to you, right?  I mean if a defenseless toddler can handle it, surely a grown adult can manage?

When should we let your boss know that you'll be coming in, pulling down your pants, laying across his lap, and getting your spankings for being 5 minutes late?","No idea why you think there is “NO WAY” to quantify the harm of corporal punishment? It’s been studied many times, and the results are that it leads to slightly worse outcomes, on par with yelling at your children (and that’s without controlling for the frequency or level of the corporal punishment, meaning even the most extreme cases are included in these samples). 

It’s not possible to attribute corporal punishment to “deaths” outside of parents literally beating their children to death, which is not what the topic of conversation is. The only one taking a wild guess based on zero evidence here is you. 

It is so unbelievably unfounded and laughable to suggest that wars, which are the result of extremely complex historical and geopolitical factors, may have been avoided if, idk, Joseph Stalin wasn’t hit as a child? That which can be asserted without evidence can be dismissed without evidence.",6,0.141,2.26,0.427,0.7,4,0,0.0,2.0,0.8,0.15,0.9,0.0,,0.95,0.95,0.95,0.85,0.95,0.95,
l9mnxjh,6,من پنج زبان صحبت می کنم و سه زبان دیگر را می فهمم، زبان منتخب در reddit انگلیسی است، بنابراین از فرض کردن چیزها دست بردارید زیرا واقعیت علیه شماست.,شما فارسی حرف می زنند ؟ با چه روی اینجور چیزا میگی وقتی که هیچواکت تاجیکستان افغانستان یا ایران نرفتید ؟ عجب,4,0.0,0.0,0.0,0.0,6,0,-1.0,5.0,0.2,,0.5,1.0,6.0,0.95,0.95,0.6,0.2,0.8,0.95,0.95
l9rlvrr,8,"Veganism is an ethical stance against the exploitation and violent mistreatment of animals. 

>Our bodies need more nutrients than can be obtained from a strictly vegan diet if we want to function properly

Which ones? I'll give you a fair chance.

>Every vegan I have ever spoken to seems to have a very short temper when questioned about their lifestyle...I’m convinced it’s because they are aware their diet is not as good for them as they want people to think

This sounds like a lie.  If not, here i am. There is a large of evidence and research showing that vegan diets lead very good health outcomes and markers.  

>It would make it difficult to go to any social gatherings if the entire group of people are not also vegan.

It's very easy. 

>If someone was killing an animal without the intention to eat it or use its products in some way then yes, that is horrible, to just kill an animal for the sake of killing it. 

Just for clarity, you would be ok with someone violently killing a puppy for pizza toppings?  If not, why not?  If yes, you're a consistent non vegan

>There is no harm done to an animal by eating an egg or milk it produces.

Theoretically, but it's very rare.  The egg and dairy industries violently kill millions.  

>I was once told by a vegan that there is an exception to veganism during a survival situation.

Yes, there is.",,6,0.181,1.21,0.0,-0.7,6,0,0.0,3.0,0.5,0.2,0.8,0.0,6.0,0.95,0.85,0.8,0.8,0.95,0.95,0.95
lblwjs6,17,"For one reason. Humans are basically designed to be so afraid of death and injury that while some of us are careless and reckless, our overall fear of injury and death prevent our race from truly being extinguished, many will die of that I am sure, but our immense fear of the extinction of our race by ai will be the very thing that prevents it from happening as with everything our race has feared over the many centuries of dodging dangers. 

Yes there’s a chance we’ll all die, but humans are incredibly resilient and if some survive that may be all that is needed.",,4,0.093,1.87,0.0,-0.7,6,0,1.0,6.0,0.5,0.5,0.8,0.0,6.0,1.0,0.95,0.8,0.8,0.9,0.95,0.95
l9gucuu,4,"Why would you convert it if it triggers a taxable event, especially with after tax dollars?

I fail to see the benefit, because presumably only high earners would do this, so why would you trigger tax events when you’re in such a high tax bracket?

How is it better compared to just putting your money in an index fund?","You can convert traditional IRA contributions to Roth, but it's a taxable event.

The other person confused megabackdoor and backdoor.

Backdoor only deals with IRA contributions. 

Megabackdoor is a way to utilize the after tax space in a 401k by contributing there and converting to Roth. Where people get confused is that conversion. It can either be an in plan conversion to Roth 401k, or an in service rollover out to a Roth IRA.

Roth is the treatment (post tax contribution, tax free growth). IRA and 401k are the vessels, and define the contribution and conversion rules.",3,0.75,3.33,0.3,0.0,6,0,0.0,5.0,0.5,0.5,0.8,0.0,1.0,0.95,0.95,0.8,0.8,0.95,0.95,0.95
l90fwdz,18,"I feel it. Just showing solidarity that you're not the only one around old enough to remember Joe Cool. 

Hold the line - we'll keep them off our lawns yet.","I do, sorry. It's obviously been a couple of decades since I've referenced it haha.",3,0.345,0.0,0.159,-0.7,6,0,0.0,6.0,0.2,,0.8,0.0,6.0,0.95,1.0,0.8,0.85,0.9,0.95,0.95
l9ey7ss,18,Nice evidence,"Nope. You made a factual claim. And you didn’t back it up.

And your claim was: wrong.

Objectively.

That’s separate from your point or opinion.",4,0.0,30.0,0.0,0.0,6,0,0.0,6.0,0.0,,0.2,0.0,1.0,0.95,0.95,1.0,0.85,0.8,0.95,0.8
l9x07o6,18,Those are five words.,I voted for Trump.  My brother and his entire family hates me.  Never once did they ask me why I voted for him.  Not once.   The answer I would have given them:  two words:  Joe Biden and Hillary Clinton.  People can vote FOR someone and AGAINST someone.  I have voted for and against Democrats and Republicans my entire life.,4,0.0,0.0,0.028,0.0,6,0,0.0,6.0,0.2,,0.5,0.0,3.0,1.0,1.0,0.8,0.85,0.8,0.95,0.85
l9yrplw,16,"I don’t know anything about police department employees, but I would suggest going to the city job board website and seeing the different openings and what they’re called. You’ll probably find one that sounds like what you want.",How cool! I'll look into it right now could you tell me what specifically it's called.,4,0.488,0.0,0.173,-0.7,6,0,0.0,5.0,0.5,,0.8,0.0,3.0,0.95,0.95,0.8,0.85,0.9,0.95,0.95
lb7jzoh,18,"Like when I voted for Justin Trudeau who said he would fix the system, but it turns out he's a fucking liar scumbag politician who didn't change anything, and now we're stuck with nothing but shitty options in an increasingly polarized nation.


Yeah, fuck these politicians, there is no accountability whatsoever. We need to tear this ""democracy"" down and actually give power back to the people. Both the US and Canada are Oligarchies, not Democracy.","As somebody who def agrees that the two party system is flawed, we need to vote to have the chance to push for ranked choice voting and amending the electoral college 

We might be able to do that, as a lot of young people seem to feel similarly but we can’t if trump ends democracy",2,0.133,0.0,0.206,0.7,2,0,-1.0,2.0,0.8,0.5,0.6,0.0,1.0,0.95,0.95,0.9,0.8,0.85,0.95,0.95
l9j2dld,16,So what you just stated is anecdotal evidence that could easily be localized to your area or even just a few instances of people you know. What data do you have to support that this is widespread? What other vandalism has occurred?,"I have family friends in the police service, there has been a spike recently in vandalism against the police. A neighbour who is an officer had a brick through his window recently, really freaked him out because it was his kids playroom.

I don’t think police should be expected to just take harassment though, I believe if they do they should still react rationally, but they shouldn’t be expected to have to constantly take it.",3,0.476,7.14,0.233,-0.7,6,0,0.0,5.0,0.5,0.0,0.8,0.0,3.0,0.95,0.9,0.8,0.95,0.9,0.95,0.85
lbcdaqm,10,"I suppose the question might be, is it shown to be ineffective when compared with no method? If the alternative to corporal punishment ends up being no punishment whatsoever. Corporal punishment is quick and easy. I have a toddler and the most effective punishment we have found so far is I just sit in a chair and hold him for 3 minutes. So that is 3 minutes of him struggling and screaming. If I wanted to use a smack on the wrist, that takes dour seconds and done. He would probably spend less time crying as well. 

  
I'll just add as an addendum that the most succesful action that got my son to stop reaching for the stove was touching a hot frying pan. Ever since then he knows what hot is.","It is shown to be ineffective, especially in comparison to other methods, in studies, that's why I said it was not effective.",2,0.346,3.08,0.124,-0.7,6,0,0.0,2.0,0.5,0.0,0.2,0.0,1.0,0.95,0.95,0.8,0.95,0.8,0.95,0.95
lac3nf6,11,Bird perkele,"I don’t know what the first word means, but I know what the second one means from the Dudesons.",4,0.0,0.0,0.0,0.0,6,0,0.0,6.0,,,0.5,,1.0,1.0,1.0,0.85,0.2,0.8,0.85,0.8
l9h1o8g,15,"Moral pressure by selfish families assumes that there won’t be any checks into motive behind the decision which won’t happen.

Moral pressure to free up resources is a scare tactic similar to “death panels” and “doctors let people die for organs”

Euthanasia doesn’t affect anyone else’s rights. You have no right to someone else’s life.

Cost effective is irrelevant because it’s not up to anyone other than the patient. If they want to die, that’s their choice. There won’t be a doctor saying “hey, can we kill you to save some money?”","How are the following what you have described?

* Moral pressure on elderly relatives by selfish families
* Moral pressure to free up medical resources
* Euthanasia affects other people's rights, not just those of the patient
* Euthanasia may become a cost-effective way to treat the terminally ill

  
Many of the points I've copied by the site above have ALREADY happened in  various places and situations around the world. They are certainly not fallacies or related to any religious argument. I really think you are over simplifying things. What you consider a ""good"" argument is almost entirely subjective.",2,0.05,1.0,0.33,-0.7,6,0,0.0,3.0,0.5,0.5,0.8,0.0,1.0,0.95,0.95,0.8,0.8,0.95,0.95,0.95
lbhwgd2,11,Thank you for acknowledging my genius.,no duh genius,4,0.0,0.0,0.25,-0.7,6,0,1.0,6.0,0.0,,0.5,1.0,6.0,1.0,0.95,1.0,0.95,0.8,0.95,0.95
lakztne,15,So death penalty isn't a better deterrent and it's not cheaper than life in prison.  View changed?,I’ll concede that it is not nearly as cut and dried cheaper as I had thought it is still cheaper in many circumstances and far more humane overall.,4,0.294,5.88,0.133,-0.7,6,0,0.0,5.0,0.5,0.0,0.8,0.0,1.0,0.95,0.95,0.8,1.0,0.95,0.95,0.95
lakk0oc,7,"7!!?? Downvotes? You all go to hell! Show me what you got! I want to see, at lest minus 250! Fuck god!","Whoa, downvotes. Take my UPVOTE!",2,0.75,0.0,0.155,0.0,3,0,-1.0,1.0,0.8,,0.5,1.0,1.0,0.95,0.95,0.9,0.85,0.8,0.95,0.95
lauxvzo,2,"No, because higher wages = higher expectations. Lower wages aren’t just for teenagers. They’re also for people looking to change careers for a myriad of reasons, and in my case give me a better chance at career growth. 

I could keep taking all the advice people on Reddit love to claim worked for them, but honestly the only reason I’m gonna get anywhere at work is they can afford to train me. The point also being giving people like me a chance to work our way out of poverty despite the general apathy toward discrimination we face from society in general. 

I’ve worked jobs where I could do far more than my job description that got me nowhere. Also, this field is kind of seasonal. So it’d be especially difficult for them to afford working with me if wages were much higher.",,4,0.137,2.74,0.0,-0.7,6,0,1.0,5.0,0.5,0.15,0.8,0.0,6.0,0.95,0.95,0.8,0.85,0.95,0.95,0.95
l8bjje6,0,Yeah sure they do.  Like when they tell people what books they can read or teachers about what words they are not allowed to say.  Or when they tell women what they can and cannot do with their own bodies.  The GOP is a Fascist organization that only represents the top 1% of the population.,"They represent limited government power.  The president should not have unilateral authority to do things like just knock out billions in debts owed to the government because he wants to.  Even if you argue it’s a “good” thing, a lot of dictators use “good” things so consolidate power so they can later do bad things.",5,0.0,0.0,0.144,0.7,6,0,-1.0,2.0,0.5,,0.6,0.0,1.0,0.95,0.95,0.8,0.85,0.85,0.95,0.95
l9j2hie,18,"Again, I rarely post my outfits to begin with and accommodated.

It is super hypocritical if he’s allowed to post himself topless on IG like working out but I am not.","YTA. Not because you disagree with your boyfriend on clothing, but because you're clearly posting on Instagram to get likes...and I hate to break it to you, but that doesn't equate to anything in real life. And you're letting that, of all things, come between you two in your relationship. (PS, it's super weird how you refer to his pictures as ""topless"" photos.)",4,0.0,0.0,0.176,-0.7,6,0,-1.0,2.0,0.2,,0.8,0.0,1.0,0.95,0.95,0.8,0.85,0.95,0.95,0.95
l98am7e,10,"You're right. Let me rephrase:

Fistfight a landlord for no reason at all.",If a neighbour isn’t paying his rent you think it’s ethical to fist fight the owner of the property when he tries to kick the deadbeat out?,4,0.0,7.69,0.132,0.7,5,1,-1.0,1.0,0.0,,0.0,1.0,1.0,0.95,0.95,1.0,0.85,1.0,0.95,0.95
l8byf87,12,"In the majority of countries with universal healthcare, governments are not running it. They just cap and monitor costs.",Hundreds of pages more than in places were to government just runs the Healthcare system.,4,0.0,0.0,0.207,-0.7,6,0,0.0,5.0,0.5,0.0,0.8,0.0,3.0,0.95,0.9,0.8,0.95,0.9,0.95,0.9
l93g2gp,6,"Yes. Because that’s not what it is. 

Also being a furry isnt exclusively sexual.",Is it “kink shaming” if they are sexually attracted to animals? The only odd thing to me is his attraction to felines ,4,0.0,6.67,0.075,-0.7,6,0,0.0,6.0,0.2,,0.8,0.0,6.0,0.95,0.95,0.6,0.85,0.95,0.95,0.95
l925p2k,9,"Yes, I understand the statistics of that. But there are a lot of problems practically. Just to name a big one; supreme court appointments are for life. If this is such an important metric it'll take quite a while before society is equal. 

  
But either way, if we are in agreement that this shouldn't be an objective we're more or less on the same page here, right? The only thing we disagree about is how to interpret the quote.","That's because you're not thinking about it as an indicator/metric but an end goal. The goal is not an all female court it's equality. We have achieved equality when you can't predict the gender of the next justice. I.e. it's a fair coin flip. 

With a fair coin you can expect long streaks of both tails and heads.",5,0.063,1.27,0.135,0.7,6,0,0.0,5.0,0.5,0.2,0.8,0.0,3.0,0.95,0.9,0.8,0.8,0.9,0.95,0.9
lb7d5nn,18,Oh I'm mad he insulted Democrat on reddit no,"You mean, RIP Democracy 2024",3,0.0,0.0,0.0,-0.7,6,0,-1.0,3.0,0.2,,0.5,1.0,1.0,0.95,0.85,0.6,0.85,0.8,0.95,0.9
l8xu7ix,16,"Never turn off but the data gets written over after set period of time. It's not about capturing day to day it's about that 1 in 1 million chance shit goes south, you have evidence.","YES! And filming themselves cooking dinner, mowing the lawn, etc. Do they have cameras in their bathrooms too? Do they ever turn them off?",2,0.0,6.06,0.228,-0.7,4,0,0.0,5.0,0.5,0.0,0.5,0.0,6.0,0.95,0.9,0.8,1.0,0.8,0.95,0.95
l9m36ns,6,Where did i say that? If one full face covering is banned then they all should be.,We should tell women what they can and can not wear?,3,0.882,5.88,0.096,0.0,6,0,0.0,2.0,0.2,,0.8,0.0,3.0,0.95,0.85,0.6,0.25,0.9,0.95,0.85
lamdwg3,7,"You gotta start somewhere and get the ball rolling. But as per typical nowadays any progress is immediately shit on with disgust
Because it wasn’t 100% of what we wanted.

The organization is huge and old and full of crusty old traditionalists, you ain’t gonna get the church to turn on a dime","Well he says homosexuals are welcome in the church but in a your not equal, we'd rather you weren't and we think you should repent for it kind of way",3,0.0,1.85,0.274,-0.7,4,0,-1.0,2.0,0.5,,0.5,0.0,1.0,0.95,0.95,0.8,0.85,0.8,0.95,0.95
lbnqk66,15,Whites (the only anti-BIPOC/anti-LGBTQIA+ group out there) will be a minority in 2044 so the troubles end then 😁,"you missed an astounding amount of what I said if that's your only take away - The majority of my comment is about a citizen being able to use force against another citizen that is behaving contrary to the law. The government isn't involved in those disputes.



I'm talking about a white supremacists that decides to beat up a black kid because he can, or a woman getting molested or raped by a misogynist, or a LGBT+ person getting attacked by a MAGA for daring to exist. These are all situations where a civilian's use of force is warranted, and police are either unable or unwilling to come, can't come fast enough to actually help, or in most of these scenarios there simply isn't a way to summon them.",4,0.0,5.0,0.058,-0.7,6,0,0.0,1.0,0.5,,0.2,1.0,6.0,0.95,0.95,0.8,0.85,0.8,0.95,0.95
l92ev0i,3,Mmkay buddy.,Its a continent. An entire continent which American tax dollars have to pay for European defense.,4,0.0,0.0,0.0,0.0,6,0,0.0,6.0,0.0,,0.5,0.0,3.0,0.95,0.95,0.95,0.85,0.8,0.95,0.8
l9kzp7k,15,Is reading an issue for you? It took 3 1/2 years for her to get permission. Hardly on a minutes notice.,"And is that a bad thing for you? 

Do you think assisted suicide should be available 24/7 on a minutes notice? 

Have you never heard of or met people who have been wanting to die but have bounced back?",4,0.263,0.0,0.323,-0.7,6,0,0.0,5.0,0.2,,0.8,0.0,3.0,0.95,0.9,0.8,0.2,0.9,0.95,0.85
ladusqz,13,The implied meaning is hard to miss.,did i say it was a bad thing?,4,0.0,0.0,0.0,0.0,6,0,0.0,6.0,0.2,,0.5,0.0,3.0,0.95,0.95,0.6,0.85,0.8,0.95,0.8
l85iaai,9,"NTA, Like you said he's your friend, she isn't.


If he wanted to talk to her he could have stepped out. You don't need to let her into your space so they can have it out in your dorm.",,5,0.256,2.56,0.0,0.0,6,0,1.0,6.0,0.2,0.0,1.0,0.0,6.0,0.95,0.95,0.8,1.0,1.0,0.95,0.95
larzixe,14,Not sure if you're ignorant or intentionally throwing out a straw man argument.,"Woman who want to protect themselves….need a gun

Not sure why Dems want to take the right of women to protect themselves",3,0.769,0.0,0.229,-0.7,6,0,-1.0,2.0,0.5,,0.5,1.0,1.0,0.95,0.8,0.8,0.85,0.8,0.8,0.85
lakr4r0,7,"Pretty much. He did however speak in favor of welcoming LGBT Catholics, which basically disavows shunning or discriminating against LGBT parishioners. This is probably his most “controversial” stance on the topic.","Well he says homosexuals are welcome in the church but in a your not equal, we'd rather you weren't and we think you should repent for it kind of way",3,0.323,0.0,0.089,-0.7,6,0,0.0,5.0,0.5,0.5,0.8,0.0,5.0,0.95,0.9,0.8,0.8,0.95,0.95,0.9
la3fh2d,8,Tofu has always disappointed me.,"I think this is one of the worst habits in western cuisine and why there is such an excess of animal products consumption. Literally in every other culture, there are absolutely amazing vegetarian  and vegan meals that are normally consumed by people who eat omnivorous diet.",4,0.0,0.0,0.0,0.0,6,0,-1.0,2.0,0.5,0.0,0.5,0.0,1.0,0.95,0.95,0.8,0.95,0.8,0.95,0.95
laackev,11,"If this becomes a human pandemic, the right will lose their shit. It is a 50 percent fatality rate.",So if birds aren't real and vaccines give autism... I don't know where to take this. I can't prep myself for the sheer amount of stupidity that people are going to glean from this.,4,0.0,0.0,0.08,0.0,4,0,-1.0,2.0,0.5,,0.8,1.0,6.0,0.95,0.95,0.8,0.85,0.9,0.95,0.95
lbl8edv,10,"> And some men explicitly say at the start they don't want to have sex.


Then they're not purchasing sex. They're purchasing companionship.


> What's the disgusting motive in purchasing sex?


The prioritisation of a base and unnecessary desire over the welfare of the one right in front of you.",">But if they're purchasing sex, then they're not doing it for companionship. 

It depends on the sex worker. And some men explicitly say at the start they don't want to have sex. 

>. If they're purchasing companionship, I think there may be other problems with it, but it's not driven by a motive that makes it disgusting.

What's the disgusting motive in purchasing sex?",4,0.104,0.0,0.664,-0.7,6,0,0.0,5.0,0.2,0.0,0.8,0.0,1.0,0.95,0.9,0.8,0.95,0.9,0.95,0.95
l8alzsf,0,You also wont get away with paying  70 bucks on a 70k loan. They will turn you into collections and garnish your wages. You have to set up a payment plan they hospital agrees with.  I've dealt with this very situation with my wife's Cancer. The lowest payment option I could get was often 100's of dollars per month.,"But medical debt isn't the same... It's not like a mortgage where you agree to pay x for 15 or 30 years. You might just pay 50 a month on....$70k of medical debt. you won't get away with that with a proper loan, and you would have to had made the decision on a credit card to spend way too much but pay too little while interest racks up drastically increasing your debt. Those are decisions. 

Do you want your credit tanked if you get in a terrible accident on your vacation? You didn't choose that.",4,0.172,0.0,0.294,0.7,6,0,0.0,3.0,0.5,0.1,0.8,0.0,1.0,0.95,0.95,0.8,0.8,0.95,0.95,0.95
l97ffzg,0,"INFO

> For the past week or so, my parents have been acting cold, and my brother isn’t responding to any more texts or messages.

I don't get how this is (apparently) the conflict here.  Were you expecting something different?",,3,0.375,2.5,0.0,0.0,6,0,0.0,5.0,0.2,,0.5,0.0,3.0,0.95,0.9,0.6,0.85,0.8,0.95,0.85
laejxyi,11,Because COVID-19's actual impact was considerably smaller than both the movie's depiction of a pandemic and what an avian flu pandemic has the potential to be.,Why would you bring up a movie when a real life example happened just a little while ago.,4,0.0,3.7,0.03,0.0,6,0,0.0,5.0,0.5,0.0,0.8,0.0,3.0,0.95,0.95,0.8,0.95,0.9,0.95,0.95
l9mb2io,6,Lol I know plenty of Muslim women who acknowledge it’s a choice and they choose to wear it. Getting offended by someone’s choice is dumb af,"I know a Palestinian girl from a family that fled to my country in the early 2000s. She had to break off contact with her family because she refuses to wear a hijab and dresses like a westener. Both her brother and father have threatened to kill her over it. She says the hijab, burka etc. are a symbol of oppression and a tool of the patriarchy. So I am actually very doubtful women want to wear it, just look at Iran for example.",3,0.0,0.0,0.158,-0.7,4,0,0.0,6.0,0.5,0.0,0.8,0.0,6.0,0.95,0.95,0.8,0.95,0.9,0.95,0.95
l9zoaz9,13,"Generally, if recent history is any indicator, the wealthier suburbs will be okay, but the poorer suburbs will suffer a lot. It all depends on which migrants arrive in which suburbs, and also on whether or not the society has a civic culture that is prepared to assimilate them into society. In recent years, we've seen relatively middle class suburbs like Hazleton, PA. completely collapse and disintegrate in many ways once migrants take over. I went to Hazleton Area High School for a year, and it was a complete and utter nightmare. In Hazleton, PA., the public schools are now essentially dysfunctional because the kids can't walk the halls without constant beatings. The ""classrooms"" are basically torture chambers designed to psychologically traumatize kids where there's total chaos. My experience in Hazleton definitely made me research the effects of migration in many communities. 

In Lawrence, MA., a place that had similar migration patterns to Hazleton, PA. with all of the Dominican groups, very similar patterns happened, and there was basically a giant pogrom that ethnically cleansed the suburb of White people in 1984([TWO NIGHTS OF RIOTING BRING A CURFEW TO LAWRENCE, MASS. - The New York Times (nytimes.com)](https://www.nytimes.com/1984/08/11/us/two-nights-of-rioting-bring-a-curfew-to-lawrence-mass.html)) or (https://www.nytimes.com/1984/08/11/us/two-nights-of-rioting-bring-a-curfew-to-lawrence-mass.html). 

Hamtramck, Michigan has dropped from the 60th percentile in safety to the 18th percentile in safety since 1990(https://www.neighborhoodscout.com/mi/hamtramck/crime).

Live Oak, California has seen kids threatened with deadly violence for wearing American flag T-shirts([DARIANO v. MORGAN HILL UNIFIED SCHOOL DISTRICT (2014) | FindLaw](https://caselaw.findlaw.com/court/us-9th-circuit/1658646.html))(https://caselaw.findlaw.com/court/us-9th-circuit/1658646.html) and actually suspended from school for doing so in attempts to encourage T-shirts supporting the flags of foreign nations and factions. 

Lewiston, Maine, which is often touted as a migrant success story has seen several signs of significant suburban collapse linked to migrants. Somali migrants murdered Donald Giusti by beating him to death for pleasure and amusement and received ""endorsing sentences"" whereby the government implied that they supported the murder(https://www.sunjournal.com/2022/09/15/former-lewiston-man-is-sentenced-in-2018-melee-death/). Another instance is the use of migrants to expel a student simply for being unpopular(she broke no school policy) and force her to pay for private school([Caught on camera: Attack inside Lewiston High School injures 15-year-old girl (wgme.com)](https://wgme.com/news/local/caught-on-camera-attack-inside-lewiston-high-school-injures-15-year-old-girl))(https://wgme.com/news/local/caught-on-camera-attack-inside-lewiston-high-school-injures-15-year-old-girl). If the child kept attending school, those with Somali migrant backgrounds would have kept beating her for amusement, which established an expulsion by delegation.",,4,0.021,0.63,0.0,-0.7,6,0,-0.5,2.0,0.5,0.1,0.8,0.0,1.0,0.8,0.95,0.8,0.8,0.95,0.95,0.95
laddsag,13,"Totally, but it's just more weird to me to eat with the upside down fork in my left hand.

I just cut multiple pieces so I'm not switching for literally every bite.",The table cutlery thing is nuts to me. So inefficient to cut things and then put the knife down and switch hands to use the fork.,4,0.0,3.12,0.191,-0.7,6,1,0.0,5.0,0.5,,0.8,0.0,3.0,0.95,0.9,0.8,0.2,0.9,0.95,0.85
l9pkzi5,1,I’m young and I still prefer Uber over taxis cause guess what. I prefer my prices to be set beforehand while taxi drivers always try and rip you off,"You can always gauge the age of the person talking about taxi's. Younger people, who didn't have to deal with a world before Uber, will have a much more negative opinion of companies like Uber. People who had to suffer the absolute garbage service the taxi industry provided tend to have a much better opinion.",3,0.333,0.0,0.198,0.0,6,0,1.0,3.0,0.5,0.0,0.8,0.0,6.0,0.95,0.95,0.8,0.95,0.9,0.95,0.95
l9lo63k,6,Singapore's Lee Kwan Yew,Any recent examples of this?,4,0.0,0.0,0.0,0.0,6,0,0.0,6.0,0.5,,0.5,,3.0,0.95,0.95,0.8,0.85,0.8,0.85,0.8
l9ithe4,15,"I used to think that nitrogen asphyxiation might be peaceful, but [Alabama's botched nitrogen execution](https://www.usatoday.com/story/opinion/2024/02/19/alabama-execution-nitrogen-gas-witness-cruel-torture/72616304007/) has me second guessing. That said, I don't know if the author of that article is a reliable narrator, and no doctors can/will help with executions in the US, so the state of Alabama probably fucked it up. 

There are other methods that are just as peaceful. Recently, a [dutch woman ended her life](https://www.theguardian.com/society/article/2024/may/16/dutch-woman-euthanasia-approval-grounds-of-mental-suffering) with the help of her government. She was given a sedative and then heart-stopping drugs. I mean why not just use the tried and true peaceful method?","I want to go by N2 mask.  No pain, just black out in seconds, dead in minutes, no messy cleanup or hazardous waste.

I'm not a big fan of the drugs cocktail which is basically just poison that you have to take a pre-drug to avoid puking it up.",3,0.357,1.59,0.137,0.7,6,1,0.0,5.0,0.5,0.5,0.8,0.0,1.0,0.95,0.95,0.8,0.8,0.95,0.95,0.95
lbirrmt,12,"I disagree with OP in some of their approach, but I think instead of a lower base premium based on a health score, it might be possible to offer incentives for certain healthy choices.

So instead of the health insurance company tracking a bunch of metric actively, what if you could report certain markers from your medical records (say cholesterol, BMI, A1C, blood pressure) and possibly certain activity markers (steps, visits to the gym, or other) and qualifying items gained points toward a discount?

That would place the onus on the person to track things themselves if they wanted the discount.

And the advantage for the health insurance company would be that they incentivize those activities which will reduce their own expenditures. Think of the safe driver discounts offered by car companies.

I wouldn't compare this to a credit score tracked by an outside agency, but to an incentive program.

And the cost offsets could be worth it if the insurance company calculated that they would be getting enough in savings from the people who were incentivized to change their habits to make it worth whatever discount that was. My assumption is it would not be a deep discount, but I'm not sure.

As a matter of fact though, I think things like this do exist.","How much would this health-tracking beaurocracy cost? Especially when people try to game the (what seems like an easily gameable) system? Would the cost offsets be worth it?

Often times a more efficient form of public good is to distribute things more evenly. Less individually 'fair' but more cost-effective per person.",4,0.668,0.46,0.258,0.7,6,0,0.5,5.0,0.5,0.5,0.8,0.0,4.0,0.8,0.95,0.8,0.8,0.95,0.95,0.95
l9etsuw,18,If you mean industrializing  countries produce more carbon emissions than already industrialized countries I would agree with you but I would need to see concrete data that socialism/communism leads to more pollution.,"Socialist and other centrally-planned economies pollute more than any liberal democratic ""capitalist"" countries.",5,0.606,3.03,0.195,0.7,6,0,0.0,5.0,0.5,0.0,0.8,0.0,3.0,0.95,0.9,0.8,0.95,0.95,0.95,0.85
l7zqqv1,14,I live in Canada where we have much more sensible gun laws.,"they would not have the political power to block progress if we did not support the republican party by pursuing gun prohibition.  

start running pro 2a Dems in rural areas and we will be able to accomplish a great deal to reduce *all* violence by addressing the desperation that drives it.

it worked in my state, and it can work in yours too.",4,0.0,0.0,0.083,0.0,6,0,0.0,6.0,0.5,0.0,0.8,0.0,6.0,0.95,0.95,0.8,0.95,0.9,0.95,0.95
l968z7u,4,"A mansion or a home that's bigger than 50 square meter (540 sq. feet). Since I spend most of my time in my bedroom anyway (when I'm home). I'd rather get a studio-type home.

And an expensive car. Giimme a Corolla or a CR-V. I just want something that would take me from A to B.",,4,0.179,1.79,0.0,0.0,6,0,0.0,6.0,0.2,0.0,0.5,0.0,3.0,0.95,0.95,0.8,1.0,0.8,0.95,0.95
lata8x6,3,"Lol ok.   Just figured it takes 18 years to grow a new soldier from scratch, if there are even any males around to do that.","No, I thought you meant “18 years to replenish the military”, that’s why I thought it was oddly specific.",3,0.417,0.0,0.133,0.0,6,0,0.0,5.0,0.2,,0.8,1.0,3.0,0.95,0.9,0.6,0.85,0.95,0.95,0.8
lawus8i,7,"By the time we’ve made it to another planet, rich in  the organic life needed to create fossil fuels, we’ll have to have master FTL travel, and we won’t need fossil fuels.

Fossil fuels are an antiquated technology we need to use until our infrastructure can be updated with newer & better technologies. 

We don’t need to conserve them right now. We need to prioritize phasing them out, but there no reason to ration their use now. Once better technology reaches critical mass, we’ll quickly reduce or even eliminate them from our means of energy production.",,4,0.0,1.0,0.0,-0.7,6,0,0.0,5.0,0.5,0.5,0.8,0.0,3.0,0.95,0.95,0.8,0.8,0.9,0.95,0.95
l947md5,4,"The system would collapse like dominos, and we would all suffer immensely. Many of us would die ",,4,1.0,0.0,0.0,-0.7,6,0,-1.0,1.0,0.8,,0.0,0.0,1.0,0.95,0.95,0.9,0.85,0.95,0.95,0.95
l8mxn3x,17,Few ‘member. Never forget,"the fact that you said /s made me realize how stupid the average redditor is, I mean in order to even think someone would not recognize the sarcasm...

Reddit used to be better in 2015, although it may just be nostalgy",4,0.0,0.0,0.0,0.0,6,0,0.0,1.0,0.2,,0.5,1.0,6.0,0.95,0.95,0.6,0.85,0.8,0.95,0.95
l9mm30r,1,"Yeah, that'll cause poor people to buy luxury apartments for sure...",Put a high penalty on empty apartments to push for a lower price,4,0.0,0.0,0.18,0.7,6,0,-1.0,2.0,0.5,,0.5,1.0,1.0,0.95,0.95,0.8,0.85,0.8,0.95,0.9
l8r27kz,4,"Capitalism does not require growth. Japan's economy hasn't grown in 30 years, it is still a highly functioning capitalist economy.

That said, economic growth is the single most important factor for the long term health of a society. All else being equal if you want things to be better for everyone in the future, you would want higher economic growth. A half a percent per year over the course of a century and you will end up with completely different societies.

The malthusian idea that we are running out of resources has been proven wrong again and again, and has been possibly the most destructive idea in the history of humanity. The most important resource is the intellectual and productive capacity of humanity, it's what makes raw material into resources.

As for space travel, I'm with Robert Zubrin that space travel will show the exact opposite, it will show how foolish it is to fight over crumbs on earth when there is an entire galaxy to explore.","I'm of the same mind that overpopulation is something we're running from & kicking down the road. Technological advancements have done and will conitnue to do wonders. But there will be a ""peak human"" point. There has to be.

However, capitalism requires growth. Population levelling off or reducing is probably necessary for sustainability. But I just don't think human beings can turn it around at this point where we can shrink the population without also going through massive societal upheaval. Even though there is technically enough capital in the world to do away with poverty. 

I don't really think it's a fiction that the reason some of the uber-rich are investing in space travel is beacuse they already know the earth's resoureces are limited.",3,0.12,0.6,0.26,-0.7,6,0,0.0,5.0,0.5,0.5,0.8,0.0,3.0,0.95,0.9,0.8,0.8,0.95,0.95,0.95
lbkj34u,3,"There is no chance in hell they're going to convince Russia to peacefully give up the 4 annexed regions of Donetsk, Lugansk, Kherson and Zaporhizhie (?) or Crimea. You'd have to expel them by military force, and even with tens of billions of dollars in NATO weaponry, with NATO boots on the ground, they've been completely unable to do so.",">certain fundamental values such as independence, freedom, democracy, territorial integrity, and sovereignty are non-negotiable.

Exactly as it should be.",2,0.086,1.72,0.118,-0.7,6,0,0.0,2.0,0.8,,0.8,0.0,1.0,0.95,0.95,0.9,0.85,0.9,0.95,0.95
l8xhaay,5,Decarbonization is already happening with renewables.,To deep decarbonize.,4,0.0,0.0,0.0,0.0,6,0,1.0,6.0,0.5,,0.8,0.0,6.0,1.0,1.0,0.8,0.85,0.9,0.95,0.95
l9k6wsu,13,Inca are from Peru and Bolivia.,Aztec and Inca,4,0.0,0.0,0.343,0.0,6,0,0.0,6.0,0.0,,0.5,0.0,6.0,1.0,1.0,1.0,0.85,0.8,1.0,1.0
l9z6228,16,"I understand ""slippery slope"" is a logical fallacy, but it's kind of the reality with this type of thing. The changes aren't going to happen over night. Folks move in and they're like ""wow we love it here, but it'd be great if the public transportation were a little better and we had more bike lanes."" Oh, okay, so get folks elected who push for that, raise taxes a little. The tracks might divide some neighborhoods, but that's better than some big highway, right? While we're at it, we don't want any more super huge apartment complexes or those weird multi-plex areas, so let's put some laws limiting housing expansion, at least on our side of the tracks. We really like most of the policies here, but it'd be nice if they were just a little more progressive... and sooner or later you'll just have crept your way right back to California, but with humidity this time.","Southern States are bring flooded with liberals from other States they've ruined.  They all say they won't vote the same.

Yeah, I have my doubts.",6,0.095,1.27,0.195,-0.7,6,0,0.0,3.0,0.5,0.5,0.6,1.0,3.0,0.95,0.95,0.8,0.8,0.85,0.95,0.95
lb4d0t7,7,"the corpo dems arent the semi benevolent dear leaders ridin with biden would have you believe.  

  
Hunter COULD be pushing joe because he is worried about his criminal case.  Jill could be pushing joe cause shes hungy.=hate, because they tell us ""this is the end of democracy"" yet they still act in greedy ways. 

heres the long and short, if im ever gonna be convinced to elect a set of advisors/cabinet instead of CiC... why is the family so involved at all.  i would think this is the moment you get them the hell out of there to reassure the voters that it really is the DNC has a whole looking out for us.","There's a difference between greed and hate.

What does this response have to do with your argument?",3,0.517,2.59,0.237,0.0,6,0,0.0,2.0,0.5,0.2,0.2,0.0,1.0,0.95,0.85,0.8,0.8,0.8,0.95,0.9
ladhiz5,13,Do you think Americans don’t stand up? We lean because it’s more comfortable. Try it some time,"My un-tested theory is that you're so used to not stand still (since you drive so much) that you're not as used as the rest of us to feel how your body balances itself. That doesn't mean your inner ear isn't working, you know where is up and where is down. But perhaps your body isn't as used to the feeling?",4,0.263,5.26,0.163,0.0,6,0,0.0,6.0,0.5,,0.8,0.0,3.0,0.95,0.95,0.8,0.85,0.9,0.95,0.85
l9oq9jh,10,Its a old blue law from 100+ yrs ago. I don't any one is enforcing it.,I would be in big trouble if I lived wherever you are!,4,0.0,0.0,0.048,0.0,6,0,0.0,5.0,0.5,,0.5,0.0,3.0,0.95,0.95,0.8,0.95,0.8,0.95,0.85
lbdqz6b,16,Firewomen 🔥🔥🚒🚒🚒💦💦,,4,0.0,0.0,0.0,0.0,6,0,,6.0,,,0.0,,6.0,0.2,1.0,0.95,0.2,0.95,0.95,0.95
l9g4laq,2,they literally explained why it's news worthy. ,"it's as newsworthy as the government agreeing on a budget for the year.

it's literally just something that happens.

it'd be newsworthy if the minimum wage didn't increase, because that'd be actually our government breaking the law.",4,0.0,0.0,0.071,0.0,6,0,0.0,6.0,0.0,0.0,0.8,0.0,1.0,0.95,0.95,1.0,0.95,0.9,0.95,0.95
l9lwe7h,6,I'm not religious but millions of people have tremendous faith in religion. Don't shit on it just because you don't care.,Religion is a plight on secular society. It has to be controlled otherwise nations turn to shit real fast.,3,0.0,4.76,0.241,-0.7,4,0,-1.0,2.0,0.2,,0.2,0.0,1.0,0.95,0.95,0.7,0.85,0.8,0.95,0.95
lb3e2s4,3,Kharhiv? Kherson?,"This. Not sure why you’re the only one saying it.

It’s much much easier to defend then go on the offensive. 6 to 1 is actually not great for defensive operations. Considering the Russian military has a number advantage. These aren’t great numbers. I worry that every time these numbers are brought up, people think things are going well. You can’t keep this up when you’re down in manpower to begin with, and in a hole for territory you need to regain. The end game isn’t good for them. They have yet to make any real offensive gains (other than destroying the Black Sea fleet) and that is not good.",3,1.0,0.0,0.0,0.0,6,0,0.0,5.0,0.5,0.0,0.8,0.0,2.0,0.95,0.9,0.8,0.95,0.9,0.95,0.85
la6lya2,4,"> 
> The existence of open source software disproves this premise. 

The amount of non-open-source software supports it. 

> But also, like, socialism doesn't mean ""you're not allowed to keep the wealth you produce."" In fact it's the opposite: with socialism workers have an incentive to work harder because they are the ones keeping the profits, instead of working hard only to benefit shareholders.

But you the individual doesn't get to keep more if you produce more than others in your company. Because it's all democratic.",">  If you're not going to be allowed to keep the wealth you produce in excess of what you consume, there's an incentive to consume more and produce less.

The existence of open source software disproves this premise. Plenty of people continue to work when there's no profit motive.

But also you seem to have backwards ideas about socialism. Socialism doesn't mean ""you're not allowed to keep the wealth you produce."" In fact it's the opposite: with socialism workers have an incentive to work harder because *they* are the ones keeping the profits, instead of working hard only to benefit shareholders.",4,0.0,2.35,0.864,-0.7,6,0,0.0,5.0,0.5,0.5,0.8,0.0,6.0,0.95,0.95,0.8,0.8,0.95,0.95,0.95
ladopo7,13,Good one!,We need enough pockets to carry our guns.,3,0.0,0.0,0.0,0.0,6,1,0.0,6.0,0.0,,0.5,1.0,6.0,0.95,0.95,1.0,0.85,0.8,0.8,0.95
l97xyqg,10,I’m sorry to hear it. Glad you’re free of it,"I’m biased. I struggled for years with opiates. 

*Shrug*",4,0.0,0.0,0.233,0.0,6,0,0.0,6.0,0.0,,0.8,0.0,6.0,0.95,1.0,1.0,0.95,0.9,0.95,0.95
l9t64uy,8,"There's no good definition for factory farms either, one of the definitions includes living indoors, so if you don't leave your animals outside during all weather conditions all year round they're factory farmed, please look into things more I understand you think you have enough of a grasp but you don't and I say that as someone who comes from a farming town","I don't need to quote the whole thing. I'm responding to all of it. You are making bold faced lies about the nature of the industry. If it worked like you dreamed it work, beef would be $90 a pound. 

You're pulling a trick with your links. It doesn't matter if there are 'only' 24,000 factory farms if 99% of all animals that we raise for meat are raised on one. You failed to account for the scale of them. My next door neighbor's acre of corn and FARMPLEX 3000 taking up half of Kansas both count as a farm in this measurement.",2,0.0,1.59,0.281,-0.7,6,0,0.0,2.0,0.5,0.0,0.8,0.0,1.0,0.95,0.85,0.8,0.95,0.95,0.95,0.95
la8p1yt,0,"Near record high... only if you only go back through the 2010s. Of course interest rates *right now* are ""high"" with the federal funds rate at 5%. It doesn't change my point since even that ""high"" of a rate is still very low and most of the student loan debt being given these extra subsidies are going to predate the rate hikes.

You're all over this thread with very weak arguments. How much of your debt are you hoping I end up having to pay for?",I think they actually are at a near record high this year in terms of interest rate. Plus it's applied to a large principal and the interest is accruing while people are still in college.,4,0.059,1.18,0.384,-0.7,6,0,0.0,2.0,0.5,0.0,0.6,0.0,3.0,0.95,0.95,0.8,0.95,0.85,0.95,0.85
l9n9txg,1,"So locals should be rejoicing, the value of their land just went up 20%","They tend  to push house price on the higher side. Post covid, in my area, market price went +20% thanks to the influx of remote worker with higher purchasing power.",3,0.769,7.69,0.103,0.0,6,0,1.0,6.0,0.5,0.0,0.8,0.0,6.0,0.95,0.95,0.8,1.0,0.9,0.95,0.95
l9p95z5,1,"Damn I need to go tell my wife “baby we are rich” since we save a shit ton of money using cheap AirBnBs when we travel. That 20 year car with 350k miles and no AC sure doesn’t seem like I’m rich in this 98 degree heat, but hey thanks to this random Reddit comment, I can go claim my wife married a very rich man. Thanks stranger, going to ask if she wants to sleep with a rich man tonight :)",">It's rich assholes trying to get richer by buying up residential properties and turning them into short-stay tourist accommodation.

And who is it that can afford these stupidly expensive Airbnbs?  
*Mostly* other rich people.    
   
It's wealthy people shuffling money amongst each other at the top, while actively plugging the leakages which can trickle down.",5,0.123,1.23,0.082,-0.7,5,0,0.0,3.0,0.5,0.5,0.8,1.0,6.0,0.95,0.95,0.8,0.8,0.9,0.95,0.95
l89b3id,9,"Do Germans do baby showers or the equivalent? In the UK they are relatively new imports, and not everyone had them. We used to buy gifts after the birth.",">If people want to party over it what’s the harm.

it's just that in germany I never saw anything like it. Sure we celebrate a kid beeing born but I never heard of anyone over here doing a gender reveal of sorts",4,0.172,0.0,0.081,-0.7,6,0,0.0,5.0,0.5,,0.6,0.0,3.0,0.95,0.95,0.8,0.85,0.85,0.95,0.85
laxl99q,7,":) we have many options for storage—gravity in the form of large bricks, trains, pumped hydro. 

The cost to build a single oil derrick in the ocean would cover much of these research and development costs—not to mention the thousands that exist. 

Finally, I continue to find your mention of “ridiculous” confrontational. It’s not ridiculous to imagine a different future.","Making a joke about a ridiculous statement is not an attack. And yes, ""just use a capacitor"" is a *very* ridiculous statement if you debate fossil fuel vs renewable energy. Cause storage is literally the main problem of renewables.",4,0.161,0.0,0.214,-0.7,6,0,0.0,6.0,0.5,0.5,0.8,0.0,6.0,0.95,0.95,0.8,0.8,0.9,0.95,0.95
la31xp1,17,"Sure, it can be accurate...at math.

Words aren't math.

An LLM doesn't see words as symbols with semantic meaning. It sees them as a data set and does math on them. 

The result will be _mathematically_ accurate. But again, _words aren't math_. Math can reliably provide syntactic accuracy but not semantic accuracy, and semantic accuracy is what people using language to ask questions are after.","Even non AI software can be accurate in a task without understanding what it does. Right? 

Or is everyone ascribing accuracy as a mere human trait? 

I don't get it",4,0.0,1.52,0.185,-0.7,6,0,0.0,5.0,0.8,0.0,0.8,0.0,3.0,0.95,0.95,0.9,0.95,0.9,0.95,0.95
la6gvel,15,"Both, but in this particular case how would you convince a woman who had her face caved in for no reason that this is justice? And she should be satisfied and feel safe?","Justice systems work very differently depending on where in the world you are.


In your given case a guilty plea and other factors mean a suspended sentence, but reoffence would lead to further punishment. 


Not everywhere can afford to have a huge prison population, or severe punishment, everything is dealt with on a case by case basis. 


Is your view about this one perticular case? Or an overall sense of justice? ",2,0.909,3.03,0.256,-0.7,6,0,0.0,2.0,0.2,,0.8,0.0,1.0,0.95,0.95,0.8,0.85,0.9,0.95,0.95
lbk23vy,12,You are going to ask someone who’s bleeding to death for their bank account number?,"U can require bank account information then cross reference that. Many illegals have bank accounts with Chase, BoA, Wells Fargo and so on.",3,0.312,0.0,0.169,0.0,6,0,-1.0,2.0,0.2,,0.8,1.0,1.0,0.95,0.95,0.8,0.2,0.95,0.95,0.95
l9pdksg,5,"At the minimum, it would make for unfun showers.","I don't think so, lol",3,1.0,0.0,0.0,0.0,6,0,0.0,5.0,0.0,,0.2,0.0,3.0,0.95,0.9,1.0,0.85,0.6,0.95,0.8
lax3tkk,2,"Im saying that a lot more that enough to “live” your listing a lot of comforts for someone at the lowest most accessible employment levels in the economy.


And thats why i always roll my eyes at the “living” wage argument.

Its always “i want upper middle class luxuries at low income possibly part time work.” Hidden behind the trojan horse of “i just want food” 

You can have all the essential things you listed at minimum wage salaries you just cant have fiber internet, the newest iphone, a high rise apartment in the trendy part of town and a huge saving account with plenty of disposable income.


Giant chasm between counting pennies as you draw your final breathe crawling towards the counter of the gas station for a bag of chips and owning a 3bed 2 bath on a 30 hr a week wendys paycheck with an audi in your driveway.","You think eating food that keeps you healthy, living in a place that is safe, being able to get to the places you need to go for live (work, grocery store, etc), going to the doctor when sick, not being beholden to others when you are too old to work? And a small amount one can use for self improvement should only be available to the middle class?",4,0.067,0.0,0.228,-0.7,6,0,0.0,2.0,0.5,0.0,0.8,1.0,1.0,0.95,0.95,0.8,0.95,0.95,0.95,0.95
l9kniso,13,I had a guy chat me up at a bar about 7 years ago who had not left the town we were in for a decade.   Not even to the next town over .   There are all kinds!,"To be fair, the Pacific and Atlantic are pretty big. There's so many different biomes and subcultures in the EOS, there's a lot to explore. 

Also, Europe is more expensive than South or Central America.",4,0.0,0.0,0.107,-0.7,6,0,0.0,6.0,0.2,,0.5,0.0,6.0,0.95,0.95,0.8,0.2,0.8,0.95,0.95
l8qg3ev,16,Been here long enough to where I consider it a foregone conclusion half the time.,"Welp, they deleted their post. Sorry buddy, seems they were here to soap box. Good work though either way with your rebuttals even if they fell on the deaf ears of OP.",4,0.0,0.0,0.086,-0.7,6,0,0.0,5.0,0.2,,0.5,0.0,3.0,0.95,0.9,0.6,0.85,0.8,0.95,0.85
l8xvus5,16,Agreed.,"It's MY local data. So, only human surveillance is myself. 

I do 1000000000% agree anyone using google/amazon/whomever should absolutely stop using them. Closed circuit security is the ONLY security. Once it's open circuit it's open to attack from external.",4,0.0,0.0,0.0,0.7,6,0,1.0,6.0,0.0,0.0,1.0,0.0,6.0,0.95,1.0,1.0,1.0,1.0,0.95,0.95
lbg26yh,9,Yeah…lost cause lmao,"But it exists...so, it;s not a concept.

What are you talking about ?

If the monkey has never seen an airplane, does it mean that the airplane is a concept ? 

NO..it doesn't.

I don;t thik you understand what it means.",4,0.0,0.0,0.0,0.7,6,0,0.0,2.0,0.0,,0.2,1.0,1.0,0.95,0.8,1.0,0.85,0.8,0.95,0.85
l8rzo0j,2,It's not when it was implemented.  Now it is.,Minimum wage is the bottom line the government implemented,4,0.0,0.0,0.171,-0.7,6,0,0.0,5.0,0.0,,0.5,0.0,3.0,0.95,0.9,1.0,0.2,0.8,0.95,0.8
l8awua9,17,Couldn't you argue the same thing with videogames? GTA has gotten way more realistic over the years and I still don't have any urges to kill hookers with a flamethrower IRL.,"As someone that agrees with the argument, that clearly artificial media of said material can help fight against child predators, AI is a problem. It's a problem because of how realistic it is that there is a good argument that it can be a gateway to worse things. At some point there will be small to no line between real and AI",4,0.161,0.0,0.206,0.7,6,0,0.0,5.0,0.5,0.0,0.8,0.0,3.0,0.95,0.95,0.8,0.95,0.9,0.95,0.95
l99lagq,11,Hell yeah,I'm just a bud looking out for my fellow buds :),4,0.0,0.0,0.0,0.7,6,0,1.0,6.0,,,0.5,0.0,6.0,0.95,0.95,0.95,0.2,0.8,0.95,0.9
l8qheky,14,"If people can't see it happening to themselves or someone they love, then they don't care.  Gang violence?  Not my problem.  Suicide?  Why would anyone close to me do that?  Our lives are awesome, and they have me!",,5,0.658,2.63,0.0,-0.7,6,0,-1.0,1.0,0.5,,0.2,1.0,1.0,0.95,0.95,0.8,0.85,0.8,0.95,0.95
l90lqvy,18,"Completely disagree.

There have been approximately 404 school shootings since Columbine in 1999. There are over 115000 schools in the United States.

This means the chance that any given school is involved in a shooting in any given year averages to roughly 0.014%. Making policy off this type of margins continues to be nothing but emotionally driven.","Although I agree with you, increased mass school shootings do add another dimension to the equation. As a parent, I want to know my kid is safe asap. If they have to go find their phone in the chaos of an active shooter to notify me, thats a negative. But overall, yea I agree.",3,0.377,1.89,0.152,0.7,6,0,-1.0,2.0,0.5,0.0,0.8,0.0,1.0,0.95,0.95,0.8,0.95,0.9,0.95,0.95
l86v1rq,0,"The government guarantees the loan, but it still comes from a bank. It's just the government says ""hey, if they can't pay you back don't worry, we'll cover it"". So the bank is willing to loan money to people who wouldn't otherwise qualify for it.",I thought private loans come from financial institutions and education loans is from government,4,0.0,2.22,0.23,-0.7,6,0,0.0,5.0,0.5,0.5,0.8,0.0,3.0,1.0,0.95,0.8,0.8,0.9,0.95,0.95
l9narp9,14,Read up on what this case was about. This is not about criminals. This is about state laws that mandate at least 1 person must be arrested for ANY DV call. Men are being thrown in jail and stripped of their firearms before ever being found guilty.,"Does putting criminals in jail violate their right to freely move about the country? No, because they forfeited those rights when they broke the law. 

As long as gun restrictions are narrowly limited to those who have committed violent crime, and thus have voluntarily forfeited their rights through their own actions, then it's not an illicit restriction under natural law or the Constitution. While we can definitely have the discussion on whether DV is handled well in this country, the fact is that DV is intrinsically violent and thus those who actually commit DV are definitionally violent criminals, thereby forfeiting their rights.",4,0.0,0.0,0.159,-0.7,6,0,0.0,5.0,0.5,0.0,0.8,0.0,6.0,0.95,0.9,0.8,0.95,0.95,0.95,0.95
lakv7lf,5,I feel like everyone's waiting for a thing to be invented to magically solve everything.,"I wish I could say that I have faith humanity could stop climate change. But we really suck at working together, so...",4,0.0,0.0,0.037,0.0,6,0,0.0,5.0,0.5,,0.5,0.0,3.0,0.95,0.9,0.8,0.85,0.8,0.95,0.85
l9wcq11,5,"> a ""well this makes me feel better about myself""

Kind of like you not wanting to recycle because it's the fossils fuel industry fault, akchually?


>The number of people in a situation to make those decisions you just stated are a very, very small minority in the world.

It's literally billions of people, who now own cars, houses and buy shit. More billions to come.

 > It is probably not even a drop in the bucket even if every single person in that privileged position did all they could.

If that meant using public transportation....somehow hundreds of millions of less cars polluting shit would not make a difference? You are very smart!


> That is just a terrible take.

Seems to be a pattern of your comments, interested in joining Greenpeace to sabotage the entire movement even more?","The number of people in a situation to make those decisions you just stated are a very, very small minority in the world.  Even in developed nations you are talking about the upper middle class at least who can make decisions that cost more money for a cause.  It is probably not even a drop in the bucket.  If it is cheaper and better, well, you don't even need to make it a climate change thing.

It's all a ""well this makes me feel better about myself"" decision.  Two things make the changes.  Legislation and tech becoming cheaper while at or near the same level as the alternative.  For the latter you really don't have to do much.  It tends to work itself out assuming no interference from, well, legislation.  The former is the important thing.

As for the right backlash, really?  We should shrink from the idiots that spew nonsense?  How does that help?  I don't think the answer to that is ""well let's just not try to legislate because they might get angry.""  I am sorry, that is not just devils advocate.  That is just a terrible take.",2,0.401,0.73,0.477,-0.7,2,0,-1.0,2.0,0.2,,0.8,1.0,3.0,0.95,0.85,0.8,0.85,0.95,0.95,0.85
l9fhq5a,12,"[It is not unknown for Americans to get treatment in the UK](https://edition.cnn.com/2010/HEALTH/04/26/cheaper.surgery/index.html). Although that is mainly for people who want the hospital to speak the same language as they do, most people from the US do indeed go elsewhere.","There is rarely a reason for an American to fly to the UK for treatment, we can't take advantage of your universal healthcare, which is the reason why you have better health outcomes and longer life expectancies. More people can get treatment which is the reason why there is better health outcomes. What you are talking about doesn't deal with specialists. 

Also isn't the NHS in crisis right now? 

[https://www.nytimes.com/2023/07/16/world/europe/uk-nhs-crisis.html](https://www.nytimes.com/2023/07/16/world/europe/uk-nhs-crisis.html)",4,0.0,0.0,0.184,0.7,6,0,-1.0,3.0,0.5,0.0,0.8,0.0,3.0,0.95,0.95,0.8,0.95,0.95,0.95,0.95
lb7n7qo,18,Dude ones trying to overthrow democracy one is not. What in the actual fk are you saying with that “both sides are bad” argument? Both are bad in the way that a kid who steals a cookie jar vs Jeffrey Dahmer..,"I mean, we are arguing so yes I ""want the argument.""

Since you didn't really give me anything back except for saying I want to argue and telling me to eat paint, ""Biden just has a stutter"" is the same logic that people use to justify Trump when they say stuff like, ""I know he comes off a little harsh."" Things would be a lot better if everyone in this country wasn't so wrapped up in their ideological blankets and could display a modicum of self-awareness and non-binary thinking. Yes Biden is better than Trump *but also* he is too fucking old and the president should be able to speak in complete sentences.

I'm voting for Biden but I'm not going to pretend like I'm not voting for essentially a corpse, and I'm not OK with that. Our country deserves better than Joe Biden, and if the Democratic Party cares about us they should give us a more compelling candidate. So the question is, why didn't they?",2,0.122,0.0,0.21,-0.7,6,0,0.0,2.0,0.5,0.5,0.8,1.0,3.0,0.95,0.95,0.8,0.8,0.95,0.95,0.95
lbhxkkz,11,Pfffft I took school two,yeah the only smart one in this conversation,4,0.0,0.0,0.0,0.0,6,0,0.0,1.0,,,0.2,1.0,1.0,0.95,0.95,0.95,0.2,0.6,0.8,0.8
l91x79i,9,"You don't know why I need to hurt people. Assuming they deserve it, is it acceptable to use things outside their control to do it?","If you're asking if it's possible then yes? If you're asking if you should then that's a weird question because (generally speaking) you 'shouldn't' go out of your way to hurt someone?

I really don't get what your point is tbh I'm not trying to be an ass here lol",4,0.2,0.0,0.229,-0.7,6,0,0.0,2.0,0.5,,0.5,0.0,1.0,0.95,0.95,0.8,0.85,0.8,0.95,0.95
lb8ivrh,5,Goes hand in hand...,And both exploit fundamental human emotion and being. Makes them easier to blend together. Money and religion that is.,4,0.0,0.0,0.0,0.0,6,0,1.0,5.0,0.5,,0.8,0.0,3.0,0.95,0.9,0.8,0.85,0.9,0.95,0.8
lbihzb7,11,I forgot,only up to two?,4,0.0,0.0,0.0,0.0,6,0,0.0,5.0,,,0.5,,3.0,0.95,0.8,0.85,0.95,0.8,0.85,0.8
larwml3,3,"Ukraine is already talking publicly about ramping drone production to about 100K per month, or over a million a year. That alone might win the war for them, because a drone is 10x cheaper than an artillery shell ($500 vs $5K) and has 10x the precision. It takes about 2 drones to get a battlefield casualty, but up to 20 artillery shells to score a hit against entrenched defenders. This is 100x more cost effective!","I wonder what the F35 will do when faced with 100000 mass produced drones, with sufficient AI on them to find their targets autonomously. 

That's what I think the next war will look like. Shooting them down won't be economically viable when missiles will cost 10-100x as much as a drone.

What we're seeing in Ukraine is just handfuls of drones. Beware of regimes that will have time to hoard them for a few years before starting war.",4,0.139,1.39,0.153,-0.7,6,0,1.0,5.0,0.8,0.5,0.9,0.0,6.0,0.95,0.95,0.9,0.8,0.95,0.95,0.95
l9g5enb,2,"welp see ya in a year or so when u get to read that headline again.

and in the next year.

and the next.

it's literally just our minimum wage laws in action.",they literally explained why it's news worthy. ,4,0.0,3.03,0.075,0.0,6,0,0.0,2.0,0.5,,0.5,0.0,6.0,0.95,0.85,0.8,0.85,0.8,0.95,0.95
l9ne5iw,1,Uber in Japan is literally just normal taxis. pretty expensive tho,Uber works with taxis in Colombia. They are maybe 10-20% more. Taxis in general are pretty scammy if you pick them up off the street. If you don’t know the exact route they’ll often try to go the long way.,4,0.0,0.0,0.12,-0.7,6,0,0.0,5.0,0.5,0.0,0.5,0.0,3.0,0.95,0.9,0.8,0.95,0.8,0.95,0.95
l8nw2ts,14,"> Those are raw numbers. You need a ratio to compare. 
> 
> If guns were used defensively 1.6 million with 20 million deaths. 

We have the ratio, you already provided the gun deaths number Mr goldfish. And spoiler, it wasn't 20 million, it was 43,000 (which again I'll note is not a fair comparison since most are suicides, but I'm ok with using it anyways). 

So the ratio is 1.67 million to 43k. Or ~39 to 1.","Those are raw numbers. You need a ratio to compare. 


If guns were used defensively 1.6 million with 20 million deaths. 


How many times were people saved by non-gun reasons?


And how likely is a situation where there are no guns likely to result in death? ",4,0.0,2.94,0.526,-0.7,6,0,0.0,5.0,0.5,0.0,0.8,0.0,3.0,0.95,0.95,0.8,0.95,0.95,0.95,0.95
lbg8gqk,11,It has nothing to do with the american people,,4,0.0,0.0,0.0,-0.7,6,0,-1.0,2.0,0.0,,0.0,0.0,1.0,0.95,0.8,0.95,0.85,0.95,0.95,0.9
la63dhs,9,"I don't think it was the word that was offensive, just the whole situation.","Maybe it's the language barrier but I don't see it as being offensive to you?

Even if I stretch it, it feels more like a light hearted jab towards your father as in ""is he ok that he didn't see his baby for 3 days?""",4,0.0,0.0,0.164,0.0,6,0,0.0,5.0,0.5,,0.5,0.0,2.0,0.95,0.9,0.8,0.85,0.8,0.95,0.8
l9o31o8,1,"It's zone-dependent. Inside the 'M-30' is 30euro, outside is 20euro.",It's 30€. But Uber is pretty much the same price if you want to go to the center.,4,0.0,0.0,0.164,0.0,6,0,0.0,5.0,0.5,,0.8,0.0,3.0,1.0,0.95,0.8,0.85,0.9,0.95,0.95
la3bcqj,17,How do you feel about factories that output Swedish-designed flatpack furniture or the sorting machines that process your packages when you buy something affordable from your favorite online giant?,"> Me playing devil's advocate does not mean I think it's all fine, simply that it is nothing new.

You're not playing ""devil's advocate"" you're trying to humiliate and shame people for being against it saying they are ""shocked and outraged"". Sounds like you spent all your time trying to come up with some fancy analogy between AI and ""the wheel"" and the consequences of AI taking over never even entered your mind. people right now are struggling to find the most basic jobs and many go homeless overnight because they can't get anywhere, but what we're supposed to be thrilled that some computer processor will be doing a better job? I don't get it.",4,0.167,0.0,0.144,0.0,6,0,0.0,2.0,0.2,,0.2,0.0,1.0,0.95,0.85,0.6,0.85,0.8,0.95,0.95
lbjqq6a,12,That sounds like you'd also want to raise premiums on people who aren't willing to do those tests.,If my health insurance premiums were halved and my deductibles eliminated I’d submit a blood and urine test every year no questions asked,4,0.0,0.0,0.132,0.0,6,0,0.0,5.0,0.2,0.0,0.8,0.0,3.0,0.95,0.9,0.7,0.95,0.9,0.95,0.85
l9pet9y,14,"I'm so confused about the pushback on this.

Are you also against jailing people until their hearing or should we just ask everyone politely to show up to their court date after they're booked?",So punish the innocent until they’re proven guilty boy how could that not totally be abused by the left?,3,0.441,2.94,0.175,0.0,6,0,0.0,2.0,0.2,,0.5,0.0,1.0,0.95,0.85,0.8,0.85,0.8,0.95,0.95
l9yw8ul,16,"Typically they call those non-sworn positions. Examples: records clerk, fingerprint technician, evidence custodian, administrative assistant/clerk, dispatcher. The last is a high barrier to entry but the other positions are a bit easier.",,4,0.0,2.94,0.0,-0.7,6,0,0.0,5.0,0.2,0.0,0.5,0.0,3.0,0.95,0.95,0.8,1.0,0.8,0.95,0.9
l94psqu,9,"When you think about it, most men will have no problem with it, it's the women who won't like it.",Shirtless at the pool,4,0.0,0.0,0.157,-0.7,6,0,0.0,3.0,0.5,,0.5,0.0,3.0,0.95,0.85,0.8,0.85,0.8,0.95,0.85
lao89vd,7,"Yeah, Big Tobacco funded studies that showed sources of obesity. They did so to big potentials alternative sources of cancer, but the out-of-context research itself was still a benefit for humanity.","Yep. The institution is still shitty.

But a shitty institution can still do a good thing sometimes. Nuance",4,0.0,6.06,0.123,0.7,6,0,0.0,5.0,0.5,0.0,0.8,0.0,3.0,0.95,0.9,0.8,0.95,0.9,0.95,0.9
lb4eob2,7,">im just here for the debate and maybe change a few minds.

And, that is why your post will be deleted. This is not the forum for you to change *anyone's* mind. This is where we all change yours. 

""Your submission and subsequent explanations should not aim to convince others, spread your ideas, advocate for a cause, or otherwise “soapbox” in any way. ""","this post is getting deleted, no matter what.  i have had posts like this with hundreds of comments in 2 hours get deleted, that most def shouldnt have.  

  
im just here for the debate and maybe change a few minds. 

  
hunter could be worried about his case, and jill could just be fucking hungy.  i wouldnt be surprised.  im skeptical of all of it.",3,0.317,1.59,0.454,-0.7,6,0,-1.0,1.0,0.5,,0.2,1.0,1.0,0.95,0.95,0.8,0.85,0.8,0.95,0.95
l8hg49w,3,Last thing anyone in the west wants is setting a precedent that countries who created carbon emissions owe money to everyone else.,Likelihood is actually 100 given that the assets are seized,4,0.0,0.0,0.129,0.0,6,0,-1.0,5.0,0.5,,0.5,0.0,3.0,0.95,0.9,0.8,0.85,0.8,0.95,0.85
lb4e4lq,7,If you really think AOC would defeat Trump in a general election you a living in an echo chamber.,"> Come on... you think AOC would beat Trump? Pelosi? Buttigieg?

Is this a joke? AOC would run circles around him",3,0.526,0.0,0.357,0.0,6,0,-1.0,2.0,0.2,0.0,0.8,1.0,1.0,0.95,0.95,0.6,0.95,0.95,0.95,0.95
lalrik8,7,Not like they don't have the $$$,,3,0.0,0.0,0.0,-0.7,6,0,0.0,2.0,0.0,,0.5,1.0,3.0,0.95,0.8,0.95,0.85,0.8,0.8,0.8
l8kvpnt,0,Why were you underground in the cemetery?,Your mom last night ,3,0.714,0.0,0.1,0.0,6,0,-1.0,2.0,,,0.5,1.0,1.0,0.95,0.8,0.85,0.85,0.8,0.9,0.8
lae63qs,3,">Also iirc NK Korean sounds archaic compared to SK Korean?

Maybe it's like west and east german dialects.. east germans talks funny and in a ""redneck"" style.","From what i've read / been told they can understand each other but its become more like a small dialect deviation.

Also iirc NK Korean sounds archaic compared to SK Korean?",4,0.556,0.0,0.364,0.0,6,0,0.0,5.0,0.5,,0.8,0.0,3.0,0.95,0.9,0.8,0.85,0.9,0.95,0.85
l8l72hd,16,It needs to happen more often than it does though..,Why aren't good cops arresting the bad cops? There should be a nearly endless amount of videos.,4,0.0,0.0,0.0,0.0,6,0,0.0,5.0,0.2,,0.5,0.0,3.0,0.95,0.9,0.6,0.85,0.8,0.95,0.85
l8aosij,0,"Why would a collection agency buy the debt anymore is the real question.

Unless the amount is worth litigating, what tools do they have other than ""irritate the hell out of the debtor""

Seems like collection agency start hounding you on anything from $100+ and just threatens you with ""this could affect your credit""","> There's no meaningful difference from the hospital's POV before or after this rule.

I don't know if that's a fair assumption. 

This will make it harder for 3rd party debt collectors to collect on that debt - reducing its value. The hospital will likely collect less on the bad debt that they sell. 

IF that's a significant source of revenue for a hospital, this may be a significant change. If not, I agree - they won't see much of a difference.",4,0.755,0.0,0.254,0.0,6,0,0.0,5.0,0.5,0.0,0.6,0.0,3.0,0.95,0.9,0.8,0.95,0.85,0.95,0.85
la8jqoe,8,"Yes I agree that vegan eating animal products and omni eating a vegan meal are not analogous situations. Just have to push back wherever I see vegans underplaying the restrictiveness and difficulty of the associated diet/lifestyle. I believe that is part of the reason we have so many people who go vegan, then quit, rather than slowly reducing meat and certain products, going vegetarian, reducing or cutting out one more thing like eggs, etc. until they are finally a permanent and stable vegan.

Or going vegetarian/reducetarian rather than doing nothing, which might have more potential for reducing animal suffering in the near term than converting people to full vegans.","The only point of my comment was to say that meat eaters eat vegan food too. The person I was responding to was saying that meat eaters don't want to eat vegan food the same way vegans don't want to eat meat. However this isn't a good comparison because meat eaters eat vegan foods all the time, while vegans never eat meat (and other stuff ofc)",6,0.18,1.8,0.109,0.7,6,0,0.0,5.0,0.2,0.2,0.8,0.0,3.0,0.95,0.95,0.8,0.8,0.95,0.95,0.95
l9uheza,2,"Are you going to get the best and the brightest when you pay didley squat? Yes, I know many people who went into teaching because they couldn't make it in any other major. (Heck, there were three misspelled words on the boards when my wife and I went in for parent teacher conferences. My wife stopped me from fixing two of them.) If you paid better, there'd be better people competing for the positions and those loser idiots wouldn't get or keep their jobs. The problem fixes itself.",Teachers should be a better regulated industry. While they should get paid more there are also many individuals that have no business teaching children.,4,0.057,1.14,0.229,-0.7,4,0,0.0,2.0,0.5,0.0,0.8,1.0,1.0,0.95,0.95,0.8,0.95,0.9,0.95,0.95
lb8c54w,18,"The unfortunate reality is even in multi-party countries they essentially band together in factions that functionally results in a two party system. Fyi. 

But yeah I get what you are saying and agree 100%","Exactly this. I would love for the US to have a multi-party system like a lot of other countries, and I have actively supported and voted for third party candidates in the past, but I currently live in a swing state, so I’ll be voting straight dem in November because the GOP is just too much of a threat to freedom and progress.",5,0.0,0.0,0.294,0.7,6,0,1.0,5.0,0.5,0.0,0.8,0.0,6.0,1.0,0.95,0.8,0.95,0.9,0.95,0.95
la70o2m,17,Yes and it makes no sense to say otherwise. Every single artist alive has trained themselves on art they have seen their whole lives. We didn't get from caveman drawings to photo realistic or impressionism or post modern art by chance. Styles built on styles improving as we have more examples. AI as it currently is won't push art forward just make where art is more accessible.,"> Nothing at all unethical about AI data sets. AI models don't store any art so no copying.

You seriously think that purposefully training AI on specific artists and then *selling* those models for profit is not unethical?",4,0.0,0.0,0.089,-0.7,6,0,0.0,2.0,0.5,0.1,0.8,0.0,6.0,0.95,0.95,0.8,0.8,0.9,0.95,0.95
lbix7mc,12,I think you stumbled on something here. Everyone gets a free motorcycle when they turn 70!,"The majority of your life’s healthcare expenditures will be in the last year of your life. For most people. Healthy choices or not, everyone dies eventually. For society at large, even if you did successfully encourage people to lead healthier lives all your plan would do is defer some costs for some period of time, but at the end of the day even if everyone ate healthy foods and exercised, they would still one day die. And in that year they would cost even more money. 

The only truly viable plan to cut healthcare costs is to incentivize highly risky behavior that leads to a quick death like climbing Mount Everest or jumping out of airplanes with cheap parachutes.",3,0.667,0.0,0.151,0.0,6,0,0.0,1.0,0.2,0.0,0.8,1.0,6.0,0.95,0.95,0.8,0.95,0.9,0.95,0.95
l9gzvi5,15,I never said one was worth more than the other. My point was we should be able to do for humans what we do for pets.,"although I 1000% agree with the points you both are making, one of the reasons why is because humans are much more important than a beloved family pet, being the family that beloved that pet. the answer I think is more likely, though, is that if they (hospitals) keep you ""alive"" (teetering on the cusp of death) they can leech more money out of the patient and their family",3,0.385,0.0,0.114,0.0,6,0,0.0,6.0,0.5,0.0,0.8,0.0,3.0,0.95,0.95,0.8,0.95,0.9,0.95,0.85
lawpxc2,2,What is your solution? I think minimum wage is pretty good for entry level jobs with no experience. Especially as a teenager.,Why? Clearly that's not working.,3,0.682,0.0,0.1,-0.7,6,0,0.0,5.0,0.2,0.0,0.5,0.0,6.0,0.95,0.95,0.7,0.95,0.8,0.95,0.95
lae4urb,13,"So it is us that has given them the right to call themselves after TWO CONTINENTS, even though the country only covers less than half of one of them? Shame on us. USians from now on!",They say “the US” or “the States” instead of America. Also they are loud AF,4,0.139,2.78,0.088,-0.7,6,0,-1.0,2.0,0.5,,0.8,1.0,1.0,0.95,0.95,0.8,0.85,0.95,0.95,0.95
lbhtco2,11,no duh genius,Your president has more rights than you do.,3,0.0,0.0,0.0,-0.7,6,0,0.0,1.0,0.0,,0.2,1.0,1.0,0.95,0.95,0.95,0.85,0.6,0.9,0.8
laf7s3e,11,Would some vegemite make your vagina feel better?,Swing and a miss.,3,1.0,0.0,0.1,0.0,6,0,-1.0,1.0,,,0.2,1.0,,0.95,0.95,0.95,0.85,0.6,0.95,0.95
la1cgq1,16,">The biggest kicker of all is that the state wants drivers to install government GPSs on their vehicles so that the government can track every driver’s miles.

Don't they collect that through regular car inspections and license plate renewals?","Wanna hear something funnier? In Washington state, lawmakers are planning to replace the gas tax with a pay-per-mile tax *because they’re losing gas tax revenue to EV drivers.* Even funnier, since this proposal would completely replace the current ~50 cents-per-gallon gasoline tax, drivers of gas guzzling vehicles might end up paying less per year for their vehicles than those who drive EV vehicles.

The biggest kicker of all is that the state wants drivers to install government GPSs on their vehicles so that the government can track every driver’s miles.

Washington is speedrunning to its demise.",4,0.125,2.5,0.416,0.0,6,0,0.0,2.0,0.5,0.0,0.8,0.0,1.0,0.95,0.95,0.8,0.95,0.95,0.95,0.95
la9w5ur,4,"A lot depends on the job.
I remember in college having friends who could barely afford to pay rent because they were waiting tables.

I got a job in commission sales at a retailer and had normal(and flexible) hours, vacation time, and I made about 2x as much money as them. I tried to get every single one of my friends to do it, but a lot of them couldn’t deal with talking to customers.
(For the record, this wasn’t some shady cutco knife sales thing, it was with a large retailer). 

Heck, go work in a company tangentially related to what you do. CS major? Go get a job at geek squad","Because that's what it feels like. Everyone is sending me statistics after statistic but I still only have $40 to my name, no savings, and barely manage to get what I need week to week, and this is only paying a phone bill and gas as recorring expenses",4,0.129,0.86,0.246,-0.7,6,0,0.0,5.0,0.5,0.5,0.8,0.0,3.0,0.95,0.95,0.8,0.8,0.9,0.95,0.95
l9mynwi,13,"My first comment you replied to said almost exactly the same thing I just said in my last comment, I have been talking about the same thing since you first replied to me.  Maybe you should understand what a straw man is before using the word.","I didn't say it was a fact, but you aren't articulating my position. You are articulating a strawman that no one said. No insult was given either.",5,0.435,2.17,0.22,0.7,6,0,0.0,2.0,0.2,,0.8,0.0,1.0,0.95,0.95,0.8,0.85,0.95,0.95,0.95
lb047lv,7,"/u/GrapeAyp (OP) has awarded 1 delta(s) in this post.

All comments that earned deltas (from OP or other users) are listed [here](/r/DeltaLog/comments/1ds6ce4/deltas_awarded_in_cmv_fossil_fuels_are_wasteful/), in /r/DeltaLog.

Please note that a change of view doesn't necessarily mean a reversal, or that the conversation has ended.

^[Delta System Explained](https://www.reddit.com/r/changemyview/wiki/deltasystem) ^| ^[Deltaboards](https://www.reddit.com/r/changemyview/wiki/deltaboards)",,4,0.0,0.0,0.0,-0.7,6,0,0.0,6.0,0.2,,0.8,0.0,3.0,1.0,1.0,0.8,0.95,0.95,0.95,0.8
lag1dto,8,Right?? Even more commonly known sea creatures like whales are fascinating. They have unique communication methods and social hierarchies. Vegans are just vegan,What a boring thing to be obsessed with. Don’t they know that wild lookin deep sea creatures exist for example?,5,0.435,0.0,0.09,-0.7,6,0,0.0,2.0,0.5,,0.5,0.0,3.0,0.95,0.95,0.8,0.85,0.8,0.95,0.9
l8lrpme,16,I'll make it even easier. One single video. Show me a single one.,Go outside more often around others,4,0.0,0.0,0.0,0.0,6,0,0.0,5.0,0.0,,0.5,0.0,3.0,0.95,0.9,1.0,0.2,0.8,0.95,0.8
l9q15pl,14,"You need a better argument that citizenship = voting rights. Voting rights aren't even consistent across state lines. It's a state's issue. If not for the 19th amendment, a state could choose to limit voting to only those who register for the selective service, and hence women would lose the right to vote. The equal protection clause wouldn't stop it anymore than it did in 1910. Just like it doesn't restore a ex felon's right to vote because Texas restores ex felon's right to vote.

Things like poll taxes and such are really outlawed because of the 24th amendment, as numerous attempts at applying the Equal Protection Clause of the 14th amendment to outlaw such practices failed (Breedlove v. Suttles and Butler v. Thompson.) Of course, we know the purpose of poll taxes... 

Like seriously, equating voting rights with the 14th Amendment is so wrong it is silly.",You need a better argument than this repeated special pleading goalpost move.,6,0.137,2.74,0.173,-0.7,6,0,-1.0,2.0,0.8,0.2,0.8,0.0,1.0,0.95,0.95,0.9,0.85,0.95,0.95,0.95
lac445k,11,"I know it's maybe too soon, but there's also the COVID too for realz!","If avian flu was ever going to become endemic in humans, this is its greatest chance. It's infected a number of farm species which means it's consistently in high contact with humans. If you watched 'Contagion', then you know what we're in for. That movie may have been the single greatest representation of what a a highly infectious disease in the modern day would like.",3,0.714,0.0,0.079,-0.7,6,0,0.0,5.0,0.5,,0.8,0.0,3.0,0.95,0.95,0.8,0.95,0.9,0.95,0.85
l9t6dk7,8,"Oh, so now all farms with a barn are factory farms, and yet there are only 24,000 of them.","There's no good definition for factory farms either, one of the definitions includes living indoors, so if you don't leave your animals outside during all weather conditions all year round they're factory farmed, please look into things more I understand you think you have enough of a grasp but you don't and I say that as someone who comes from a farming town",4,0.0,5.56,0.133,-0.7,6,0,0.0,2.0,0.5,,0.8,0.0,3.0,0.95,0.95,0.8,0.85,0.9,0.95,0.85
l7x3qxm,2,The clientele covers the wages either way. Tipping just allows you to reward service people directly when they go above and beyond. The tip isn't required and the employer has to pay the prevailing min wage whether you tip or not.,Encourages the behavior in my opinion. Pay them livable wages so the clientele doesn’t have to make up for it.,4,0.0,0.0,0.225,-0.7,6,0,1.0,5.0,0.5,0.0,0.8,0.0,3.0,0.95,0.95,0.8,1.0,0.9,0.95,0.95
l89mf4q,12,What symptoms?,I don’t know what it is. I spent $9000 dollars last year trying to get it fixed but they never did figure it out. So I’ve just suffered through it and slowly gotten better on my own,3,1.0,0.0,0.035,0.0,6,0,0.0,5.0,0.8,,0.5,0.0,1.0,0.95,0.9,0.9,0.95,0.8,0.95,0.85
lbl2mxj,10,"Telling you i have, several both undergrad and masters level, and therefore i know how to use statistics to lie.",Tell me you've never taken a stats class without telling me. lmao,4,0.0,10.0,0.144,-0.7,6,0,0.0,2.0,0.5,0.0,0.8,1.0,1.0,0.95,0.95,0.8,0.95,0.9,0.95,0.95
l8b0jjc,17,"...duh? It seems obvious that the problem must be addressed at its roots and people need a proper treatment and therapy (it is also obvious that public discourse should change to avoid non-offenders not asking for help in fear of being reported). It also seems clear that *while* this is addressed something should be done to avoid those at higher risk of perpetrating any kind of abuse (being it physical harm or consumption of material made causing harm).


I would definitely let my picture being used if it could save a child from being abused... Wouldn't you? ","Ah now imagine if they did this using *your* likeness as a child.

This is not an acceptable compromise. Not even with fake generated characters. There is no acceptable compromise because this is the type of interest that needs to be treated with therapy, not fed with light intermediary steps that usually result in increasing the interest.",3,0.816,0.0,0.25,-0.7,6,0,1.0,6.0,0.5,0.5,0.8,0.0,6.0,0.95,0.95,0.8,0.8,0.95,0.95,0.95
l8mwxqc,14,The code to building a nuclear bomb and things like that are not. ,Code is speach and thus protected by the first amendment.  ,4,0.0,0.0,0.18,-0.7,6,0,0.0,6.0,0.5,,0.8,1.0,6.0,1.0,0.95,0.8,0.85,0.9,0.9,0.95
l9p5x5n,5,Yes,More than the centuries of weather and human contact?,4,0.0,0.0,0.0,0.0,6,0,1.0,6.0,0.0,,1.0,0.0,6.0,0.95,1.0,1.0,0.2,1.0,0.95,0.95
l7wbd3w,2,Do you get out much,Is it better elsewhere?,4,0.0,0.0,0.1,0.0,6,0,0.0,5.0,,,0.5,1.0,3.0,0.95,0.9,0.85,0.95,0.8,0.8,0.8
l8a48iz,0,QTNA! The government constantly gives tax breaks and forgives corporations of their debts. Students should be able to forgive the loans and charge no interest,,2,0.4,0.0,0.0,-0.7,6,0,0.0,5.0,0.5,,0.5,0.0,6.0,0.95,0.9,0.8,0.85,0.8,0.95,0.95
l8s0n8l,2,"> Trickle down economics have never worked. 

The NBER study absolutely demolished this claim, but let's see your model.","Trickle down economics have never worked. Companies have consistently shown reduced taxes do not go to wages, or anything employee related.

It’s wonderful NPR was paid by corporate interests to write a bullshit article, but laughable",4,0.0,5.56,0.333,-0.7,6,0,-1.0,2.0,0.8,,0.8,0.0,1.0,0.95,0.95,0.9,0.85,0.95,0.95,0.95
l8l6enl,4,Ethically sourced.,"My sister just got a lab grown diamond. When my mom called it fake my sister was like ""it is NOT FAKE. It is...alternatively sourced.""",4,0.0,0.0,0.06,0.0,6,0,1.0,6.0,0.5,0.0,0.8,1.0,6.0,0.95,0.95,0.8,1.0,0.9,0.9,0.95
laf27da,11,"Yeesh, chill out. Did a dingo eat your baby or something?",Don't get pissy at me just because you expect other people to magically know what laws apply to you specifically.,3,0.455,0.0,0.1,0.0,6,0,0.0,2.0,0.0,,0.2,0.0,1.0,0.95,0.95,1.0,0.2,0.8,0.95,0.9
l9n2a6w,1,Nah Cyprus has them and they're hated. Heard the same is in some parts of Spain where they hate all the Americans forcing colonialist pilates and acroyoga class on them.,"Remote tech workers probably aren't as bad if they live there full time. They're getting paid decent salaries and spend that on local businesses.

That said, you are right about housing prices.",2,0.0,0.0,0.089,0.7,6,0,0.0,3.0,0.5,,0.8,0.0,3.0,0.95,0.95,0.8,0.85,0.95,0.95,0.85
l7z95u8,14,"Yes, it's a conspiracy theory.


And it still doesn't matter because it was still a mass shooting. People actually got shot","Conspiracy theory? Good Lord, please engage in critical thinking, especially when such massive budgets and agendas are at hand.",4,0.0,4.76,0.106,-0.7,6,0,0.0,2.0,0.5,,0.8,0.0,1.0,0.95,0.95,0.8,0.85,0.95,0.95,0.95
lbnqeon,5,Extreme polarization,,4,0.0,0.0,0.0,0.0,6,0,,3.0,,,0.5,,3.0,0.95,0.85,0.85,0.85,0.8,0.85,0.8
l91o73m,18,"Not a nitpick, and totally fair. 3.48% chance. Enormously greater than 0.014%","Sorry to nitpick...


Per google,  there are 4000 school fires annually.   Can we run the shooting numbers once again?",4,0.0,0.0,0.044,-0.7,6,1,0.0,6.0,0.5,0.0,0.8,0.0,6.0,0.95,0.95,0.8,0.95,0.95,0.95,0.95
l7whtys,2,Yeah ok,"More than you know, but that isn't what we are talking about.",4,0.0,0.0,0.0,0.7,6,0,0.0,5.0,0.0,,0.5,0.0,3.0,0.95,0.8,0.95,0.2,0.8,0.95,0.8
lbikhto,12,"You still haven't answered my question though of how health insurance right now today is ""healthy people subsidizing the poor lifestyles of unhealthy people."" Drawing from the fact that you said that twice in your post, that seems to be the entire foundation your argument is based on","Is it unfair that bad drivers pay more for car insurance than good drivers?

Is it unfair that people who can manage their credit card spending pay higher rates than people who can?

Why is health insurance different?",4,0.208,0.0,0.25,-0.7,6,0,0.0,3.0,0.5,0.0,0.5,0.0,1.0,0.95,0.95,0.8,0.95,0.8,0.95,0.95
l9yt1eq,14,no. don't.,"I will demonstrate on myself, I will return to you with my findings once they have been peer reviewed",3,0.0,0.0,0.0,-0.7,6,0,-1.0,1.0,0.0,,0.2,1.0,1.0,0.95,0.95,1.0,0.2,0.6,0.8,0.9
ladkivx,13,"I’d say jeans are the blandest choice of legwear, especially given their ubiquity. A nice pair of chinos and a shirt is much more interesting than the legions of jeans and t-shirts you see out and about.","jeans bro, jeans. Only people wearing khakis work at big box stores and wear a name tag.",4,0.0,0.0,0.18,-0.7,6,0,0.0,5.0,0.5,0.0,0.8,1.0,3.0,0.95,0.95,0.8,0.95,0.9,0.95,0.95
l87xcd4,0,"They literally wrote:

> As long as I make my payments on time, I don't accrue interest.

Is there another ""minimum payment"" level they didn't mention which is required to keep interest from kicking in?","Even on a credit card with a $0 monthly payment, you still accrue interest over time until you finally have a minimum payment with an actual dollar amount. If you pay more than the minimum payment you can avoid interest, but just doing the minimum will accrue interest",4,0.147,0.0,0.179,-0.7,6,0,0.0,5.0,0.5,0.0,0.8,0.0,3.0,0.95,0.95,0.8,0.95,0.9,0.95,0.95
la6oicy,17,"Looks like a case study on how attempting to replace writers with AI has completely failed. 
The AI produced subpar text and the person was overworked by rewriting it.",It’s not baseless. It’s reality https://www.bbc.com/future/article/20240612-the-people-making-ai-sound-more-human,4,0.0,3.45,0.086,0.0,6,0,0.0,2.0,0.5,,0.8,0.0,1.0,0.95,0.95,0.8,0.85,0.9,0.95,0.95
l85xyvb,4,"Dipshit, read my post.","Please educate us on where the money comes from, why anyone would choose to work and whats going to happen to the low paying jobs that still need doing but people would rather not work.",4,0.0,0.0,0.0,0.0,6,0,-1.0,1.0,0.0,,0.2,1.0,1.0,0.95,0.95,1.0,0.2,0.8,0.9,0.8
lblsr0b,15,What happens if not many doctors sign up to kill people? How would your system operate if staff don't want to be complicit in it? ,There are doctors who are willing to support. And I would see it as a job that a doctor applies for. So that doctor would not be forced in any way.,3,0.8,0.0,0.3,-0.7,6,0,0.0,5.0,0.2,,0.8,0.0,1.0,0.95,0.9,0.8,0.85,0.9,0.95,0.95
l94vp8y,9,Not even the husband?,I know women who've proposed to their husbands. Nobody cared.,3,1.0,0.0,0.0,-0.7,6,0,0.0,6.0,0.0,,0.5,1.0,1.0,0.95,0.95,1.0,0.25,0.8,0.95,0.85
lb7wfmu,18,I did.,"Someone didn’t read the opinion, huh?",4,0.0,0.0,0.0,0.0,6,0,,6.0,0.0,,,,1.0,,0.95,1.0,,,,0.8
l9x7gtr,15,"Not just drag queens, based on the death threats that people have posted on reddit that I've seen today, they're now calling people pedophiles if they have a Biden flag on display.","Not to mention how politically biased every justice system is. Hell, even right now, the MAGA folks are trying to villainize drag queens as ""child predators"". What happens if they actually get their way?",4,0.0,0.0,0.158,-0.7,6,0,,,,,,,,,,,,,,
laxbi99,7,"I see—i didn’t explain well—that’s my bad. 

Wasteful as in—it’s needlessly wasteful to use a resource that is difficult to produce when we have excellent alternatives to move people around. Some even preserve the individual liberty of self-ownership of transportation",Your point is that fossil fuels are wasteful for the average person but the average person can’t afford more expensive non-fossil fuels,4,0.213,0.0,0.111,0.0,6,0,,,,,,,,,,,,,,
la0ywwp,17,"AI is not an evil machine that will subjugate humanity. It's not a corporate CIA agent that will steal jobs while kleptomaniacs will rule the world as the masses turn to famine. It's not going to replace every aspect of society, and for every malicious use there is ten well-intended uses

People said the same about digital art, now they say the same about AI art. They said digital instruments and production isn't real, now it's created one of the most diverse scenes we've had with tons of new groundbreaking genres or reinventing wheels in new fashions

And they probably said the same about the camera which practically killed and transformed theatres and moved to movie productions and cinemas, which is now also dated as it's replaced by streaming services on top-end OLED HDR 4K home displays

Hell i wonder about the thousands of caravans and traders who transported goods, what they think about how they got replaced by a two-man crew in a freight train that pulls double or triple-digit tonnes of resources or goods, and we're gonna have the same people moan about automated vehicles if that ever kicks off in the future. Oh and i'm sure that one worker when we had steam engines really wanted to keep his job shoveling coal in to the train instead of doing something more dignifying and not tearing his body apart from labour

Or the miners who got replaced by dynamite. No more pickaxing for you and being away from family for months while your diet and air quality is a catastrophy, i'm sure lots of people miss those days huh?

But the AI art really pisses me off, especially because i actually lived through the digital evolution and had to deal with the same thing when digital art was taking over traditional. Art is always changing, art was always human innovation. It will always progress. Instead of thinking ''this shit is taking my job'', maybe think about how much time it saves you to achieve the same thing so you don't have to waste countless hours? Maybe think about the tons of people who now have a whole world open to them? Think of indie devs who can't draw but can now manufacture textures (and even voices- good voice actors are extremely expensive) and finally make projects they otherwise wouldn't be able to based missing skillsets and constrained by cash to hire the talent needed

And ofcourse, people are judging AI based on current capabilities. I look towards the future and i see a world with enhanced media and innovative content creation, adding a whole new dynamic to classrooms where AI chatbots can play a large role in teaching and offloading a lot of work from teachers which can let them work on better and more fun projects and curriculum for the students, and who knows where else. We'll also see it massively cutting costs and potentially streamlining a lot of the labour-intensive work that is currently present in digital media, which would be huge for the gaming industry, especially since AI upscaling is becoming a thing too which means we can reduce the quality of textures and assets- massively reducing the performance needed to render them, as well as the driver space required for storing them, and then upscale via AI for higher fidelity

I could keep going but i digress

And no i'm not oblivious to the consequences or sinister uses of AI, but i'm also not a hellbent pessimist",,1,0.111,0.68,0.0,0.7,4,0,,,,,,,,,,,,,,
l9613yb,9,">obviously it won’t be looked at the same way

You imply it’s reasonable that it’s more accepted when a man does it.","I'm so confused what you mean, like how did you come to the conclusion that I view a woman who spend 9 months doing that less favoribly? I literally don't , tf",4,0.0,0.0,0.259,0.7,6,0,,,,,,,,,,,,,,
l9hpdl4,17,"Unless it starts hallucinating libraries or makes just plainly buggy code.

I've just spent enough time debugging it to not bother anymore. 

Also ChatGPT is a [security risk](https://www.infoworld.com/article/3699256/malicious-hackers-are-weaponizing-generative-ai.html)","Funny. I used Chat GTP to create some skripts I needed in a language I did not yet know well enough.

Perhaps you are strictly working with tech you have mastered and will never need help with anything, but in the real working world, it has good usability within its obvious limitations.",4,0.0,0.0,0.092,-0.7,6,0,,,,,,,,,,,,,,
ladixmk,13,Truth hurts?,"That's very insulting to us Canadians, you know.",3,1.0,0.0,0.0,0.0,6,0,,,,,,,,,,,,,,
l96y9l1,3,"My projection, based on past Ukrainian tendencies, is:

1. A splashy initial strike with F-16s. Could be an air raid on Crimea, a SEAD mission in Kherson, multiple simultaneous JDAM/SDB strikes across the front, a single concentrated strike in one area, whatever. Not something that changes the whole war, but something that really grabs headlines.

2. Then they will probably take a back seat for a while, mainly doing training and intercepting cruise missiles and drones, with the occasional front line missions.

3. Gradually, over the next several years, I would expect them to build up their numbers and try to obtain local air superiority over specific small parts of the battlefield. Basically own the air for 50 miles around a town so they can capture it. I would also not be surprised at this point to see them use old and tired MiG-29 airframes for very risky missions or to attack inside Russia.","I just realized that we're all going to know the very second that f-16's are seen flying over Ukrainian Skies.

imho the most interesting thing about this conflict is how both sides are using  information to shape the environment. Will f-16's be used for an immediate physical affect or will they be seen flying around for a psychological impact first.",3,0.395,0.66,0.145,-0.7,6,1,,,,,,,,,,,,,,
lax2oof,2,"So small business employees make far less. That doesn't seem fair at all, now does it?","I don't know that I can give you a number. Maybe it shouldn't be just one number. Personally, I'd tie it to executive compensation. Say the sum total of the compensation an executive receives can be more than X times the wage of the lowest paid worker in the company. That way you can't have CEOs taking home $300 million dollar bonuses while paying the janitors $16 thousand per year.",3,0.938,6.25,0.036,-0.7,6,0,,,,,,,,,,,,,,
l91lfl2,9,"Stephen Pinker, The Better Angels of Our Nature. Goes against what you're saying.","It is widely known that we are currently in a loneliness epidemic. What are your sources? Additionally, empathy fuels kindness, you cannot have one without the other. Not to mention, everyone in the world has empathy. It’s not necessarily the fact that we don’t have it that’s the problem, it’s the fact that capitalism has taught us to cast it aside and focus on more selfish things in life. While it’s okay to be selfish at times, empathy is also important.",4,0.0,0.0,0.135,0.0,6,0,,,,,,,,,,,,,,
lbcbmcj,10,Corporal punishment is significantly less harmful than abuse though. Taking away a child's parent's and moving them to the foster system would be much worse.,Probably the same way we enforce the banning of abuse.,3,0.4,0.0,0.075,0.0,6,0,,,,,,,,,,,,,,
l9jg95n,6,"so we should only care about animals only if we find them cute ? (many people find deer and cows cute btw, and also some cats are found ugly by many people) ?",well if no one owns it than... still no because cats are cute but animals like deer or cows can go get killed i don't care,3,0.645,3.23,0.234,0.0,6,0,,,,,,,,,,,,,,
lbcu9bf,10,"You aren't supposed to trust the stove. 

Your own mother hurting you is a whole different thing.","Pain is an amazing teacher. 

Quick question for you:

How many times at most does a kid usually put their hand on a hot stove?

The answer is at most once. Why? A hot stove burns, which causes pain. Pain  again is a brilliant teacher.",4,0.0,0.0,0.236,0.0,6,0,,,,,,,,,,,,,,
l9s10cb,9,"Sat in a board meeting when an intern started it by asking a 70 year old professor to state his pronouns.  Not upsetting to me, but definitely raised some eyebrows around the table","Seems like this is one of those things that is only affecting a minuscule portion of the population in very specific circumstances, but it got trendy online, and now a bunch of dorks are pretending like it's an epidemic just to get upset about it for internet attention.",3,0.312,0.0,0.129,-0.7,6,0,,,,,,,,,,,,,,
l8w59me,3,What did he say?,"Barely more subtle. He's just publicly asked Putin to help him get elected, telling putin what he will get in return. ",3,1.0,0.0,0.114,0.0,6,0,,,,,,,,,,,,,,
l9uh789,2,Yet he asked the board for a 56billion dollar salary and the only reason he hasn't gotten it is someone sued him.,He still invested his own capital and took the risks. Capital that he made when he sold his other startup. It’s more investment than employment either way you split it.,4,0.0,4.55,0.114,0.0,6,0,,,,,,,,,,,,,,
l8v40uo,17,"Your question is a very interesting one. It takes me back in time to 1840:  when Paul Delaroche saw a photo for the first time and said ""From today, painting is dead""

Is painting dead more than 100 years later? No. 

But there were a lot of arguments about whether photography is art or not, and there still are in a way.  
I consider photography a tool, a photo a display, the real art is the process, the thought, the creation.  The photo does a great job at depicting the art of the photographer.","Doesn't the same apply to AI then? You give a prompt, know how to make it look better, iterate on it with the AI, etc.",4,0.054,0.0,0.211,-0.7,6,0,,,,,,,,,,,,,,
l8tz692,13,"which one? i'm also immigrant

in both cases it's okay if they're also european",,3,0.357,0.0,0.0,0.0,6,0,,,,,,,,,,,,,,
l7z1jqn,14,"The ban on ""assault weapons"" makes sense if you understand the context, and it's not ""safety."" The gun control people want a ban. A ban on what? A ban on anything they can achieve to slide down that slippery slope a little bit more. So what can they get enough support to ban? 

The ""assault weapons"" look scary to many people. They equate them with military guns they don't think people should have. They can be easily convinced that such guns should be banned because of their ignorance. ""Weapons of war on our streets"" is used to reinforce this thinking. This was the strategy written by the Violence Policy Center in 1988, and they got a ban six years later. The strategy document lamented the fact that handgun bans hadn't been achieved because the public saw them as too normal. The only thing they managed to ban were inexpensive handguns, and they got that by leveraging racism against black people. But these then-new scary guns weren't normal, so leverage the fear people have of new and different things. 

This is why the latest ""assault weapon"" ban proposals explicitly exempt the traditional-looking wood-stocked Ruger Mini-14, but explicitly ban the same exact gun when dropped into a plastic military-looking stock. They can't get support to ban a traditional rifle, but they can get support to ban a scary-looking rifle. 

Then once they have that ban, and it doesn't lower crime at all, they can say that further bans are needed because crime is still too high. Or since they already have a banned category, they can quietly expand that category to cover more and more guns. 

So the ban will be effective, just not effective at stopping crime.",,4,0.103,2.76,0.0,0.7,6,0,,,,,,,,,,,,,,
l9nj6zj,1,Cost per square footage and less noise from neighbors. Still not worth running out locals but I definitely see benefits of Airbnb as a tourist.,"I don't see what problem people have with hotels. If I take my worst hotel experience and my best AirBnB experience, the hotel wins it easily. If you want to see what life is at these ""regular"" districts (spoiler - boring is what it is), you can just go there any time you want, I just don't see why you need to sleep there.",4,0.0,0.0,0.076,-0.7,6,0,,,,,,,,,,,,,,
l95wds4,17,No one told you? You are #2,What about #2? WHO DOES #2 WORK FOR?!,3,0.833,0.0,0.1,-0.7,6,0,,,,,,,,,,,,,,
l9pxkyq,8,"No, a combine harvester is a very different beast. I am specifically referring to small scale hay harvesting if it wasn't clear. I bushhog regularly. I'm not killing tons of small animals doing it.

I don't understand why you put scare quotes. If you don't want animals to die, why is killing mind bogglingly huge numbers not a real issue?","The original 'issue' that I responded to was using machines that kill small animals living in fields. 

Cutting grass with extra steps will also end up killing small animals that live in said fields.",3,0.083,0.0,0.188,-0.7,6,0,,,,,,,,,,,,,,
l9htq9n,15,"...and fuck greedy people in the medical/pharmaceutical field (and the politicians who support them)!  Seriously, they'll let a terminally ill patient wither away and rot while pumping them full of **expensive** drugs until their heart finally gives out.  All that suffering of the patient and their family members... but people gotta get rich, right?!?!",Fuck religion!,4,0.182,0.0,0.026,-0.7,3,0,,,,,,,,,,,,,,
lbm97so,10,How much is that being raised in a society where we hide sex and genitals as dirty and disgusting?,"Imagine you're wearing headphones at the grocery store. A stranger taps your shoulder to get your attention for a legitimate reason (you're accidentally blocking the aisle, something fell out of your cart, etc.). Would you be fine with that? Do you think most people would be fine with that?

Imagine the same situation, but this time the stranger taps your crotch to get your attention. Would you feel differently about that? Why?",4,0.263,0.0,0.037,0.0,6,0,,,,,,,,,,,,,,
l9jlw9x,16,"So what you're saying is you're white and have been dealing with british smalltown police, and that's been the source of your experience?

What makes you think your experience is the normal one, especially for minority groups, and in different nations where police care less?","I am white, in a very multicultural town.

However none of my friends get treated negatively nor do my neighbours. My neighbours get treated more unfairly by the local elderly and council then they do by the police.",4,0.222,2.22,0.222,-0.7,6,0,,,,,,,,,,,,,,
l9iyf6n,17,"Yeah, I work in neuroscience and this statement is extremely dubious. We have extremely limited knowledge of how complex thought emerges from the underlying mechanical processes of neural activity.","> Even the way your brain works is mostly ""statistical regurgitations"". You layer them all up in a network of models, and that's how you solve problems.

I'd like to request a source for this statement.",4,0.0,0.0,0.185,0.7,6,0,,,,,,,,,,,,,,
l98l9q8,14,Which aspect do you wanna learn more about?,How do I learn more about this?,3,0.625,0.0,0.536,0.0,6,0,,,,,,,,,,,,,,
lba6nbb,17,"The human being is more than just a rational being. I find answers in everyday life, in stories and novels, rather than in science or philosophy. Human nature is complex, with paradoxes like sensitivity and obtuseness, intelligence and stupidity, happiness and sadness. We're torn between goodness and badness, sincerity and cynicism, truth and lies. This messiness is what makes us human.",,4,0.0,0.0,0.0,-0.7,6,0,,,,,,,,,,,,,,
l9opmfq,8,"My brother in law went vegan for a few years, mostly to challenge himself culinarily. What he found was a lot of meat eaters who hear you are vegan instantly get defensive like you are judging them for eating meat. People who feel like their preference and lifestyle is on the wrong side of a moral argument tend to be very touchy.","For me, it’s mostly that I see this attitude in most people who are not vegetarian. Like even people who are usually chill will throw out the, “pfft I could never do that” kinds of comments or they just get very passive aggressive towards the person that is the vegetarian/vegan.

The idea behind this post is that every time I see a question on reddit of “how do you feel about vegetarians,” the top answers are always like “it’s fine as long as they don’t push it down my throat/they don’t make me change.” I just wonder if most vegetarians they come into contact with are like that? To me it seems like people just frame vegans/vegetarians as judgy but I’ve seen it be way more the other way around.",4,0.0,0.0,0.298,-0.7,6,0,,,,,,,,,,,,,,
layzol4,7,"Right but it’s not realistic to ration them now. We don’t have the technology or infrastructure for that. EVs and renewables haven’t reached critical mass. Most people can’t afford that technology yet. 

And we don’t need to ration them for the future. Because by the time you claim we’ll be needing them we’ll have fusion drives and Dyson spheres and solar sails and whatnot. We won’t be using jet fuel anymore.",I was using the analogy as an introduction. Please consider that I said “extending the argument to our current situation “,5,0.0,1.27,0.171,-0.7,6,0,,,,,,,,,,,,,,
l9pu0wl,8,"Plenty of Jews I know will not have pork in their homes, and certainly not on their cookware or plates. Not a big deal to respect it.","It's not that they don't eat meat. 

It's that they don't let others eat meat in their homes.",4,0.0,0.0,0.15,-0.7,6,0,,,,,,,,,,,,,,
laf7xrr,11,Would some vegemite make your vagina feel better?,Swing and a miss.,3,1.0,0.0,0.1,0.0,6,0,,,,,,,,,,,,,,
lb8lefu,5,"Even if you allow that the baby is a good comparison to Biden (it isn’t) yes, that’s clearly a better option than someone searching out and mowing people down with intent. 

Must be morning in Moscow. The trolls are out in full force.","I can put a baby at the wheel of an ambulance or a homicidal clown. The baby is still likely to get people hurt, indirectly, but without intent. We're all allowed to be upset at our highest level organizations that we are thrust into such a dumbass hypothetical choice and that we don't have an adult at the wheel of our ambulance.",6,0.0,0.0,0.274,0.0,6,0,,,,,,,,,,,,,,
l8tq200,4,"Well if you live in a rural area, you are choosing to pay less for where you live and more for traveling.  

I think the idea with CCL's approach is that it prevents carbon tax revenues from being used to fund medicare, the department of defense, or the post office.","That certainly sounds regressive to anyone who doesn’t live in a high pop density urban area.

Considering how expensive living in high pop density urban areas is…

The treehuggers need to decide whether climate or inequality is actually more important.

I know it seems like trying to tie the two together is beneficial in selling the cause…

But they’re two different issues, with competing motivations",4,0.2,0.0,0.286,0.0,6,0,,,,,,,,,,,,,,
l9yzbf8,4,">Any product produced in the United States and sold in another country needs to be sold at cost to a distributor in that area 

Eh, you could sell it directly from the US and benefit from FDII rates, or you can transfer it to a foreign subsidiary and sell it that way 

>So why do corporations produce in cheaper labor countries  

In addition to the actual labor savings, there’s significant US tax savings as well, since so much US IP is kept abroad. Raising the US rate increases this discrepancy even further, and incentivizes more offshoring","Any product produced in the United States and sold in another country needs to be sold at cost to a distributor in that area. Then that distributor can do the mark-up to sell to the consumers.

The income of the producer is intended to be the same whether they sold it to a distributor in America or a distributor in another country. Is it always? No, there are multiple factors to be considered.

So why do corporations produce in cheaper labor countries? Because they can sell the product cheaper to their American distributors than the internal countries distributors can afford. They still garner a profit. However the American distributor still has to pay the corporate tax rate on their profits.",4,0.103,3.09,0.565,-0.7,6,0,,,,,,,,,,,,,,
laccb67,18,"My alternative would be an entity that holds media channels accountable and ensures that active bias cannot be deliberately propagated.  

In the UK, we have OfCom, part of whose role is ""To ensure that news, in whatever form, is reported with due accuracy and presented with due impartiality."" We could argue about whether it works, but a non-political entity that exists to ensure that news channels are held accountable is a good start. 

I suppose this further refines my opinion that it is not the private ownership of media that is an issue, but private actors' ability to influence media without repercussions. That can be an issue whether the media is public or private. 

As to whether such a system is undemocratic, I don't think so. Allowing anyone to say anything is fine; allowing some people to say things MUCH LOUDER than other people, I think, is undemocratic.",">I don’t think that I need an alternative to hold that opinion though.

Unfortunately, you do - if you want to believe that private media ownership is flawed, you do need to have in mind alternative that is not flawed like that. All because if private media creates problems with democracy - it would be only the issue with private media if better alternatives exist. If there aren't any, then those flaws are not caused by private media - they are either issues with democracy itself or issues with people. Then it means that there is a problem in how democracy is affected by media - solutions will be changes to democratic process, or that people are dumb and are creating those flaws - solution will be education.

Think about it - is there any way of structuring the media that will not affect democracy negatively like that? From my point of view - no, as both lack of media and state-controlled media not only do not solve these issues, but are against the core democratic values.

This means that issue is somewhere else - and is probably divided between the people (education is less than stellar for a large part of population) and democratic process (republic like US is more easily influenced by capital). IMO a better educated population under more direct democracy would not have the same issues that you see in your original post or their influence would be negligible.",4,0.201,0.67,0.272,-0.7,6,0,,,,,,,,,,,,,,
lbhxfqv,11,yeah the only smart one in this conversation,Says the American,4,0.0,0.0,0.12,0.7,6,0,,,,,,,,,,,,,,
l9m4x1v,6,These people don't believe in the meanings of words. They aren't gonna figure out what you're saying.,"I'm aware of all of that, but as long as the murders are prosecuted and law is upheld, it's still not a civil issue because it doesn't involve governing or fair application of law.",4,0.0,0.0,0.153,0.0,6,0,,,,,,,,,,,,,,
lb4gc46,7,"> and cmv IS deleting ""DNC dissent"" posts that arent breaking any rules.

Repeated posts on the same topic are against the rules. If there are multiple posts on the same or similar topic, the rules call for the removal of duplicates. 

>everything i said in my post about being accused of ruzbot, entirely true.

The fuck is a ruzbot? 

I'm old. Talk to me like you would your grandma. 

>act accordingly.

I am.","and cmv IS deleting ""DNC dissent"" posts that arent breaking any rules.  lots of them, mine and others i have been in, disappear.



everything i said in my post about being accused of ruzbot, entirely true.  



act accordingly.",4,0.205,0.0,0.664,0.7,4,0,,,,,,,,,,,,,,
l9n5sx4,1,If only Barcelona had buildings with rooms that were professionally managed and marketed to tourists…,City that relies on tourism for its economy passes policies to reduce tourism. Big brain move.,4,0.0,0.0,0.086,0.0,6,0,,,,,,,,,,,,,,
l8kwzr9,10,That's a weird take for the guy who posted a thread looking for recommendations for softcore porn games.,Paid sex. It's the fulfilling of lust for another persons fulfillment on greed. Actual good sex is based on true bond and love,4,0.0,0.0,0.071,0.0,6,0,,,,,,,,,,,,,,
l99y3xg,3,Of what? Ireland fought for its independence and got it. This user is bailing in Mexico because life is hard.,Irish emigration is one of the most famous examples in history,4,0.25,5.0,0.133,0.0,6,0,,,,,,,,,,,,,,
lbcb7bj,5,That is some prime trolling.,repeat after me. Trump is my next president,4,0.0,0.0,0.1,0.0,6,0,,,,,,,,,,,,,,
l9g5lt9,15,"Of course. I've tried but have not gotten it right. AndI was a medic so I've seen too many botched gun jobs. I would love a safe place for it.


It would also give my mom and sisters advanced notice too.",,2,0.488,2.44,0.0,-0.7,6,1,,,,,,,,,,,,,,
l8qg2la,16,"Even if we assume that's true, they will find *your* bullets in the dead body. How is that going to resolve whether it's self-defense?",The bullets leave distinctive holes that resemble SD-shapes in the victim's body,4,0.6,0.0,0.287,0.7,6,0,,,,,,,,,,,,,,
l9dhc4l,5,"I am not from the US, so they probably didn't think much about Bush administration. And yes, quite a few of them did vote for parties like the Greens in the past before JSO.",Did they do that before JSO existed? Because your friends certainly didn't have a problem with JSO during the Bush administration.,5,0.294,2.94,0.251,-0.7,6,0,,,,,,,,,,,,,,
